customer_id,order_id,order_date,order_value,row_num,rank,dense_rank,prev_order_value,next_order_value,running_customer_total
1,1078,2022-12-31,6174.18,1,5,5,,8258.38,6174.18
1,471,2024-12-27,8258.38,2,4,4,6174.18,10875.61,14432.56
1,895,2025-07-24,10875.61,3,2,2,8258.38,8966.91,25308.17
1,3152,2025-11-12,8966.91,4,3,3,10875.61,11390.21,34275.08
1,1227,2026-04-08,11390.21,5,1,1,8966.91,,45665.29
2,1939,2022-09-08,1097.41,1,6,6,,6934.48,1097.41
2,2182,2024-08-02,6934.48,2,5,5,1097.41,12287.52,8031.89
2,1351,2025-03-23,12287.52,3,2,2,6934.48,10205.4,20319.41
2,669,2025-05-02,10205.4,4,3,3,12287.52,8181.65,30524.81
2,1508,2025-05-10,8181.65,5,4,4,10205.4,22326.95,38706.46
2,3012,2026-07-17,22326.95,6,1,1,8181.65,,61033.41
3,870,2023-05-12,7195.84,1,3,3,,19420.72,7195.84
3,1786,2023-07-15,19420.72,2,2,2,7195.84,29133.48,26616.56
3,2669,2023-11-22,29133.48,3,1,1,19420.72,1334.14,55750.04
3,1629,2024-08-18,1334.14,4,5,5,29133.48,2053.22,57084.18
3,1647,2026-07-20,2053.22,5,4,4,1334.14,,59137.4
4,936,2026-01-16,2995.68,1,3,3,,25746.62,2995.68
4,681,2026-05-04,25746.62,2,1,1,2995.68,17423.12,28742.3
4,3367,2026-06-16,17423.12,3,2,2,25746.62,,46165.42
5,371,2024-06-24,13765.58,1,1,1,,,13765.58
6,3329,2023-03-31,106.64,1,4,4,,2767.86,106.64
6,151,2024-02-08,2767.86,2,3,3,106.64,8596.89,2874.5
6,3435,2026-01-12,8596.89,3,2,2,2767.86,14081.02,11471.39
6,3092,2026-04-06,14081.02,4,1,1,8596.89,,25552.41
7,219,2023-08-06,14212.2,1,1,1,,10927.06,14212.2
7,1449,2024-06-01,10927.06,2,3,3,14212.2,13590.42,25139.26
7,643,2025-03-25,13590.42,3,2,2,10927.06,5705.44,38729.68
7,1880,2025-04-15,5705.44,4,4,4,13590.42,,44435.12
8,762,2022-12-20,11786.45,1,2,2,,481.85,11786.45
8,3128,2023-01-26,481.85,2,6,6,11786.45,2443.02,12268.3
8,1851,2023-11-23,2443.02,3,5,5,481.85,19107.45,14711.32
8,260,2024-06-14,19107.45,4,1,1,2443.02,10844.32,33818.77
8,889,2024-12-12,10844.32,5,3,3,19107.45,5642.84,44663.09
8,2210,2026-03-02,5642.84,6,4,4,10844.32,,50305.93
9,484,2023-04-10,3162.25,1,1,1,,472.21,3162.25
9,3114,2026-04-07,472.21,2,2,2,3162.25,,3634.46
10,1219,2025-05-07,13361.02,1,1,1,,6029.9,13361.02
10,3080,2025-10-20,6029.9,2,2,2,13361.02,,19390.92
11,1954,2023-11-30,8951.17,1,1,1,,,8951.17
12,840,2022-11-03,22997.8,1,1,1,,19108.06,22997.8
12,1438,2023-03-11,19108.06,2,2,2,22997.8,8420.92,42105.86
12,1333,2023-07-14,8420.92,3,3,3,19108.06,8018.26,50526.78
12,676,2024-08-14,8018.26,4,4,4,8420.92,,58545.04
13,2678,2022-09-20,4542.25,1,3,3,,13137.71,4542.25
13,2081,2025-05-30,13137.71,2,1,1,4542.25,5041.8,17679.96
13,2640,2026-07-29,5041.8,3,2,2,13137.71,898.2,22721.76
13,2408,2026-08-10,898.2,4,4,4,5041.8,,23619.96
14,1168,2023-12-06,4521.52,1,2,2,,18531.09,4521.52
14,3295,2026-05-09,18531.09,2,1,1,4521.52,,23052.61
15,3145,2023-09-23,1100.06,1,4,4,,2665.26,1100.06
15,86,2025-04-28,2665.26,2,3,3,1100.06,18306.42,3765.32
15,657,2026-02-10,18306.42,3,1,1,2665.26,8266.49,22071.74
15,3205,2026-06-10,8266.49,4,2,2,18306.42,,30338.23
16,187,2023-11-21,22788.6,1,1,1,,5233.5,22788.6
16,3102,2024-03-27,5233.5,2,3,3,22788.6,16833.32,28022.1
16,2430,2025-05-07,16833.32,3,2,2,5233.5,,44855.42
17,1033,2022-11-20,2337.36,1,2,2,,8832.97,2337.36
17,2595,2025-08-26,8832.97,2,1,1,2337.36,,11170.33
18,348,2022-12-27,12736.51,1,1,1,,542.54,12736.51
18,65,2025-08-03,542.54,2,2,2,12736.51,,13279.05
19,364,2024-02-04,1497.5,1,3,3,,16201.88,1497.5
19,2866,2025-05-30,16201.88,2,2,2,1497.5,16738.49,17699.38
19,2853,2025-12-09,16738.49,3,1,1,16201.88,,34437.87
20,3203,2025-01-08,3407.71,1,3,3,,9456.96,3407.71
20,3050,2025-11-15,9456.96,2,2,2,3407.71,25655.03,12864.67
20,807,2026-03-30,25655.03,3,1,1,9456.96,,38519.7
21,2232,2022-10-11,13678.62,1,1,1,,5588.29,13678.62
21,608,2023-03-06,5588.29,2,2,2,13678.62,,19266.91
22,861,2023-10-25,21408.47,1,1,1,,2367.85,21408.47
22,3126,2024-09-05,2367.85,2,2,2,21408.47,,23776.32
23,800,2022-08-15,149.19,1,7,7,,9486.46,149.19
23,744,2023-03-02,9486.46,2,2,2,149.19,9158.51,9635.65
23,1087,2023-06-01,9158.51,3,3,3,9486.46,1355.48,18794.16
23,1230,2023-09-14,1355.48,4,6,6,9158.51,5481.53,20149.64
23,2979,2023-11-04,5481.53,5,5,5,1355.48,9599.49,25631.17
23,2371,2024-08-09,9599.49,6,1,1,5481.53,7111.2,35230.66
23,28,2026-02-02,7111.2,7,4,4,9599.49,,42341.86
24,743,2024-07-16,20352.77,1,1,1,,2652.43,20352.77
24,1643,2026-04-22,2652.43,2,2,2,20352.77,,23005.2
25,3079,2025-06-01,11061.04,1,2,2,,20181.21,11061.04
25,20,2026-04-02,20181.21,2,1,1,11061.04,4217.32,31242.25
25,2250,2026-08-10,4217.32,3,3,3,20181.21,,35459.57
26,268,2025-10-14,7404.6,1,1,1,,,7404.6
27,257,2024-02-11,4407.76,1,4,4,,14789.78,4407.76
27,1747,2024-07-14,14789.78,2,1,1,4407.76,2596.76,19197.54
27,280,2024-11-01,2596.76,3,6,6,14789.78,13645.03,21794.3
27,1044,2025-01-12,13645.03,4,2,2,2596.76,8460.31,35439.33
27,3070,2025-06-30,8460.31,5,3,3,13645.03,3386.04,43899.64
27,726,2026-05-30,3386.04,6,5,5,8460.31,,47285.68
28,3423,2022-12-28,17117.03,1,1,1,,7565.99,17117.03
28,1691,2024-12-07,7565.99,2,2,2,17117.03,5139.79,24683.02
28,2843,2025-07-13,5139.79,3,3,3,7565.99,,29822.81
29,729,2023-03-08,23056.34,1,1,1,,8725.17,23056.34
29,302,2024-06-10,8725.17,2,2,2,23056.34,,31781.51
31,639,2023-05-12,15613.85,1,3,3,,14938.52,15613.85
31,603,2024-02-19,14938.52,2,4,4,15613.85,11452.46,30552.37
31,163,2025-09-10,11452.46,3,5,5,14938.52,16886.29,42004.83
31,139,2025-12-23,16886.29,4,2,2,11452.46,22776.35,58891.12
31,3465,2026-05-07,22776.35,5,1,1,16886.29,,81667.47
32,2315,2022-11-03,17238.22,1,4,4,,23854.66,17238.22
32,2185,2023-05-02,23854.66,2,1,1,17238.22,18273.16,41092.88
32,3193,2024-01-16,18273.16,3,3,3,23854.66,3471.36,59366.04
32,160,2025-04-19,3471.36,4,6,6,18273.16,20265.41,62837.4
32,32,2025-07-06,20265.41,5,2,2,3471.36,3755.88,83102.81
32,3397,2026-06-03,3755.88,6,5,5,20265.41,,86858.69
33,1181,2023-01-21,3687.16,1,3,3,,11783.97,3687.16
33,2525,2025-08-09,11783.97,2,1,1,3687.16,4311.68,15471.13
33,3082,2025-11-14,4311.68,3,2,2,11783.97,,19782.81
35,1829,2024-04-28,25171.76,1,1,1,,984.8,25171.76
35,3342,2025-04-20,984.8,2,3,3,25171.76,5610.28,26156.56
35,2428,2026-02-27,5610.28,3,2,2,984.8,,31766.84
36,902,2022-11-08,7838.31,1,3,3,,7174.51,7838.31
36,3233,2023-04-25,7174.51,2,4,4,7838.31,16660.67,15012.82
36,3460,2024-05-29,16660.67,3,2,2,7174.51,26952.82,31673.49
36,104,2026-02-26,26952.82,4,1,1,16660.67,,58626.31
39,1960,2023-05-02,11253.71,1,2,2,,21623.11,11253.71
39,275,2025-11-29,21623.11,2,1,1,11253.71,,32876.82
40,1203,2025-06-17,8635.37,1,1,1,,5605.84,8635.37
40,458,2025-08-16,5605.84,2,2,2,8635.37,994.62,14241.21
40,1028,2026-01-03,994.62,3,3,3,5605.84,,15235.83
41,429,2022-11-11,2071.74,1,4,4,,10326.47,2071.74
41,2113,2023-01-19,10326.47,2,3,3,2071.74,17045.29,12398.21
41,630,2023-10-03,17045.29,3,1,1,10326.47,11741.25,29443.5
41,3204,2024-10-17,11741.25,4,2,2,17045.29,,41184.75
42,2229,2022-08-17,11396.46,1,2,2,,16352.29,11396.46
42,3125,2024-04-05,16352.29,2,1,1,11396.46,6114.08,27748.75
42,167,2024-12-31,6114.08,3,3,3,16352.29,,33862.83
43,925,2024-02-10,15879.87,1,1,1,,3582.92,15879.87
43,121,2025-04-07,3582.92,2,3,3,15879.87,13032.36,19462.79
43,1854,2025-04-18,13032.36,3,2,2,3582.92,,32495.15
44,3373,2022-09-24,6287.59,1,1,1,,5920.87,6287.59
44,2683,2026-02-25,5920.87,2,2,2,6287.59,,12208.46
45,2123,2022-11-28,14502.52,1,1,1,,10793.37,14502.52
45,2399,2023-01-26,10793.37,2,2,2,14502.52,,25295.89
46,2610,2023-07-11,14050.71,1,2,2,,28903.49,14050.71
46,2347,2025-01-27,28903.49,2,1,1,14050.71,,42954.2
47,457,2024-10-07,5343.68,1,2,2,,3785.73,5343.68
47,1535,2025-07-24,3785.73,2,3,3,5343.68,23899.35,9129.41
47,2896,2025-10-12,23899.35,3,1,1,3785.73,,33028.76
48,2238,2024-06-01,17819.18,1,2,2,,5577.36,17819.18
48,2930,2026-03-24,5577.36,2,3,3,17819.18,17922.64,23396.54
48,81,2026-05-23,17922.64,3,1,1,5577.36,,41319.18
49,267,2023-07-28,2243.82,1,3,3,,6959.47,2243.82
49,2263,2024-08-24,6959.47,2,2,2,2243.82,10785.07,9203.29
49,1538,2025-10-17,10785.07,3,1,1,6959.47,,19988.36
50,390,2023-03-27,26102.29,1,2,2,,26159.5,26102.29
50,3424,2023-08-14,26159.5,2,1,1,26102.29,16389.62,52261.79
50,324,2025-11-05,16389.62,3,3,3,26159.5,3993.78,68651.41
50,1564,2026-01-01,3993.78,4,4,4,16389.62,,72645.19
51,3156,2022-09-22,8453.56,1,2,2,,18333.02,8453.56
51,2483,2023-08-14,18333.02,2,1,1,8453.56,7390.43,26786.58
51,2045,2024-05-11,7390.43,3,3,3,18333.02,3532.05,34177.01
51,3386,2025-12-07,3532.05,4,4,4,7390.43,,37709.06
52,416,2023-03-17,4378.4,1,1,1,,1896.8,4378.4
52,2915,2023-07-13,1896.8,2,3,3,4378.4,747.99,6275.2
52,1475,2024-03-02,747.99,3,4,4,1896.8,2293.16,7023.19
52,502,2026-01-26,2293.16,4,2,2,747.99,,9316.35
53,959,2024-01-10,91.8,1,2,2,,7635.21,91.8
53,2806,2024-12-13,7635.21,2,1,1,91.8,,7727.01
54,3218,2025-01-15,12810.99,1,2,2,,13583.14,12810.99
54,1286,2026-01-25,13583.14,2,1,1,12810.99,,26394.13
55,2164,2024-04-02,13725.7,1,2,2,,12715.09,13725.7
55,685,2024-04-15,12715.09,2,3,3,13725.7,14948.8,26440.79
55,3302,2025-01-22,14948.8,3,1,1,12715.09,,41389.59
56,2500,2023-03-27,11621.92,1,1,1,,3753.27,11621.92
56,1742,2024-08-04,3753.27,2,3,3,11621.92,5303.2,15375.19
56,1324,2025-11-20,5303.2,3,2,2,3753.27,,20678.39
57,2839,2023-02-25,4513.4,1,4,4,,20415.54,4513.4
57,776,2024-01-12,20415.54,2,1,1,4513.4,838.18,24928.94
57,1460,2024-05-30,838.18,3,7,7,20415.54,10834.7,25767.12
57,1083,2024-08-28,10834.7,4,2,2,838.18,2642.92,36601.82
57,465,2024-11-12,2642.92,5,6,6,10834.7,3260.17,39244.74
57,159,2025-11-09,3260.17,6,5,5,2642.92,6465.99,42504.91
57,1748,2026-07-13,6465.99,7,3,3,3260.17,,48970.9
58,1983,2025-07-07,5358.36,1,1,1,,,5358.36
59,2393,2022-12-12,2221.56,1,2,2,,10219.55,2221.56
59,1730,2024-03-16,10219.55,2,1,1,2221.56,,12441.11
60,2438,2023-12-29,3949.8,1,3,3,,16446.1,3949.8
60,1317,2024-05-01,16446.1,2,1,1,3949.8,6193.06,20395.9
60,536,2025-01-28,6193.06,3,2,2,16446.1,,26588.96
61,394,2023-10-30,5141.02,1,2,2,,8889.04,5141.02
61,3299,2024-10-19,8889.04,2,1,1,5141.02,,14030.06
62,85,2026-03-06,448.64,1,1,1,,,448.64
63,2589,2022-11-05,11541.49,1,1,1,,7272.67,11541.49
63,719,2025-09-05,7272.67,2,2,2,11541.49,3145.15,18814.16
63,102,2025-09-23,3145.15,3,3,3,7272.67,,21959.31
64,1641,2023-03-23,17901.47,1,1,1,,8131.13,17901.47
64,2903,2024-09-25,8131.13,2,2,2,17901.47,,26032.6
65,1982,2023-02-13,4623.84,1,2,2,,27578.24,4623.84
65,1367,2024-06-15,27578.24,2,1,1,4623.84,3903.46,32202.08
65,758,2025-08-11,3903.46,3,3,3,27578.24,,36105.54
66,3055,2023-08-03,17258.35,1,3,3,,607.68,17258.35
66,3191,2023-11-26,607.68,2,5,5,17258.35,18430.03,17866.03
66,1103,2024-10-19,18430.03,3,2,2,607.68,10416.46,36296.06
66,1205,2024-11-15,10416.46,4,4,4,18430.03,21244.8,46712.52
66,1598,2025-02-20,21244.8,5,1,1,10416.46,,67957.32
67,1785,2024-06-09,6549.46,1,2,2,,3849.09,6549.46
67,2030,2025-02-17,3849.09,2,3,3,6549.46,11014.78,10398.55
67,276,2025-04-18,11014.78,3,1,1,3849.09,3823.01,21413.33
67,991,2026-02-25,3823.01,4,4,4,11014.78,,25236.34
68,1952,2022-10-26,16444.64,1,1,1,,8689.9,16444.64
68,1479,2024-08-29,8689.9,2,2,2,16444.64,2654.33,25134.54
68,928,2025-03-21,2654.33,3,3,3,8689.9,,27788.87
69,837,2022-10-24,9364.82,1,2,2,,6080.44,9364.82
69,1665,2023-10-07,6080.44,2,6,6,9364.82,9284.85,15445.26
69,792,2024-07-03,9284.85,3,3,3,6080.44,6975.68,24730.11
69,5,2024-07-08,6975.68,4,5,5,9284.85,7222.85,31705.79
69,2193,2025-04-27,7222.85,5,4,4,6975.68,15778.96,38928.64
69,747,2025-07-19,15778.96,6,1,1,7222.85,,54707.6
70,2140,2024-03-18,12072.74,1,2,2,,22777.17,12072.74
70,3086,2025-06-03,22777.17,2,1,1,12072.74,,34849.91
71,2037,2025-07-20,105.86,1,1,1,,,105.86
72,3380,2023-05-10,19203.53,1,1,1,,3490.83,19203.53
72,2760,2023-12-24,3490.83,2,3,3,19203.53,8920.93,22694.36
72,1248,2024-08-22,8920.93,3,2,2,3490.83,,31615.29
73,2227,2023-03-29,15007.04,1,1,1,,5717.56,15007.04
73,375,2023-08-07,5717.56,2,2,2,15007.04,,20724.6
74,1916,2022-10-15,16200.84,1,3,3,,10223.68,16200.84
74,735,2023-05-14,10223.68,2,5,5,16200.84,15147.04,26424.52
74,1285,2023-06-29,15147.04,3,4,4,10223.68,26589.46,41571.56
74,2497,2025-06-08,26589.46,4,1,1,15147.04,6252.09,68161.02
74,994,2025-06-19,6252.09,5,6,6,26589.46,20050.72,74413.11
74,392,2026-02-23,20050.72,6,2,2,6252.09,,94463.83
75,3260,2023-01-04,8068.37,1,2,2,,20123.14,8068.37
75,2653,2024-07-27,20123.14,2,1,1,8068.37,3776.78,28191.51
75,720,2024-09-25,3776.78,3,3,3,20123.14,,31968.29
76,2416,2024-05-23,6742.7,1,3,3,,10895.37,6742.7
76,853,2026-07-09,10895.37,2,2,2,6742.7,10945.6,17638.07
76,2788,2026-07-10,10945.6,3,1,1,10895.37,,28583.67
77,1853,2022-11-03,15788.9,1,1,1,,6375.7,15788.9
77,69,2024-03-01,6375.7,2,4,4,15788.9,2886.88,22164.6
77,1780,2024-09-12,2886.88,3,5,5,6375.7,13816.47,25051.48
77,710,2025-07-16,13816.47,4,3,3,2886.88,15111.22,38867.95
77,3433,2025-09-28,15111.22,5,2,2,13816.47,,53979.17
79,2427,2023-08-05,3402.9,1,2,2,,6878.58,3402.9
79,971,2025-12-19,6878.58,2,1,1,3402.9,,10281.48
80,18,2022-09-08,14268.0,1,1,1,,,14268.0
81,485,2022-09-07,12890.78,1,1,1,,231.38,12890.78
81,2572,2023-06-10,231.38,2,5,5,12890.78,8855.77,13122.16
81,1990,2023-07-07,8855.77,3,3,3,231.38,3224.64,21977.93
81,1525,2025-01-17,3224.64,4,4,4,8855.77,10865.42,25202.57
81,497,2025-04-08,10865.42,5,2,2,3224.64,,36067.99
82,72,2025-08-29,14374.8,1,1,1,,241.27,14374.8
82,868,2025-12-15,241.27,2,2,2,14374.8,,14616.07
83,2150,2023-07-18,1363.63,1,2,2,,10231.36,1363.63
83,688,2024-12-23,10231.36,2,1,1,1363.63,,11594.99
84,409,2024-10-30,15828.9,1,1,1,,5405.1,15828.9
84,601,2025-07-12,5405.1,2,3,3,15828.9,10095.68,21234.0
84,1011,2026-01-25,10095.68,3,2,2,5405.1,,31329.68
85,2061,2023-11-20,10885.52,1,3,3,,11017.8,10885.52
85,2582,2024-04-13,11017.8,2,2,2,10885.52,22779.3,21903.32
85,662,2025-03-16,22779.3,3,1,1,11017.8,3593.63,44682.62
85,645,2025-07-13,3593.63,4,4,4,22779.3,,48276.25
86,282,2023-12-19,2712.75,1,5,5,,8282.93,2712.75
86,3416,2025-06-06,8282.93,2,4,4,2712.75,24168.35,10995.68
86,385,2025-10-01,24168.35,3,1,1,8282.93,18324.23,35164.03
86,987,2026-02-22,18324.23,4,2,2,24168.35,14137.01,53488.26
86,2149,2026-05-25,14137.01,5,3,3,18324.23,,67625.27
87,897,2024-11-05,24524.72,1,1,1,,,24524.72
88,2080,2025-04-09,16783.11,1,2,2,,8932.72,16783.11
88,2126,2025-09-03,8932.72,2,3,3,16783.11,23607.0,25715.83
88,1202,2025-12-07,23607.0,3,1,1,8932.72,,49322.83
89,847,2025-06-11,4987.47,1,2,2,,12542.56,4987.47
89,1193,2025-07-31,12542.56,2,1,1,4987.47,,17530.03
90,2231,2022-10-17,10183.28,1,2,2,,12116.07,10183.28
90,1612,2023-07-03,12116.07,2,1,1,10183.28,,22299.35
91,890,2022-11-18,3144.56,1,3,3,,17318.64,3144.56
91,1153,2024-12-26,17318.64,2,1,1,3144.56,6172.73,20463.2
91,2827,2025-02-23,6172.73,3,2,2,17318.64,,26635.93
92,1147,2023-02-08,22139.89,1,2,2,,28041.01,22139.89
92,1922,2024-07-22,28041.01,2,1,1,22139.89,19210.12,50180.9
92,472,2026-07-19,19210.12,3,3,3,28041.01,,69391.02
93,3192,2023-02-03,9142.34,1,3,3,,9401.51,9142.34
93,1323,2025-02-21,9401.51,2,1,1,9142.34,9379.53,18543.85
93,933,2025-04-17,9379.53,3,2,2,9401.51,,27923.38
94,1910,2022-10-06,4469.79,1,2,2,,17558.76,4469.79
94,1140,2023-06-17,17558.76,2,1,1,4469.79,,22028.55
96,1821,2022-08-15,9991.58,1,3,3,,5086.65,9991.58
96,3208,2022-09-10,5086.65,2,4,4,9991.58,23249.98,15078.23
96,1997,2023-02-13,23249.98,3,1,1,5086.65,13670.81,38328.21
96,2548,2025-06-28,13670.81,4,2,2,23249.98,,51999.02
97,1258,2024-10-07,10787.25,1,1,1,,,10787.25
98,2531,2025-01-17,5385.54,1,3,3,,17359.98,5385.54
98,2017,2025-03-18,17359.98,2,1,1,5385.54,14761.65,22745.52
98,3056,2025-04-12,14761.65,3,2,2,17359.98,,37507.17
99,3364,2024-06-17,2045.06,1,4,4,,21382.29,2045.06
99,66,2025-02-12,21382.29,2,1,1,2045.06,3249.32,23427.35
99,2014,2025-12-20,3249.32,3,2,2,21382.29,2372.68,26676.67
99,2694,2026-06-18,2372.68,4,3,3,3249.32,,29049.35
100,3005,2023-05-01,4046.0,1,1,1,,,4046.0
101,2485,2022-10-12,9883.34,1,3,3,,17510.39,9883.34
101,3016,2024-02-26,17510.39,2,2,2,9883.34,17870.08,27393.73
101,165,2025-03-12,17870.08,3,1,1,17510.39,,45263.81
102,2787,2024-01-20,28139.47,1,1,1,,3507.7,28139.47
102,1516,2024-01-25,3507.7,2,3,3,28139.47,21400.03,31647.17
102,2224,2026-05-26,21400.03,3,2,2,3507.7,,53047.2
103,2677,2023-07-24,4481.74,1,2,2,,13093.37,4481.74
103,1846,2024-11-18,13093.37,2,1,1,4481.74,,17575.11
104,583,2023-04-03,7734.73,1,2,2,,2157.72,7734.73
104,2072,2024-02-23,2157.72,2,3,3,7734.73,26738.34,9892.45
104,2243,2025-12-31,26738.34,3,1,1,2157.72,,36630.79
105,1228,2026-06-01,11994.16,1,1,1,,11473.41,11994.16
105,2091,2026-06-25,11473.41,2,2,2,11994.16,,23467.57
106,3355,2023-02-02,12645.93,1,1,1,,8932.24,12645.93
106,881,2024-03-04,8932.24,2,2,2,12645.93,8623.86,21578.17
106,812,2025-03-11,8623.86,3,3,3,8932.24,712.96,30202.03
106,3384,2025-09-05,712.96,4,4,4,8623.86,,30914.99
107,2360,2023-10-14,16663.62,1,1,1,,,16663.62
108,3076,2023-01-06,5246.98,1,1,1,,1351.04,5246.98
108,189,2023-11-19,1351.04,2,2,2,5246.98,,6598.02
109,1760,2023-10-14,5517.36,1,2,2,,7122.25,5517.36
109,2884,2025-03-01,7122.25,2,1,1,5517.36,,12639.61
110,2383,2025-06-20,4888.22,1,1,1,,2209.8,4888.22
110,1237,2025-12-17,2209.8,2,2,2,4888.22,,7098.02
111,500,2024-04-02,3171.94,1,2,2,,11069.72,3171.94
111,1435,2024-06-18,11069.72,2,1,1,3171.94,,14241.66
112,3394,2023-11-15,18726.98,1,1,1,,3569.28,18726.98
112,1503,2025-10-05,3569.28,2,3,3,18726.98,11468.61,22296.26
112,2156,2026-05-24,11468.61,3,2,2,3569.28,,33764.87
113,2398,2022-12-07,19570.66,1,1,1,,2338.86,19570.66
113,1622,2023-02-06,2338.86,2,3,3,19570.66,2804.92,21909.52
113,1379,2026-03-26,2804.92,3,2,2,2338.86,,24714.44
114,1409,2023-07-04,9638.69,1,1,1,,3342.5,9638.69
114,1045,2025-03-07,3342.5,2,2,2,9638.69,,12981.19
115,2833,2023-11-26,5980.78,1,2,2,,14543.04,5980.78
115,541,2026-04-10,14543.04,2,1,1,5980.78,,20523.82
116,2306,2023-07-08,21855.4,1,1,1,,12330.07,21855.4
116,818,2025-05-30,12330.07,2,2,2,21855.4,1237.88,34185.47
116,3395,2026-04-18,1237.88,3,3,3,12330.07,,35423.35
117,1735,2023-05-24,1967.55,1,4,4,,1719.03,1967.55
117,2131,2024-05-21,1719.03,2,5,5,1967.55,24.45,3686.58
117,935,2024-09-13,24.45,3,6,6,1719.03,27835.44,3711.03
117,2344,2025-09-28,27835.44,4,1,1,24.45,2600.04,31546.47
117,2751,2025-11-12,2600.04,5,3,3,27835.44,4600.04,34146.51
117,59,2026-03-01,4600.04,6,2,2,2600.04,,38746.55
118,3101,2023-02-11,5422.13,1,2,2,,14288.82,5422.13
118,3282,2024-11-25,14288.82,2,1,1,5422.13,,19710.95
119,1849,2024-01-09,21765.62,1,1,1,,12432.35,21765.62
119,3170,2024-01-22,12432.35,2,3,3,21765.62,18516.82,34197.97
119,3026,2024-05-30,18516.82,3,2,2,12432.35,2598.98,52714.79
119,1537,2025-02-23,2598.98,4,5,5,18516.82,4904.08,55313.77
119,3315,2025-11-16,4904.08,5,4,4,2598.98,,60217.85
120,1001,2023-04-08,13666.47,1,3,3,,19103.07,13666.47
120,2082,2023-06-29,19103.07,2,2,2,13666.47,19612.69,32769.54
120,2512,2024-09-23,19612.69,3,1,1,19103.07,6285.96,52382.23
120,2983,2026-04-01,6285.96,4,4,4,19612.69,,58668.19
121,3116,2023-11-23,6291.32,1,1,1,,,6291.32
122,838,2023-05-24,12195.1,1,1,1,,2055.94,12195.1
122,186,2026-05-24,2055.94,2,2,2,12195.1,,14251.04
123,208,2023-01-03,17432.9,1,2,2,,18410.0,17432.9
123,2949,2023-02-01,18410.0,2,1,1,17432.9,8219.03,35842.9
123,2553,2024-04-24,8219.03,3,3,3,18410.0,,44061.93
124,1095,2025-11-26,9237.78,1,2,2,,12544.76,9237.78
124,3361,2026-02-15,12544.76,2,1,1,9237.78,,21782.54
125,2124,2026-06-02,5799.9,1,2,2,,15007.41,5799.9
125,1216,2026-07-08,15007.41,2,1,1,5799.9,,20807.31
126,3402,2022-12-28,25441.32,1,1,1,,8736.44,25441.32
126,2778,2023-03-21,8736.44,2,3,3,25441.32,13165.25,34177.76
126,507,2023-04-02,13165.25,3,2,2,8736.44,,47343.01
127,2925,2023-01-10,12933.71,1,1,1,,6105.0,12933.71
127,976,2024-12-11,6105.0,2,2,2,12933.71,,19038.71
128,1292,2024-01-23,11642.02,1,4,4,,17485.19,11642.02
128,1558,2024-09-01,17485.19,2,2,2,11642.02,17602.25,29127.21
128,79,2024-09-11,17602.25,3,1,1,17485.19,2694.55,46729.46
128,2197,2025-01-24,2694.55,4,5,5,17602.25,14545.56,49424.01
128,1274,2025-02-12,14545.56,5,3,3,2694.55,,63969.57
129,1331,2022-11-13,11778.26,1,2,2,,6112.47,11778.26
129,3238,2023-06-19,6112.47,2,3,3,11778.26,14696.88,17890.73
129,2724,2026-03-15,14696.88,3,1,1,6112.47,,32587.61
130,303,2023-11-03,2050.65,1,3,3,,23566.52,2050.65
130,1704,2024-02-07,23566.52,2,1,1,2050.65,8277.16,25617.17
130,751,2025-12-29,8277.16,3,2,2,23566.52,,33894.33
131,675,2023-01-26,9915.96,1,3,3,,12056.78,9915.96
131,1527,2024-01-06,12056.78,2,2,2,9915.96,17124.0,21972.74
131,674,2024-10-26,17124.0,3,1,1,12056.78,,39096.74
132,1633,2024-11-14,22927.48,1,1,1,,300.06,22927.48
132,998,2025-05-08,300.06,2,4,4,22927.48,17589.64,23227.54
132,80,2026-07-22,17589.64,3,2,2,300.06,6355.65,40817.18
132,850,2026-08-10,6355.65,4,3,3,17589.64,,47172.83
133,1807,2025-05-20,22773.46,1,1,1,,,22773.46
134,682,2023-08-26,6596.25,1,2,2,,10146.11,6596.25
134,173,2023-09-08,10146.11,2,1,1,6596.25,5339.6,16742.36
134,3277,2024-10-01,5339.6,3,3,3,10146.11,,22081.96
135,2257,2024-02-17,14584.65,1,3,3,,25776.0,14584.65
135,644,2024-09-09,25776.0,2,1,1,14584.65,15106.35,40360.65
135,3062,2026-02-19,15106.35,3,2,2,25776.0,7261.3,55467.0
135,3401,2026-05-16,7261.3,4,4,4,15106.35,,62728.3
136,3185,2025-02-15,9495.36,1,1,1,,,9495.36
137,2585,2023-12-16,10595.22,1,2,2,,14989.38,10595.22
137,2591,2025-06-10,14989.38,2,1,1,10595.22,,25584.6
138,1975,2024-01-16,16697.65,1,2,2,,17239.0,16697.65
138,1341,2026-01-19,17239.0,2,1,1,16697.65,,33936.65
139,96,2022-11-08,6002.6,1,2,2,,14014.01,6002.6
139,874,2024-02-20,14014.01,2,1,1,6002.6,4422.15,20016.61
139,2944,2024-05-29,4422.15,3,3,3,14014.01,,24438.76
143,190,2023-07-20,16233.72,1,2,2,,20575.69,16233.72
143,2447,2024-07-21,20575.69,2,1,1,16233.72,,36809.41
144,1070,2023-05-08,11161.28,1,1,1,,9244.88,11161.28
144,3094,2024-12-06,9244.88,2,2,2,11161.28,1853.65,20406.16
144,1104,2025-06-26,1853.65,3,4,4,9244.88,5055.73,22259.81
144,2019,2025-11-30,5055.73,4,3,3,1853.65,,27315.54
145,1755,2023-12-25,26085.69,1,1,1,,10656.62,26085.69
145,1940,2024-08-25,10656.62,2,3,3,26085.69,5755.55,36742.31
145,2707,2025-01-28,5755.55,3,5,5,10656.62,7008.8,42497.86
145,539,2026-01-03,7008.8,4,4,4,5755.55,17543.45,49506.66
145,919,2026-03-19,17543.45,5,2,2,7008.8,,67050.11
146,2112,2022-10-16,16284.58,1,1,1,,1170.51,16284.58
146,1642,2024-11-11,1170.51,2,2,2,16284.58,,17455.09
147,2722,2025-01-19,15704.56,1,1,1,,7709.26,15704.56
147,150,2026-07-30,7709.26,2,2,2,15704.56,1053.3,23413.82
147,1145,2026-08-10,1053.3,3,3,3,7709.26,,24467.12
148,635,2023-06-21,562.64,1,6,6,,4342.1,562.64
148,2544,2024-08-23,4342.1,2,5,5,562.64,8579.69,4904.74
148,2075,2024-11-25,8579.69,3,3,3,4342.1,29199.76,13484.43
148,2906,2025-03-19,29199.76,4,1,1,8579.69,10211.68,42684.19
148,775,2026-06-27,10211.68,5,2,2,29199.76,4784.93,52895.87
148,1102,2026-08-06,4784.93,6,4,4,10211.68,,57680.8
149,2055,2024-09-24,26158.38,1,1,1,,11212.66,26158.38
149,1648,2025-12-30,11212.66,2,2,2,26158.38,,37371.04
150,1043,2023-04-24,587.97,1,1,1,,,587.97
151,2125,2023-08-10,6074.72,1,2,2,,12088.93,6074.72
151,2345,2026-08-07,12088.93,2,1,1,6074.72,,18163.65
152,454,2024-04-01,24762.53,1,1,1,,155.89,24762.53
152,41,2025-05-01,155.89,2,3,3,24762.53,6046.5,24918.42
152,1876,2025-07-26,6046.5,3,2,2,155.89,,30964.92
153,2040,2023-03-20,18920.7,1,3,3,,36988.51,18920.7
153,793,2023-11-01,36988.51,2,1,1,18920.7,24602.8,55909.21
153,3303,2024-09-23,24602.8,3,2,2,36988.51,6803.01,80512.01
153,120,2025-01-11,6803.01,4,4,4,24602.8,,87315.02
154,1878,2026-06-02,261.8,1,1,1,,,261.8
155,1563,2026-03-24,12666.12,1,1,1,,,12666.12
156,24,2023-08-15,7945.09,1,4,4,,7252.65,7945.09
156,2501,2024-03-11,7252.65,2,5,5,7945.09,1511.51,15197.74
156,2293,2024-04-18,1511.51,3,6,6,7252.65,10602.88,16709.25
156,35,2024-12-13,10602.88,4,3,3,1511.51,12177.82,27312.13
156,377,2025-07-09,12177.82,5,2,2,10602.88,33396.06,39489.95
156,828,2026-05-11,33396.06,6,1,1,12177.82,,72886.01
157,2933,2024-03-01,9417.88,1,3,3,,3247.33,9417.88
157,1656,2024-11-12,3247.33,2,4,4,9417.88,19952.68,12665.21
157,2774,2024-11-17,19952.68,3,1,1,3247.33,13654.26,32617.89
157,3314,2026-03-26,13654.26,4,2,2,19952.68,,46272.15
158,462,2024-08-31,10481.6,1,2,2,,6960.22,10481.6
158,2922,2024-11-21,6960.22,2,4,4,10481.6,9413.09,17441.82
158,1010,2025-12-09,9413.09,3,3,3,6960.22,2451.14,26854.91
158,452,2026-05-13,2451.14,4,5,5,9413.09,13264.39,29306.05
158,1178,2026-06-13,13264.39,5,1,1,2451.14,135.42,42570.44
158,926,2026-07-20,135.42,6,6,6,13264.39,,42705.86
159,1116,2023-12-06,530.16,1,2,2,,16912.14,530.16
159,3300,2026-04-11,16912.14,2,1,1,530.16,,17442.3
160,2742,2022-10-24,12176.84,1,4,4,,11972.3,12176.84
160,1049,2023-02-07,11972.3,2,5,5,12176.84,17705.0,24149.14
160,1141,2023-06-05,17705.0,3,3,3,11972.3,23487.8,41854.14
160,58,2025-05-02,23487.8,4,1,1,17705.0,22093.66,65341.94
160,2541,2025-07-15,22093.66,5,2,2,23487.8,,87435.6
161,1071,2023-01-31,20091.29,1,1,1,,7088.48,20091.29
161,2637,2024-11-03,7088.48,2,2,2,20091.29,3603.84,27179.77
161,444,2025-06-04,3603.84,3,3,3,7088.48,,30783.61
162,2482,2023-04-17,10269.6,1,3,3,,6585.11,10269.6
162,732,2023-12-25,6585.11,2,5,5,10269.6,17061.87,16854.71
162,529,2024-01-03,17061.87,3,1,1,6585.11,12509.41,33916.58
162,441,2024-04-04,12509.41,4,2,2,17061.87,9004.24,46425.99
162,1521,2024-07-15,9004.24,5,4,4,12509.41,1765.6,55430.23
162,499,2026-05-05,1765.6,6,6,6,9004.24,,57195.83
163,2281,2023-05-24,9654.38,1,3,3,,12888.62,9654.38
163,1370,2024-01-26,12888.62,2,1,1,9654.38,12484.0,22543.0
163,1925,2026-04-22,12484.0,3,2,2,12888.62,,35027.0
165,1586,2023-05-09,9391.62,1,1,1,,2219.49,9391.62
165,2220,2023-12-31,2219.49,2,2,2,9391.62,,11611.11
166,2696,2025-05-07,2502.99,1,3,3,,7429.94,2502.99
166,3096,2025-11-08,7429.94,2,2,2,2502.99,14882.73,9932.93
166,572,2026-05-08,14882.73,3,1,1,7429.94,,24815.66
167,558,2023-04-12,2426.24,1,3,3,,698.58,2426.24
167,2992,2023-05-15,698.58,2,4,4,2426.24,3558.39,3124.82
167,1716,2025-02-17,3558.39,3,2,2,698.58,13188.29,6683.21
167,2074,2025-11-04,13188.29,4,1,1,3558.39,,19871.5
168,1645,2022-08-28,26478.72,1,2,2,,2504.92,26478.72
168,3469,2024-02-24,2504.92,2,5,5,26478.72,13931.58,28983.64
168,2727,2025-01-29,13931.58,3,4,4,2504.92,29739.45,42915.22
168,596,2025-03-18,29739.45,4,1,1,13931.58,14588.2,72654.67
168,2835,2025-10-09,14588.2,5,3,3,29739.45,,87242.87
170,3350,2023-04-16,8404.2,1,2,2,,18521.85,8404.2
170,1408,2024-12-03,18521.85,2,1,1,8404.2,3670.66,26926.05
170,1961,2026-02-27,3670.66,3,3,3,18521.85,,30596.71
171,1350,2024-04-06,429.7,1,3,3,,9723.78,429.7
171,1908,2024-07-07,9723.78,2,1,1,429.7,8373.87,10153.48
171,258,2026-05-07,8373.87,3,2,2,9723.78,,18527.35
172,1476,2022-09-30,9112.88,1,1,1,,314.48,9112.88
172,3235,2023-11-18,314.48,2,3,3,9112.88,7013.58,9427.36
172,2385,2026-01-17,7013.58,3,2,2,314.48,,16440.94
173,1451,2023-05-16,6790.48,1,2,2,,17905.77,6790.48
173,427,2023-09-10,17905.77,2,1,1,6790.48,,24696.25
174,680,2022-10-14,12560.96,1,2,2,,6775.84,12560.96
174,3061,2022-10-31,6775.84,2,3,3,12560.96,19832.06,19336.8
174,1215,2026-01-07,19832.06,3,1,1,6775.84,,39168.86
175,3131,2024-09-10,14192.3,1,1,1,,8931.93,14192.3
175,557,2026-07-04,8931.93,2,2,2,14192.3,,23124.23
176,183,2022-09-04,10930.68,1,2,2,,12126.16,10930.68
176,176,2024-07-05,12126.16,2,1,1,10930.68,10592.13,23056.84
176,1589,2025-08-02,10592.13,3,3,3,12126.16,1596.56,33648.97
176,205,2026-07-18,1596.56,4,4,4,10592.13,,35245.53
177,1644,2024-06-15,14559.04,1,1,1,,,14559.04
178,2703,2022-11-21,632.77,1,5,5,,5698.35,632.77
178,1198,2024-01-08,5698.35,2,4,4,632.77,26089.21,6331.12
178,534,2025-05-19,26089.21,3,1,1,5698.35,16099.45,32420.33
178,509,2025-05-26,16099.45,4,2,2,26089.21,6565.7,48519.78
178,321,2025-11-24,6565.7,5,3,3,16099.45,,55085.48
179,455,2023-08-04,18862.92,1,1,1,,10854.44,18862.92
179,830,2023-10-16,10854.44,2,2,2,18862.92,,29717.36
180,343,2024-06-08,7730.68,1,1,1,,5846.8,7730.68
180,923,2025-01-19,5846.8,2,2,2,7730.68,,13577.48
182,384,2023-01-31,4997.52,1,2,2,,19297.12,4997.52
182,2009,2026-07-17,19297.12,2,1,1,4997.52,,24294.64
183,2025,2022-08-19,17913.8,1,1,1,,15307.32,17913.8
183,218,2023-09-02,15307.32,2,2,2,17913.8,,33221.12
184,1263,2025-12-29,5710.56,1,1,1,,,5710.56
186,1856,2022-12-28,14541.88,1,2,2,,5275.72,14541.88
186,3472,2024-03-03,5275.72,2,3,3,14541.88,20401.21,19817.6
186,249,2025-09-18,20401.21,3,1,1,5275.72,,40218.81
187,1909,2022-09-04,7250.45,1,2,2,,14262.99,7250.45
187,1690,2023-12-09,14262.99,2,1,1,7250.45,,21513.44
188,381,2025-09-14,3305.7,1,1,1,,,3305.7
189,399,2023-01-29,15699.69,1,1,1,,11077.07,15699.69
189,1327,2023-12-31,11077.07,2,3,3,15699.69,2608.59,26776.76
189,576,2024-06-28,2608.59,3,5,5,11077.07,10091.02,29385.35
189,2709,2025-01-04,10091.02,4,4,4,2608.59,15009.05,39476.37
189,2034,2025-12-22,15009.05,5,2,2,10091.02,,54485.42
190,3143,2022-11-04,7311.52,1,1,1,,1896.6,7311.52
190,3310,2025-04-26,1896.6,2,2,2,7311.52,,9208.12
191,1705,2023-07-16,12418.5,1,1,1,,1729.3,12418.5
191,2136,2023-12-28,1729.3,2,6,6,12418.5,11675.97,14147.8
191,2577,2024-07-01,11675.97,3,3,3,1729.3,5298.69,25823.77
191,2746,2025-04-28,5298.69,4,5,5,11675.97,11963.93,31122.46
191,3224,2025-06-23,11963.93,5,2,2,5298.69,8363.65,43086.39
191,1099,2026-04-25,8363.65,6,4,4,11963.93,,51450.04
192,1160,2023-12-17,17160.04,1,1,1,,11197.12,17160.04
192,204,2025-01-12,11197.12,2,3,3,17160.04,15234.3,28357.16
192,656,2025-09-25,15234.3,3,2,2,11197.12,,43591.46
193,503,2022-09-24,21526.36,1,1,1,,3909.04,21526.36
193,1268,2022-11-28,3909.04,2,5,5,21526.36,20720.32,25435.4
193,2028,2025-08-11,20720.32,3,2,2,3909.04,11950.85,46155.72
193,2764,2026-03-14,11950.85,4,4,4,20720.32,12464.99,58106.57
193,477,2026-07-12,12464.99,5,3,3,11950.85,,70571.56
194,2109,2026-05-23,664.2,1,1,1,,,664.2
195,158,2024-05-11,5252.4,1,4,4,,17524.36,5252.4
195,550,2024-06-08,17524.36,2,2,2,5252.4,30830.1,22776.76
195,2781,2024-10-22,30830.1,3,1,1,17524.36,16103.98,53606.86
195,2935,2025-02-10,16103.98,4,3,3,30830.1,3524.72,69710.84
195,2570,2025-11-13,3524.72,5,5,5,16103.98,,73235.56
196,2090,2026-03-12,5621.89,1,2,2,,9181.02,5621.89
196,1126,2026-05-22,9181.02,2,1,1,5621.89,,14802.91
197,2674,2024-12-25,19524.89,1,1,1,,2275.53,19524.89
197,2971,2025-09-26,2275.53,2,3,3,19524.89,8277.28,21800.42
197,3160,2026-03-02,8277.28,3,2,2,2275.53,,30077.7
198,101,2022-10-12,10136.23,1,5,5,,3855.6,10136.23
198,2820,2023-12-07,3855.6,2,6,6,10136.23,18188.54,13991.83
198,147,2024-11-16,18188.54,3,2,2,3855.6,19671.99,32180.37
198,3254,2025-04-06,19671.99,4,1,1,18188.54,15295.95,51852.36
198,2234,2025-09-22,15295.95,5,3,3,19671.99,11847.03,67148.31
198,629,2026-07-17,11847.03,6,4,4,15295.95,,78995.34
199,1996,2022-11-16,5011.25,1,4,4,,9502.11,5011.25
199,327,2024-12-25,9502.11,2,3,3,5011.25,2339.96,14513.36
199,19,2025-03-29,2339.96,3,5,5,9502.11,16420.71,16853.32
199,1924,2025-06-28,16420.71,4,2,2,2339.96,21688.11,33274.03
199,2642,2025-10-27,21688.11,5,1,1,16420.71,,54962.14
200,450,2023-11-07,11408.74,1,3,3,,12473.04,11408.74
200,820,2024-07-14,12473.04,2,2,2,11408.74,1966.9,23881.78
200,331,2025-05-19,1966.9,3,4,4,12473.04,40136.57,25848.68
200,2333,2025-08-08,40136.57,4,1,1,1966.9,,65985.25
201,1291,2025-12-15,2194.0,1,1,1,,,2194.0
202,1363,2025-06-30,2447.81,1,2,2,,1108.45,2447.81
202,2950,2025-11-04,1108.45,2,3,3,2447.81,22398.68,3556.26
202,2192,2025-12-26,22398.68,3,1,1,1108.45,,25954.94
204,3430,2024-01-03,4007.82,1,2,2,,15815.56,4007.82
204,3229,2026-01-21,15815.56,2,1,1,4007.82,,19823.38
206,3090,2023-09-20,7230.23,1,2,2,,7297.17,7230.23
206,2540,2024-01-18,7297.17,2,1,1,7230.23,5757.76,14527.4
206,3473,2026-02-05,5757.76,3,3,3,7297.17,,20285.16
208,693,2022-10-25,3589.24,1,5,5,,714.07,3589.24
208,3018,2024-01-18,714.07,2,6,6,3589.24,5926.6,4303.31
208,2957,2024-09-18,5926.6,3,4,4,714.07,20717.51,10229.91
208,2990,2025-06-29,20717.51,4,1,1,5926.6,13889.53,30947.42
208,701,2026-02-15,13889.53,5,2,2,20717.51,9829.74,44836.95
208,1154,2026-08-10,9829.74,6,3,3,13889.53,,54666.69
209,57,2025-01-13,6126.97,1,3,3,,7081.08,6126.97
209,1738,2025-07-25,7081.08,2,2,2,6126.97,3404.77,13208.05
209,754,2025-09-22,3404.77,3,4,4,7081.08,14620.21,16612.82
209,548,2026-06-22,14620.21,4,1,1,3404.77,,31233.03
210,1280,2023-04-14,23111.43,1,2,2,,3372.09,23111.43
210,1106,2023-06-24,3372.09,2,5,5,23111.43,9756.51,26483.52
210,299,2024-10-02,9756.51,3,3,3,3372.09,4476.22,36240.03
210,2050,2025-07-19,4476.22,4,4,4,9756.51,26777.68,40716.25
210,679,2026-07-07,26777.68,5,1,1,4476.22,,67493.93
211,1025,2025-01-22,9943.92,1,2,2,,17731.29,9943.92
211,627,2025-11-09,17731.29,2,1,1,9943.92,,27675.21
212,611,2025-03-06,12964.66,1,1,1,,,12964.66
213,3122,2023-03-06,33033.72,1,1,1,,16157.7,33033.72
213,1892,2023-06-05,16157.7,2,2,2,33033.72,1486.1,49191.42
213,1000,2024-08-26,1486.1,3,6,6,16157.7,8886.34,50677.52
213,2003,2025-07-26,8886.34,4,4,4,1486.1,11164.52,59563.86
213,2859,2025-10-29,11164.52,5,3,3,8886.34,3247.34,70728.38
213,3389,2026-04-06,3247.34,6,5,5,11164.52,,73975.72
214,1519,2022-08-26,931.41,1,3,3,,25192.67,931.41
214,966,2025-05-01,25192.67,2,1,1,931.41,4139.08,26124.08
214,2740,2026-06-26,4139.08,3,2,2,25192.67,,30263.16
215,2415,2024-01-30,14890.88,1,1,1,,12687.0,14890.88
215,2715,2024-08-18,12687.0,2,2,2,14890.88,4035.4,27577.88
215,939,2025-03-13,4035.4,3,3,3,12687.0,,31613.28
216,2692,2023-05-15,15305.98,1,1,1,,3854.02,15305.98
216,1509,2024-11-24,3854.02,2,2,2,15305.98,,19160.0
217,879,2023-11-17,19249.37,1,1,1,,2352.84,19249.37
217,2506,2023-11-21,2352.84,2,4,4,19249.37,5505.72,21602.21
217,1993,2025-02-16,5505.72,3,3,3,2352.84,17328.68,27107.93
217,1818,2026-06-15,17328.68,4,2,2,5505.72,,44436.61
218,3077,2025-11-02,6188.65,1,2,2,,38193.36,6188.65
218,2612,2026-05-20,38193.36,2,1,1,6188.65,,44382.01
219,2874,2022-10-16,9853.85,1,1,1,,,9853.85
220,1762,2022-11-14,23206.93,1,2,2,,687.64,23206.93
220,651,2024-06-04,687.64,2,5,5,23206.93,24216.76,23894.57
220,1520,2024-08-07,24216.76,3,1,1,687.64,6244.56,48111.33
220,620,2024-08-15,6244.56,4,3,3,24216.76,3868.74,54355.89
220,1736,2026-06-01,3868.74,5,4,4,6244.56,,58224.63
221,1110,2024-04-03,6581.1,1,2,2,,3928.5,6581.1
221,2470,2026-07-15,3928.5,2,3,3,6581.1,24863.86,10509.6
221,3179,2026-08-10,24863.86,3,1,1,3928.5,,35373.46
222,461,2023-12-13,10286.79,1,2,2,,15199.99,10286.79
222,3421,2024-11-02,15199.99,2,1,1,10286.79,4168.62,25486.78
222,1157,2024-11-29,4168.62,3,3,3,15199.99,4128.66,29655.4
222,2181,2026-03-24,4128.66,4,4,4,4168.62,,33784.06
223,231,2025-09-07,6556.2,1,1,1,,3652.18,6556.2
223,2245,2026-02-05,3652.18,2,2,2,6556.2,,10208.38
224,1627,2024-08-18,19654.71,1,1,1,,8322.65,19654.71
224,1568,2025-03-23,8322.65,2,2,2,19654.71,1283.2,27977.36
224,1439,2025-05-03,1283.2,3,3,3,8322.65,,29260.56
225,784,2023-03-22,2773.76,1,4,4,,6755.44,2773.76
225,235,2023-05-05,6755.44,2,2,2,2773.76,7710.76,9529.2
225,1808,2025-04-30,7710.76,3,1,1,6755.44,3336.9,17239.96
225,678,2026-02-14,3336.9,4,3,3,7710.76,,20576.86
226,1710,2022-10-01,7831.82,1,3,3,,9370.52,7831.82
226,402,2024-08-10,9370.52,2,2,2,7831.82,17405.95,17202.34
226,1867,2025-05-12,17405.95,3,1,1,9370.52,,34608.29
227,498,2023-09-14,6571.66,1,3,3,,1259.99,6571.66
227,2491,2024-03-06,1259.99,2,4,4,6571.66,10113.09,7831.65
227,1904,2024-09-24,10113.09,3,1,1,1259.99,8741.52,17944.74
227,2369,2026-02-18,8741.52,4,2,2,10113.09,,26686.26
228,1815,2023-04-02,5215.47,1,2,2,,9288.19,5215.47
228,1548,2023-04-29,9288.19,2,1,1,5215.47,3094.22,14503.66
228,1707,2023-11-17,3094.22,3,3,3,9288.19,2725.96,17597.88
228,1069,2023-11-22,2725.96,4,4,4,3094.22,2352.42,20323.84
228,203,2024-12-21,2352.42,5,5,5,2725.96,,22676.26
229,823,2022-12-23,13888.71,1,1,1,,3237.39,13888.71
229,3033,2025-01-29,3237.39,2,2,2,13888.71,,17126.1
230,1127,2022-10-20,16524.13,1,1,1,,4715.19,16524.13
230,2434,2024-01-24,4715.19,2,4,4,16524.13,11113.85,21239.32
230,2786,2024-05-11,11113.85,3,3,3,4715.19,14916.6,32353.17
230,3323,2024-10-29,14916.6,4,2,2,11113.85,,47269.77
231,351,2024-05-13,47.85,1,2,2,,8837.88,47.85
231,955,2025-03-22,8837.88,2,1,1,47.85,,8885.73
232,2330,2023-05-09,17042.3,1,2,2,,412.3,17042.3
232,1898,2024-04-04,412.3,2,5,5,17042.3,4691.54,17454.6
232,305,2024-04-13,4691.54,3,4,4,412.3,21907.67,22146.14
232,1802,2024-07-02,21907.67,4,1,1,4691.54,17008.0,44053.81
232,591,2025-03-17,17008.0,5,3,3,21907.67,,61061.81
233,16,2023-05-25,8126.4,1,2,2,,12020.88,8126.4
233,967,2023-06-18,12020.88,2,1,1,8126.4,7220.72,20147.28
233,2738,2024-05-22,7220.72,3,3,3,12020.88,,27368.0
235,1559,2022-12-16,13641.41,1,1,1,,,13641.41
236,3407,2023-03-16,23944.19,1,1,1,,9385.37,23944.19
236,2323,2024-03-26,9385.37,2,5,5,23944.19,14480.03,33329.56
236,2515,2024-07-21,14480.03,3,2,2,9385.37,12936.7,47809.59
236,3140,2026-03-29,12936.7,4,3,3,14480.03,12255.7,60746.29
236,2594,2026-08-10,12255.7,5,4,4,12936.7,,73001.99
237,2170,2025-04-17,15694.84,1,1,1,,5760.08,15694.84
237,2177,2025-07-20,5760.08,2,2,2,15694.84,2890.28,21454.92
237,2796,2026-02-21,2890.28,3,3,3,5760.08,2066.14,24345.2
237,2974,2026-03-08,2066.14,4,4,4,2890.28,,26411.34
238,755,2023-02-17,4778.96,1,2,2,,8394.59,4778.96
238,2502,2024-07-06,8394.59,2,1,1,4778.96,,13173.55
239,3393,2025-03-01,8349.38,1,2,2,,13335.59,8349.38
239,2803,2026-03-16,13335.59,2,1,1,8349.38,,21684.97
241,40,2024-05-07,18167.72,1,2,2,,6557.5,18167.72
241,763,2024-10-31,6557.5,2,3,3,18167.72,2396.75,24725.22
241,3044,2025-03-03,2396.75,3,4,4,6557.5,27237.11,27121.97
241,1146,2025-06-17,27237.11,4,1,1,2396.75,,54359.08
242,1483,2025-07-17,16285.54,1,1,1,,8267.99,16285.54
242,3187,2026-06-24,8267.99,2,3,3,16285.54,9359.9,24553.53
242,1581,2026-08-10,9359.9,3,2,2,8267.99,,33913.43
244,1562,2026-08-10,9782.64,1,1,1,,,9782.64
245,1737,2023-01-29,3010.59,1,6,6,,3607.31,3010.59
245,3144,2024-04-08,3607.31,2,5,5,3010.59,15567.54,6617.9
245,2783,2024-04-13,15567.54,3,4,4,3607.31,17567.98,22185.44
245,3456,2025-07-31,17567.98,4,2,2,15567.54,17085.89,39753.42
245,1442,2026-04-07,17085.89,5,3,3,17567.98,19786.13,56839.31
245,1717,2026-08-10,19786.13,6,1,1,17085.89,,76625.44
246,2484,2023-02-07,2319.68,1,4,4,,8030.37,2319.68
246,1121,2025-02-18,8030.37,2,2,2,2319.68,16439.73,10350.05
246,1693,2025-06-20,16439.73,3,1,1,8030.37,7396.19,26789.78
246,2377,2026-06-07,7396.19,4,3,3,16439.73,,34185.97
247,2864,2022-09-29,20963.88,1,1,1,,8283.9,20963.88
247,2947,2023-07-29,8283.9,2,3,3,20963.88,2138.46,29247.78
247,2465,2024-02-09,2138.46,3,5,5,8283.9,6383.67,31386.24
247,1072,2024-03-13,6383.67,4,4,4,2138.46,10049.2,37769.91
247,3045,2024-04-29,10049.2,5,2,2,6383.67,,47819.11
248,1803,2022-09-08,8224.59,1,4,4,,3845.39,8224.59
248,1244,2022-11-19,3845.39,2,6,6,8224.59,14048.44,12069.98
248,3359,2023-08-26,14048.44,3,1,1,3845.39,12802.88,26118.42
248,1161,2023-10-05,12802.88,4,2,2,14048.44,11464.49,38921.3
248,891,2023-11-07,11464.49,5,3,3,12802.88,4079.04,50385.79
248,2685,2024-08-13,4079.04,6,5,5,11464.49,,54464.83
249,2258,2023-11-12,19535.93,1,2,2,,10256.71,19535.93
249,3317,2024-06-13,10256.71,2,4,4,19535.93,13306.35,29792.64
249,2093,2024-09-20,13306.35,3,3,3,10256.71,26648.34,43098.99
249,1680,2025-09-23,26648.34,4,1,1,13306.35,,69747.33
250,989,2023-06-07,6551.16,1,2,2,,9569.41,6551.16
250,547,2024-10-31,9569.41,2,1,1,6551.16,,16120.57
251,2155,2022-11-02,3885.08,1,4,4,,28761.49,3885.08
251,1569,2023-10-20,28761.49,2,1,1,3885.08,10382.19,32646.57
251,2597,2024-06-04,10382.19,3,3,3,28761.49,10600.26,43028.76
251,1530,2025-12-31,10600.26,4,2,2,10382.19,,53629.02
252,2190,2023-04-10,11224.75,1,2,2,,22449.43,11224.75
252,899,2024-11-02,22449.43,2,1,1,11224.75,7855.99,33674.18
252,432,2025-12-17,7855.99,3,3,3,22449.43,6005.31,41530.17
252,17,2026-05-12,6005.31,4,4,4,7855.99,,47535.48
253,453,2025-05-14,30534.81,1,1,1,,8621.8,30534.81
253,1833,2026-01-22,8621.8,2,2,2,30534.81,5830.88,39156.61
253,835,2026-02-11,5830.88,3,3,3,8621.8,,44987.49
254,2064,2022-08-17,3581.79,1,3,3,,11879.58,3581.79
254,2710,2024-06-17,11879.58,2,1,1,3581.79,9299.04,15461.37
254,968,2025-07-16,9299.04,3,2,2,11879.58,,24760.41
255,291,2022-10-27,3411.35,1,2,2,,23602.29,3411.35
255,1093,2024-10-31,23602.29,2,1,1,3411.35,676.46,27013.64
255,1951,2025-04-18,676.46,3,3,3,23602.29,,27690.1
256,3181,2023-08-29,25208.25,1,1,1,,14020.12,25208.25
256,1587,2023-09-19,14020.12,2,3,3,25208.25,19428.63,39228.37
256,3129,2025-01-09,19428.63,3,2,2,14020.12,90.55,58657.0
256,824,2025-02-28,90.55,4,4,4,19428.63,,58747.55
257,2521,2024-12-05,7832.92,1,1,1,,1120.73,7832.92
257,1654,2025-07-05,1120.73,2,2,2,7832.92,,8953.65
258,2261,2022-12-28,10237.97,1,3,3,,12372.25,10237.97
258,781,2023-03-31,12372.25,2,2,2,10237.97,18733.33,22610.22
258,3374,2023-09-15,18733.33,3,1,1,12372.25,,41343.55
259,1236,2024-01-05,24677.52,1,1,1,,19070.44,24677.52
259,2363,2024-03-11,19070.44,2,2,2,24677.52,4463.94,43747.96
259,90,2025-10-07,4463.94,3,3,3,19070.44,,48211.9
260,1108,2022-10-05,9519.84,1,3,3,,7615.64,9519.84
260,2952,2023-02-18,7615.64,2,4,4,9519.84,1935.51,17135.48
260,1950,2023-05-04,1935.51,3,6,6,7615.64,3043.28,19070.99
260,2163,2023-05-13,3043.28,4,5,5,1935.51,14609.34,22114.27
260,821,2024-05-08,14609.34,5,1,1,3043.28,14352.6,36723.61
260,1491,2025-12-01,14352.6,6,2,2,14609.34,,51076.21
261,2255,2023-07-14,6078.65,1,3,3,,4690.37,6078.65
261,2890,2025-06-16,4690.37,2,4,4,6078.65,21537.26,10769.02
261,2318,2025-06-23,21537.26,3,1,1,4690.37,4224.97,32306.28
261,1387,2025-08-06,4224.97,4,5,5,21537.26,14789.06,36531.25
261,1497,2026-05-23,14789.06,5,2,2,4224.97,,51320.31
262,1973,2023-06-20,345.26,1,1,1,,,345.26
263,2611,2025-09-13,17675.89,1,1,1,,,17675.89
264,2817,2022-09-05,21408.69,1,1,1,,19765.74,21408.69
264,2039,2023-06-26,19765.74,2,2,2,21408.69,11816.37,41174.43
264,1194,2024-07-02,11816.37,3,3,3,19765.74,11431.97,52990.8
264,134,2024-07-22,11431.97,4,4,4,11816.37,,64422.77
266,621,2023-03-11,13046.53,1,1,1,,,13046.53
268,2475,2023-05-20,8058.05,1,1,1,,4150.92,8058.05
268,2762,2023-12-14,4150.92,2,2,2,8058.05,,12208.97
269,1385,2022-10-31,14636.24,1,1,1,,7546.88,14636.24
269,2977,2024-12-17,7546.88,2,2,2,14636.24,,22183.12
270,1894,2025-09-01,6163.1,1,2,2,,9118.67,6163.1
270,2883,2026-07-09,9118.67,2,1,1,6163.1,,15281.77
271,2172,2023-10-02,12680.14,1,4,4,,19509.64,12680.14
271,3251,2023-11-14,19509.64,2,2,2,12680.14,20302.08,32189.78
271,514,2024-10-26,20302.08,3,1,1,19509.64,18017.45,52491.86
271,3319,2025-01-05,18017.45,4,3,3,20302.08,3204.7,70509.31
271,1715,2026-08-06,3204.7,5,5,5,18017.45,,73714.01
272,1882,2024-02-19,5399.96,1,2,2,,2363.84,5399.96
272,1839,2024-03-29,2363.84,2,3,3,5399.96,10464.02,7763.8
272,1447,2025-03-05,10464.02,3,1,1,2363.84,,18227.82
273,2204,2024-10-28,12446.93,1,1,1,,,12446.93
274,1335,2023-03-13,8017.9,1,2,2,,8338.28,8017.9
274,795,2023-05-17,8338.28,2,1,1,8017.9,3968.58,16356.18
274,2171,2024-02-18,3968.58,3,3,3,8338.28,,20324.76
275,1437,2022-12-19,13541.97,1,2,2,,16227.92,13541.97
275,2734,2023-04-20,16227.92,2,1,1,13541.97,,29769.89
276,1064,2023-08-14,9465.01,1,2,2,,15996.2,9465.01
276,350,2025-06-18,15996.2,2,1,1,9465.01,,25461.21
277,1764,2024-04-04,14191.39,1,1,1,,,14191.39
278,2176,2022-09-28,5325.4,1,3,3,,15256.75,5325.4
278,1652,2023-12-13,15256.75,2,1,1,5325.4,10724.41,20582.15
278,1012,2024-05-14,10724.41,3,2,2,15256.75,,31306.56
279,2505,2024-11-15,9486.44,1,1,1,,8010.18,9486.44
279,89,2024-12-23,8010.18,2,2,2,9486.44,8009.39,17496.62
279,1976,2026-01-21,8009.39,3,3,3,8010.18,,25506.01
281,1868,2023-06-21,11040.33,1,1,1,,,11040.33
283,87,2022-11-12,20737.83,1,1,1,,2033.0,20737.83
283,2388,2023-05-29,2033.0,2,3,3,20737.83,9101.26,22770.83
283,132,2024-02-17,9101.26,3,2,2,2033.0,1123.42,31872.09
283,1842,2025-12-03,1123.42,4,4,4,9101.26,,32995.51
284,2878,2022-08-25,3702.87,1,4,4,,16425.6,3702.87
284,687,2022-10-09,16425.6,2,2,2,3702.87,19813.07,20128.47
284,597,2023-08-03,19813.07,3,1,1,16425.6,14199.66,39941.54
284,2643,2024-03-15,14199.66,4,3,3,19813.07,218.6,54141.2
284,3083,2024-09-12,218.6,5,7,7,14199.66,806.05,54359.8
284,2656,2025-10-26,806.05,6,6,6,218.6,1955.28,55165.85
284,380,2025-10-30,1955.28,7,5,5,806.05,,57121.13
286,1149,2023-03-29,7404.55,1,2,2,,9898.95,7404.55
286,414,2025-04-03,9898.95,2,1,1,7404.55,,17303.5
287,1936,2023-03-17,20923.95,1,1,1,,12507.58,20923.95
287,737,2025-02-12,12507.58,2,2,2,20923.95,5816.76,33431.53
287,1233,2025-07-31,5816.76,3,3,3,12507.58,,39248.29
288,2728,2022-11-08,3026.25,1,2,2,,2259.58,3026.25
288,3132,2025-05-31,2259.58,2,3,3,3026.25,20760.98,5285.83
288,1361,2025-12-25,20760.98,3,1,1,2259.58,,26046.81
289,909,2024-08-30,3317.93,1,4,4,,28946.22,3317.93
289,538,2025-07-07,28946.22,2,1,1,3317.93,10052.82,32264.15
289,2382,2026-01-03,10052.82,3,3,3,28946.22,20888.23,42316.97
289,259,2026-01-30,20888.23,4,2,2,10052.82,,63205.2
290,3341,2022-11-18,1644.48,1,1,1,,515.55,1644.48
290,2137,2023-08-02,515.55,2,2,2,1644.48,,2160.03
291,479,2023-11-26,1944.16,1,2,2,,8294.83,1944.16
291,2240,2024-04-13,8294.83,2,1,1,1944.16,,10238.99
292,1623,2022-10-30,11750.22,1,2,2,,6346.7,11750.22
292,1086,2023-04-06,6346.7,2,4,4,11750.22,7600.4,18096.92
292,2274,2024-07-16,7600.4,3,3,3,6346.7,3371.13,25697.32
292,1731,2025-05-25,3371.13,4,5,5,7600.4,20485.78,29068.45
292,1774,2026-07-22,20485.78,5,1,1,3371.13,,49554.23
293,437,2024-08-01,5713.38,1,2,2,,19957.33,5713.38
293,3311,2024-11-14,19957.33,2,1,1,5713.38,,25670.71
294,253,2022-11-04,3004.25,1,2,2,,8604.54,3004.25
294,2900,2024-02-08,8604.54,2,1,1,3004.25,,11608.79
295,1270,2023-11-22,6100.42,1,1,1,,,6100.42
296,6,2023-11-12,9064.66,1,2,2,,5785.54,9064.66
296,1008,2024-01-12,5785.54,2,3,3,9064.66,32907.34,14850.2
296,2673,2024-09-15,32907.34,3,1,1,5785.54,2928.3,47757.54
296,996,2026-02-10,2928.3,4,4,4,32907.34,,50685.84
297,2409,2022-09-14,17392.16,1,4,4,,17587.92,17392.16
297,2099,2022-11-01,17587.92,2,3,3,17392.16,20610.22,34980.08
297,1034,2023-03-29,20610.22,3,1,1,17587.92,18714.7,55590.3
297,2539,2024-06-26,18714.7,4,2,2,20610.22,,74305.0
298,2517,2023-12-20,19068.25,1,1,1,,1867.96,19068.25
298,3093,2024-11-26,1867.96,2,2,2,19068.25,,20936.21
299,193,2023-12-12,4360.51,1,2,2,,5247.2,4360.51
299,1356,2025-07-03,5247.2,2,1,1,4360.51,1477.4,9607.71
299,1955,2026-02-04,1477.4,3,3,3,5247.2,,11085.11
300,223,2022-12-30,14133.72,1,1,1,,206.48,14133.72
300,2510,2024-04-29,206.48,2,2,2,14133.72,,14340.2
301,1688,2025-07-17,17511.8,1,1,1,,,17511.8
302,2298,2024-06-01,10184.0,1,2,2,,16918.06,10184.0
302,145,2025-05-27,16918.06,2,1,1,10184.0,,27102.06
303,1875,2023-11-17,11492.13,1,2,2,,3693.74,11492.13
303,2733,2024-02-16,3693.74,2,4,4,11492.13,9935.84,15185.87
303,573,2024-05-14,9935.84,3,3,3,3693.74,24517.06,25121.71
303,1888,2025-09-25,24517.06,4,1,1,9935.84,,49638.77
305,2459,2024-03-09,12583.71,1,2,2,,2023.02,12583.71
305,1414,2024-03-29,2023.02,2,3,3,12583.71,13255.83,14606.73
305,1582,2025-05-29,13255.83,3,1,1,2023.02,,27862.56
306,984,2025-01-09,2541.26,1,2,2,,18779.6,2541.26
306,707,2025-03-19,18779.6,2,1,1,2541.26,,21320.86
307,1728,2025-03-06,18058.49,1,1,1,,790.28,18058.49
307,2829,2025-11-08,790.28,2,2,2,18058.49,,18848.77
308,2387,2022-11-19,13043.99,1,2,2,,4931.26,13043.99
308,29,2024-04-02,4931.26,2,3,3,13043.99,23722.51,17975.25
308,769,2025-03-17,23722.51,3,1,1,4931.26,,41697.76
309,2217,2026-04-26,13812.06,1,1,1,,,13812.06
310,301,2023-07-20,9186.75,1,2,2,,6613.9,9186.75
310,2032,2023-12-25,6613.9,2,4,4,9186.75,10756.89,15800.65
310,562,2024-11-14,10756.89,3,1,1,6613.9,7568.65,26557.54
310,2087,2025-12-29,7568.65,4,3,3,10756.89,,34126.19
311,1152,2023-02-03,29887.28,1,1,1,,6586.79,29887.28
311,1529,2024-02-09,6586.79,2,4,4,29887.28,14710.19,36474.07
311,425,2024-11-05,14710.19,3,2,2,6586.79,9658.38,51184.26
311,233,2025-12-23,9658.38,4,3,3,14710.19,,60842.64
312,494,2023-11-20,10235.2,1,1,1,,8261.47,10235.2
312,1002,2025-04-10,8261.47,2,3,3,10235.2,9546.11,18496.67
312,1191,2026-02-28,9546.11,3,2,2,8261.47,5843.54,28042.78
312,913,2026-07-30,5843.54,4,4,4,9546.11,,33886.32
313,2277,2023-03-13,8531.92,1,3,3,,10609.13,8531.92
313,1173,2024-06-29,10609.13,2,2,2,8531.92,14306.74,19141.05
313,2752,2025-04-11,14306.74,3,1,1,10609.13,,33447.79
314,2334,2022-11-22,3820.57,1,4,4,,20250.82,3820.57
314,54,2023-01-23,20250.82,2,1,1,3820.57,10219.8,24071.39
314,3177,2024-02-06,10219.8,3,3,3,20250.82,11105.61,34291.19
314,1502,2025-04-15,11105.61,4,2,2,10219.8,,45396.8
315,845,2026-03-28,32791.92,1,1,1,,,32791.92
316,1066,2023-11-23,12650.12,1,2,2,,15419.0,12650.12
316,1347,2024-07-13,15419.0,2,1,1,12650.12,11749.2,28069.12
316,825,2025-02-27,11749.2,3,3,3,15419.0,,39818.32
317,665,2025-01-14,16964.11,1,1,1,,4040.8,16964.11
317,2545,2026-06-08,4040.8,2,2,2,16964.11,,21004.91
318,1396,2023-08-10,10415.2,1,3,3,,27736.49,10415.2
318,3175,2024-02-16,27736.49,2,1,1,10415.2,9169.97,38151.69
318,2598,2024-03-06,9169.97,3,4,4,27736.49,23772.12,47321.66
318,2449,2025-01-07,23772.12,4,2,2,9169.97,,71093.78
319,1885,2026-05-16,10446.62,1,1,1,,,10446.62
321,2893,2022-12-29,2927.9,1,1,1,,,2927.9
322,1501,2024-08-12,17745.19,1,1,1,,,17745.19
323,1183,2022-11-01,15241.19,1,1,1,,9606.9,15241.19
323,2913,2025-01-24,9606.9,2,2,2,15241.19,,24848.09
324,1211,2025-01-08,7750.47,1,2,2,,15149.68,7750.47
324,2879,2025-10-25,15149.68,2,1,1,7750.47,,22900.15
325,2972,2023-12-07,3646.0,1,1,1,,,3646.0
326,2180,2023-01-29,4833.64,1,2,2,,5095.04,4833.64
326,2757,2025-10-22,5095.04,2,1,1,4833.64,,9928.68
327,3340,2026-06-25,9940.7,1,1,1,,,9940.7
328,997,2022-10-04,6761.68,1,5,5,,17269.09,6761.68
328,2464,2023-03-28,17269.09,2,1,1,6761.68,7857.37,24030.77
328,3048,2023-10-17,7857.37,3,4,4,17269.09,1242.99,31888.14
328,2560,2023-12-29,1242.99,4,7,7,7857.37,5686.11,33131.13
328,1674,2024-04-08,5686.11,5,6,6,1242.99,11733.11,38817.24
328,2646,2024-05-07,11733.11,6,3,3,5686.11,861.29,50550.35
328,1125,2024-08-04,861.29,7,8,8,11733.11,16164.81,51411.64
328,198,2026-02-07,16164.81,8,2,2,861.29,,67576.45
329,2808,2025-10-27,5094.42,1,3,3,,15374.95,5094.42
329,1220,2025-11-09,15374.95,2,1,1,5094.42,5329.92,20469.37
329,1518,2025-12-01,5329.92,3,2,2,15374.95,,25799.29
330,2361,2022-11-02,21128.65,1,1,1,,7485.38,21128.65
330,2606,2024-07-02,7485.38,2,4,4,21128.65,11919.42,28614.03
330,1902,2025-05-05,11919.42,3,3,3,7485.38,1305.78,40533.45
330,1946,2025-08-15,1305.78,4,5,5,11919.42,15386.34,41839.23
330,1669,2026-01-07,15386.34,5,2,2,1305.78,1054.68,57225.57
330,3431,2026-02-22,1054.68,6,6,6,15386.34,,58280.25
331,1467,2023-08-12,9653.82,1,2,2,,7152.56,9653.82
331,1402,2023-12-17,7152.56,2,3,3,9653.82,13973.07,16806.38
331,1446,2025-07-25,13973.07,3,1,1,7152.56,268.55,30779.45
331,1415,2026-03-12,268.55,4,4,4,13973.07,,31048.0
332,1492,2023-10-18,8339.41,1,3,3,,17899.47,8339.41
332,1353,2024-07-04,17899.47,2,1,1,8339.41,15253.33,26238.88
332,1649,2024-07-07,15253.33,3,2,2,17899.47,1787.38,41492.21
332,1639,2024-08-16,1787.38,4,4,4,15253.33,,43279.59
334,1957,2023-01-08,10470.63,1,2,2,,15205.59,10470.63
334,2660,2023-05-25,15205.59,2,1,1,10470.63,,25676.22
335,256,2024-01-11,11609.39,1,1,1,,3339.39,11609.39
335,578,2026-07-30,3339.39,2,2,2,11609.39,,14948.78
336,372,2022-10-18,11191.81,1,2,2,,2970.09,11191.81
336,1592,2023-05-17,2970.09,2,4,4,11191.81,17489.29,14161.9
336,1289,2024-06-16,17489.29,3,1,1,2970.09,9213.05,31651.19
336,3339,2026-02-19,9213.05,4,3,3,17489.29,,40864.24
337,1609,2025-09-10,8547.51,1,2,2,,11751.42,8547.51
337,2278,2026-04-29,11751.42,2,1,1,8547.51,,20298.93
338,2862,2023-06-11,2646.06,1,1,1,,,2646.06
339,2256,2023-03-04,2401.42,1,2,2,,1206.74,2401.42
339,3112,2024-12-21,1206.74,2,3,3,2401.42,10910.32,3608.16
339,3312,2026-01-17,10910.32,3,1,1,1206.74,,14518.48
340,1602,2026-03-03,14773.8,1,1,1,,,14773.8
341,3162,2024-02-02,25605.89,1,1,1,,4753.56,25605.89
341,1478,2025-01-08,4753.56,2,2,2,25605.89,,30359.45
342,2370,2023-02-16,14587.29,1,1,1,,,14587.29
343,2954,2023-01-28,1501.81,1,3,3,,2174.17,1501.81
343,1948,2023-02-28,2174.17,2,1,1,1501.81,1778.74,3675.98
343,3326,2024-07-28,1778.74,3,2,2,2174.17,,5454.72
344,1038,2024-01-18,7884.07,1,2,2,,21779.81,7884.07
344,418,2025-07-30,21779.81,2,1,1,7884.07,,29663.88
345,1970,2023-07-18,7607.64,1,3,3,,30949.05,7607.64
345,2381,2024-03-03,30949.05,2,1,1,7607.64,19340.98,38556.69
345,544,2025-07-14,19340.98,3,2,2,30949.05,,57897.67
346,1676,2025-11-23,4957.95,1,1,1,,3813.42,4957.95
346,3252,2026-01-10,3813.42,2,2,2,4957.95,,8771.37
347,2212,2023-10-17,10044.95,1,2,2,,18699.93,10044.95
347,702,2023-10-28,18699.93,2,1,1,10044.95,1956.33,28744.88
347,1843,2024-08-27,1956.33,3,4,4,18699.93,5862.65,30701.21
347,723,2025-12-01,5862.65,4,3,3,1956.33,,36563.86
348,2341,2023-02-02,1075.98,1,2,2,,15837.0,1075.98
348,388,2025-03-31,15837.0,2,1,1,1075.98,,16912.98
349,2187,2024-01-25,4900.1,1,3,3,,5070.12,4900.1
349,808,2024-09-22,5070.12,2,2,2,4900.1,30148.9,9970.22
349,1113,2024-10-29,30148.9,3,1,1,5070.12,,40119.12
350,1436,2023-03-08,20885.09,1,2,2,,34619.9,20885.09
350,2716,2025-07-23,34619.9,2,1,1,20885.09,,55504.99
351,1805,2024-09-21,7448.06,1,2,2,,2976.0,7448.06
351,3223,2025-07-18,2976.0,2,3,3,7448.06,13214.3,10424.06
351,1724,2025-08-13,13214.3,3,1,1,2976.0,,23638.36
352,2332,2024-12-25,9259.11,1,2,2,,2345.0,9259.11
352,1969,2025-03-23,2345.0,2,3,3,9259.11,22603.28,11604.11
352,1307,2025-04-03,22603.28,3,1,1,2345.0,,34207.39
353,2583,2023-06-08,11314.4,1,3,3,,7121.75,11314.4
353,1039,2024-03-14,7121.75,2,4,4,11314.4,21600.54,18436.15
353,3268,2024-08-17,21600.54,3,2,2,7121.75,24229.88,40036.69
353,1947,2025-05-13,24229.88,4,1,1,21600.54,,64266.57
354,119,2023-08-31,13394.33,1,2,2,,15613.86,13394.33
354,1819,2024-04-08,15613.86,2,1,1,13394.33,7916.09,29008.19
354,2418,2025-09-28,7916.09,3,3,3,15613.86,,36924.28
355,2248,2022-12-17,11134.74,1,1,1,,,11134.74
356,2404,2023-03-27,14206.27,1,2,2,,2998.66,14206.27
356,615,2024-03-12,2998.66,2,5,5,14206.27,31109.87,17204.93
356,1698,2024-05-09,31109.87,3,1,1,2998.66,14055.04,48314.8
356,481,2024-09-09,14055.04,4,3,3,31109.87,7469.62,62369.84
356,2405,2024-09-19,7469.62,5,4,4,14055.04,,69839.46
357,1243,2022-09-26,2525.41,1,2,2,,10115.92,2525.41
357,262,2026-07-25,10115.92,2,1,1,2525.41,,12641.33
358,3049,2023-03-26,4826.95,1,3,3,,22736.6,4826.95
358,3009,2025-02-12,22736.6,2,1,1,4826.95,6385.06,27563.55
358,1855,2025-05-11,6385.06,3,2,2,22736.6,,33948.61
359,3381,2025-05-06,16213.71,1,1,1,,3559.54,16213.71
359,1336,2026-05-19,3559.54,2,2,2,16213.71,,19773.25
360,2666,2022-10-14,5848.58,1,4,4,,1925.68,5848.58
360,1782,2023-03-21,1925.68,2,5,5,5848.58,24283.23,7774.26
360,3085,2023-11-09,24283.23,3,1,1,1925.68,6991.9,32057.49
360,1184,2024-04-09,6991.9,4,3,3,24283.23,16623.15,39049.39
360,791,2025-11-16,16623.15,5,2,2,6991.9,,55672.54
361,1696,2022-11-23,23742.9,1,2,2,,16826.2,23742.9
361,2166,2023-03-09,16826.2,2,3,3,23742.9,10841.36,40569.1
361,705,2024-05-27,10841.36,3,4,4,16826.2,2432.71,51410.46
361,1974,2024-06-02,2432.71,4,5,5,10841.36,27552.16,53843.17
361,2995,2024-09-11,27552.16,5,1,1,2432.71,2141.55,81395.33
361,703,2026-08-10,2141.55,6,6,6,27552.16,,83536.88
362,2324,2024-02-28,26292.31,1,1,1,,20532.94,26292.31
362,1962,2025-05-01,20532.94,2,2,2,26292.31,,46825.25
363,1295,2023-08-11,9678.04,1,1,1,,,9678.04
364,1073,2025-12-11,20243.86,1,1,1,,,20243.86
365,1459,2023-05-25,1493.1,1,7,7,,14128.81,1493.1
365,1720,2023-07-12,14128.81,2,2,2,1493.1,4274.86,15621.91
365,443,2023-10-05,4274.86,3,6,6,14128.81,7050.8,19896.77
365,2665,2024-09-10,7050.8,4,3,3,4274.86,6283.2,26947.57
365,3459,2024-12-04,6283.2,5,4,4,7050.8,716.76,33230.77
365,3462,2025-07-05,716.76,6,8,8,6283.2,20898.87,33947.53
365,495,2026-01-22,20898.87,7,1,1,716.76,6181.72,54846.4
365,2511,2026-07-26,6181.72,8,5,5,20898.87,,61028.12
366,585,2023-05-28,19536.7,1,1,1,,19131.13,19536.7
366,1493,2024-08-01,19131.13,2,2,2,19536.7,18024.61,38667.83
366,962,2026-01-13,18024.61,3,3,3,19131.13,1151.22,56692.44
366,1120,2026-03-19,1151.22,4,4,4,18024.61,,57843.66
367,957,2024-05-14,16391.93,1,2,2,,20114.54,16391.93
367,2870,2024-08-07,20114.54,2,1,1,16391.93,,36506.47
368,1041,2024-11-16,7319.02,1,2,2,,1485.07,7319.02
368,2624,2025-09-14,1485.07,2,3,3,7319.02,21697.21,8804.09
368,566,2026-05-07,21697.21,3,1,1,1485.07,,30501.3
369,334,2024-12-28,19633.1,1,1,1,,3252.62,19633.1
369,415,2025-09-16,3252.62,2,2,2,19633.1,,22885.72
370,522,2023-08-18,1492.71,1,2,2,,11192.52,1492.71
370,2628,2026-02-27,11192.52,2,1,1,1492.71,,12685.23
371,2085,2023-06-17,1937.7,1,2,2,,2746.24,1937.7
371,2634,2023-11-24,2746.24,2,1,1,1937.7,,4683.94
372,2618,2023-11-01,3275.35,1,3,3,,4465.0,3275.35
372,2994,2025-06-22,4465.0,2,2,2,3275.35,17697.29,7740.35
372,2771,2025-07-14,17697.29,3,1,1,4465.0,,25437.64
373,2458,2024-08-31,21373.3,1,1,1,,1456.72,21373.3
373,1984,2025-01-20,1456.72,2,4,4,21373.3,13798.18,22830.02
373,1040,2025-04-09,13798.18,3,2,2,1456.72,7495.0,36628.2
373,1978,2025-10-07,7495.0,4,3,3,13798.18,,44123.2
374,2026,2022-08-21,2840.68,1,3,3,,18650.03,2840.68
374,3399,2025-06-18,18650.03,2,2,2,2840.68,22022.28,21490.71
374,1392,2026-04-08,22022.28,3,1,1,18650.03,,43512.99
376,2,2022-11-24,16196.63,1,3,3,,18876.39,16196.63
376,2797,2023-05-29,18876.39,2,1,1,16196.63,18400.12,35073.02
376,2536,2025-09-14,18400.12,3,2,2,18876.39,11707.83,53473.14
376,3167,2025-11-10,11707.83,4,4,4,18400.12,,65180.97
377,826,2022-08-20,397.52,1,4,4,,22005.94,397.52
377,1634,2023-08-07,22005.94,2,2,2,397.52,22020.61,22403.46
377,2474,2023-10-27,22020.61,3,1,1,22005.94,17548.04,44424.07
377,2529,2023-11-03,17548.04,4,3,3,22020.61,,61972.11
378,2010,2025-01-30,4183.6,1,3,3,,13392.81,4183.6
378,2041,2025-04-29,13392.81,2,1,1,4183.6,13206.03,17576.41
378,358,2026-08-10,13206.03,3,2,2,13392.81,,30782.44
379,1814,2023-09-27,3463.56,1,4,4,,18199.09,3463.56
379,2918,2023-10-21,18199.09,2,1,1,3463.56,7368.84,21662.65
379,916,2023-10-30,7368.84,3,2,2,18199.09,4180.2,29031.49
379,3211,2025-02-08,4180.2,4,3,3,7368.84,,33211.69
380,880,2023-12-24,2352.36,1,3,3,,12147.52,2352.36
380,1857,2024-02-28,12147.52,2,1,1,2352.36,3543.96,14499.88
380,2581,2024-10-13,3543.96,3,2,2,12147.52,1180.15,18043.84
380,2670,2026-02-26,1180.15,4,4,4,3543.96,,19223.99
381,1879,2023-01-22,16585.95,1,2,2,,10143.86,16585.95
381,3426,2023-02-15,10143.86,2,4,4,16585.95,11298.96,26729.81
381,2006,2023-04-23,11298.96,3,3,3,10143.86,21979.25,38028.77
381,464,2025-02-22,21979.25,4,1,1,11298.96,9776.2,60008.02
381,2801,2026-02-21,9776.2,5,5,5,21979.25,,69784.22
382,1495,2022-12-09,14065.76,1,1,1,,10499.58,14065.76
382,999,2023-03-08,10499.58,2,2,2,14065.76,6564.05,24565.34
382,1664,2026-04-04,6564.05,3,3,3,10499.58,,31129.39
383,3135,2024-11-24,18098.62,1,3,3,,31477.24,18098.62
383,129,2025-11-12,31477.24,2,1,1,18098.62,20591.0,49575.86
383,1075,2025-11-30,20591.0,3,2,2,31477.24,,70166.86
384,3172,2023-04-07,4922.61,1,2,2,,27037.89,4922.61
384,397,2025-07-22,27037.89,2,1,1,4922.61,,31960.5
386,3063,2022-11-23,12157.07,1,2,2,,18597.99,12157.07
386,2882,2023-02-18,18597.99,2,1,1,12157.07,,30755.06
387,22,2025-11-27,4621.15,1,1,1,,,4621.15
388,1546,2024-08-14,13141.42,1,1,1,,2003.55,13141.42
388,864,2025-07-19,2003.55,2,2,2,13141.42,,15144.97
390,1175,2023-02-28,11834.62,1,2,2,,13140.46,11834.62
390,2477,2026-03-05,13140.46,2,1,1,11834.62,245.82,24975.08
390,1089,2026-07-14,245.82,3,3,3,13140.46,,25220.9
391,1224,2023-08-04,9833.04,1,1,1,,5326.88,9833.04
391,2379,2024-07-12,5326.88,2,2,2,9833.04,2137.57,15159.92
391,2056,2025-03-17,2137.57,3,3,3,5326.88,,17297.49
392,3111,2023-05-11,13321.15,1,3,3,,29243.62,13321.15
392,2885,2023-06-25,29243.62,2,1,1,13321.15,19606.83,42564.77
392,2891,2024-02-07,19606.83,3,2,2,29243.62,11948.99,62171.6
392,523,2025-01-15,11948.99,4,4,4,19606.83,,74120.59
393,2246,2023-01-09,4577.56,1,5,5,,8391.16,4577.56
393,3441,2023-07-14,8391.16,2,2,2,4577.56,5851.12,12968.72
393,1096,2023-12-31,5851.12,3,4,4,8391.16,11092.98,18819.84
393,2076,2024-10-06,11092.98,4,1,1,5851.12,6045.66,29912.82
393,345,2025-07-08,6045.66,5,3,3,11092.98,,35958.48
394,3322,2022-11-11,26057.67,1,1,1,,17615.3,26057.67
394,174,2024-02-20,17615.3,2,4,4,26057.67,1203.12,43672.97
394,88,2024-02-21,1203.12,3,9,9,17615.3,14468.57,44876.09
394,1921,2024-10-30,14468.57,4,5,5,1203.12,2999.79,59344.66
394,2304,2025-01-19,2999.79,5,8,8,14468.57,5427.62,62344.45
394,2629,2025-02-07,5427.62,6,6,6,2999.79,4149.58,67772.07
394,23,2025-03-30,4149.58,7,7,7,5427.62,23324.24,71921.65
394,2821,2025-07-18,23324.24,8,2,2,4149.58,19825.92,95245.89
394,1571,2026-04-03,19825.92,9,3,3,23324.24,,115071.81
395,1171,2024-01-18,1535.88,1,4,4,,9779.0,1535.88
395,2183,2024-07-22,9779.0,2,2,2,1535.88,2371.84,11314.88
395,3289,2024-10-18,2371.84,3,3,3,9779.0,21135.8,13686.72
395,516,2025-03-18,21135.8,4,1,1,2371.84,,34822.52
397,3273,2022-12-07,17810.08,1,3,3,,29914.85,17810.08
397,2907,2023-08-20,29914.85,2,1,1,17810.08,2821.3,47724.93
397,2448,2023-11-25,2821.3,3,4,4,29914.85,26604.37,50546.23
397,2816,2026-07-14,26604.37,4,2,2,2821.3,,77150.6
398,383,2022-12-21,4010.51,1,4,4,,21910.02,4010.51
398,2741,2024-02-14,21910.02,2,1,1,4010.51,5127.97,25920.53
398,3470,2024-08-17,5127.97,3,3,3,21910.02,14044.06,31048.5
398,711,2024-10-21,14044.06,4,2,2,5127.97,,45092.56
399,1251,2023-05-02,1124.7,1,5,5,,19659.97,1124.7
399,969,2023-10-21,19659.97,2,1,1,1124.7,3884.6,20784.67
399,2850,2024-05-30,3884.6,3,4,4,19659.97,8259.68,24669.27
399,55,2024-09-01,8259.68,4,2,2,3884.6,8228.2,32928.95
399,2253,2025-09-19,8228.2,5,3,3,8259.68,,41157.15
400,3452,2022-11-04,14833.51,1,1,1,,7607.76,14833.51
400,2355,2023-12-20,7607.76,2,3,3,14833.51,8799.18,22441.27
400,634,2025-06-17,8799.18,3,2,2,7607.76,,31240.45
401,788,2022-10-28,18529.69,1,1,1,,2933.92,18529.69
401,2196,2023-04-30,2933.92,2,4,4,18529.69,5767.15,21463.61
401,3422,2023-09-05,5767.15,3,3,3,2933.92,16085.82,27230.76
401,1585,2026-01-15,16085.82,4,2,2,5767.15,,43316.58
402,1293,2024-12-02,9270.76,1,2,2,,2027.55,9270.76
402,1498,2025-03-14,2027.55,2,3,3,9270.76,15181.64,11298.31
402,2436,2025-05-09,15181.64,3,1,1,2027.55,,26479.95
403,725,2026-08-05,625.14,1,1,1,,,625.14
405,704,2023-04-25,1760.2,1,4,4,,16205.62,1760.2
405,2725,2023-09-17,16205.62,2,2,2,1760.2,10787.59,17965.82
405,981,2024-01-22,10787.59,3,3,3,16205.62,25197.4,28753.41
405,1941,2026-06-19,25197.4,4,1,1,10787.59,,53950.81
406,2007,2024-06-21,7971.2,1,2,2,,5538.37,7971.2
406,3133,2024-12-17,5538.37,2,3,3,7971.2,27899.23,13509.57
406,1545,2025-04-13,27899.23,3,1,1,5538.37,,41408.8
407,1750,2025-07-20,1054.32,1,1,1,,,1054.32
408,3019,2023-06-17,19317.36,1,1,1,,4259.82,19317.36
408,1018,2023-11-18,4259.82,2,2,2,19317.36,,23577.18
409,756,2022-12-29,8269.35,1,1,1,,4834.15,8269.35
409,1661,2025-03-15,4834.15,2,2,2,8269.35,3491.52,13103.5
409,1873,2025-06-01,3491.52,3,3,3,4834.15,2957.16,16595.02
409,949,2025-12-29,2957.16,4,4,4,3491.52,,19552.18
410,1306,2023-02-03,6443.74,1,3,3,,27263.87,6443.74
410,126,2024-05-15,27263.87,2,1,1,6443.74,824.48,33707.61
410,3447,2024-06-22,824.48,3,4,4,27263.87,8499.95,34532.09
410,1507,2025-07-07,8499.95,4,2,2,824.48,,43032.04
411,3279,2023-11-18,9012.24,1,2,2,,20472.3,9012.24
411,2623,2024-05-29,20472.3,2,1,1,9012.24,4770.41,29484.54
411,1235,2025-06-08,4770.41,3,3,3,20472.3,,34254.95
412,3250,2022-10-22,27517.38,1,1,1,,5219.26,27517.38
412,2158,2023-03-23,5219.26,2,3,3,27517.38,20265.3,32736.64
412,901,2025-07-25,20265.3,3,2,2,5219.26,,53001.94
413,1058,2022-09-28,1331.55,1,4,4,,19901.04,1331.55
413,2755,2023-01-03,19901.04,2,2,2,1331.55,25118.43,21232.59
413,1290,2025-01-07,25118.43,3,1,1,19901.04,5713.51,46351.02
413,3011,2025-10-04,5713.51,4,3,3,25118.43,,52064.53
414,2967,2024-09-14,6203.88,1,1,1,,5017.69,6203.88
414,906,2025-04-13,5017.69,2,2,2,6203.88,,11221.57
415,846,2022-09-29,29744.2,1,1,1,,23133.29,29744.2
415,2342,2025-05-14,23133.29,2,2,2,29744.2,,52877.49
416,33,2024-09-20,9734.5,1,2,2,,15645.04,9734.5
416,1783,2024-11-26,15645.04,2,1,1,9734.5,1248.26,25379.54
416,1473,2024-12-05,1248.26,3,3,3,15645.04,,26627.8
417,2968,2023-02-24,11418.82,1,2,2,,16341.15,11418.82
417,1864,2025-11-03,16341.15,2,1,1,11418.82,,27759.97
418,3388,2022-11-03,20738.22,1,1,1,,7082.45,20738.22
418,1212,2023-03-02,7082.45,2,3,3,20738.22,12707.12,27820.67
418,1601,2023-04-09,12707.12,3,2,2,7082.45,2688.8,40527.79
418,829,2024-12-07,2688.8,4,4,4,12707.12,,43216.59
419,2951,2023-12-11,8926.98,1,2,2,,20842.64,8926.98
419,531,2024-11-29,20842.64,2,1,1,8926.98,2958.61,29769.62
419,3030,2025-11-10,2958.61,3,3,3,20842.64,,32728.23
420,543,2023-12-03,6096.49,1,1,1,,3974.58,6096.49
420,489,2024-02-13,3974.58,2,2,2,6096.49,,10071.07
421,83,2022-12-12,7606.73,1,2,2,,3382.8,7606.73
421,2542,2023-01-31,3382.8,2,4,4,7606.73,5530.83,10989.53
421,3365,2024-05-26,5530.83,3,3,3,3382.8,747.56,16520.36
421,2960,2025-08-08,747.56,4,5,5,5530.83,22090.66,17267.92
421,95,2025-08-14,22090.66,5,1,1,747.56,,39358.58
422,2504,2023-04-19,10001.36,1,1,1,,2557.5,10001.36
422,2662,2024-03-25,2557.5,2,2,2,10001.36,2130.03,12558.86
422,2073,2026-04-11,2130.03,3,3,3,2557.5,,14688.89
423,264,2023-02-13,8188.9,1,3,3,,10525.74,8188.9
423,2961,2023-10-31,10525.74,2,2,2,8188.9,19900.88,18714.64
423,3104,2023-12-11,19900.88,3,1,1,10525.74,,38615.52
424,2423,2022-11-15,6340.21,1,4,4,,13497.63,6340.21
424,3294,2023-05-17,13497.63,2,3,3,6340.21,18972.69,19837.84
424,2633,2023-06-28,18972.69,3,1,1,13497.63,15497.67,38810.53
424,2825,2024-06-26,15497.67,4,2,2,18972.69,831.12,54308.2
424,1830,2026-03-13,831.12,5,5,5,15497.67,,55139.32
425,638,2022-11-20,9902.29,1,2,2,,1056.64,9902.29
425,1062,2024-09-20,1056.64,2,6,6,9902.29,8951.49,10958.93
425,3089,2024-10-02,8951.49,3,3,3,1056.64,2481.28,19910.42
425,922,2024-12-23,2481.28,4,4,4,8951.49,1185.9,22391.7
425,527,2026-06-23,1185.9,5,5,5,2481.28,13530.57,23577.6
425,2811,2026-07-03,13530.57,6,1,1,1185.9,,37108.17
426,226,2025-01-10,3248.67,1,3,3,,9503.6,3248.67
426,2671,2025-02-04,9503.6,2,2,2,3248.67,14218.18,12752.27
426,3157,2025-02-12,14218.18,3,1,1,9503.6,,26970.45
427,1528,2024-05-25,1142.51,1,4,4,,10522.05,1142.51
427,2052,2025-02-21,10522.05,2,2,2,1142.51,2896.05,11664.56
427,2285,2025-04-09,2896.05,3,3,3,10522.05,15004.31,14560.61
427,1007,2026-06-01,15004.31,4,1,1,2896.05,,29564.92
428,1097,2023-03-20,19729.65,1,1,1,,,19729.65
429,316,2023-09-21,17145.4,1,1,1,,12621.41,17145.4
429,1635,2024-03-21,12621.41,2,2,2,17145.4,,29766.81
431,2739,2025-04-24,2743.38,1,3,3,,8920.94,2743.38
431,1431,2025-09-03,8920.94,2,2,2,2743.38,14898.88,11664.32
431,2928,2026-07-09,14898.88,3,1,1,8920.94,,26563.2
432,3057,2023-03-07,28466.09,1,1,1,,3618.96,28466.09
432,869,2024-12-30,3618.96,2,5,5,28466.09,18991.14,32085.05
432,3001,2025-05-29,18991.14,3,2,2,3618.96,11345.14,51076.19
432,1136,2025-07-26,11345.14,4,4,4,18991.14,17190.0,62421.33
432,882,2026-06-04,17190.0,5,3,3,11345.14,,79611.33
434,2394,2024-04-07,1719.04,1,2,2,,2711.56,1719.04
434,2998,2024-04-16,2711.56,2,1,1,1719.04,,4430.6
435,2698,2022-09-23,10399.36,1,3,3,,25029.43,10399.36
435,3123,2023-12-08,25029.43,2,1,1,10399.36,5623.48,35428.79
435,3285,2024-05-14,5623.48,3,4,4,25029.43,2464.96,41052.27
435,2239,2024-11-12,2464.96,4,5,5,5623.48,12184.3,43517.23
435,1450,2025-04-04,12184.3,5,2,2,2464.96,,55701.53
436,1305,2024-09-03,15476.57,1,2,2,,20764.96,15476.57
436,2675,2025-10-02,20764.96,2,1,1,15476.57,1304.03,36241.53
436,606,2025-12-03,1304.03,3,3,3,20764.96,269.49,37545.56
436,2661,2026-02-22,269.49,4,4,4,1304.03,,37815.05
437,2877,2025-06-12,13679.29,1,1,1,,,13679.29
438,1455,2024-12-14,13305.51,1,1,1,,,13305.51
439,944,2022-08-12,9615.64,1,4,4,,1126.55,9615.64
439,2735,2022-10-31,1126.55,2,5,5,9615.64,10146.46,10742.19
439,3106,2024-03-16,10146.46,3,2,2,1126.55,9974.18,20888.65
439,2366,2024-09-03,9974.18,4,3,3,10146.46,13280.88,30862.83
439,1687,2025-06-27,13280.88,5,1,1,9974.18,,44143.71
440,2402,2023-01-31,5106.76,1,3,3,,5525.85,5106.76
440,2111,2024-07-13,5525.85,2,2,2,5106.76,15941.85,10632.61
440,1003,2024-07-25,15941.85,3,1,1,5525.85,3087.37,26574.46
440,3259,2025-01-24,3087.37,4,4,4,15941.85,,29661.83
441,1180,2022-10-27,11801.96,1,5,5,,21943.39,11801.96
441,149,2024-06-28,21943.39,2,3,3,11801.96,28099.23,33745.35
441,594,2025-03-07,28099.23,3,1,1,21943.39,16161.44,61844.58
441,2375,2026-02-12,16161.44,4,4,4,28099.23,22592.07,78006.02
441,3105,2026-03-26,22592.07,5,2,2,16161.44,,100598.09
442,1759,2022-12-02,2415.72,1,3,3,,4546.84,2415.72
442,2556,2023-07-18,4546.84,2,2,2,2415.72,8785.9,6962.56
442,1513,2025-03-19,8785.9,3,1,1,4546.84,,15748.46
443,1484,2022-12-17,10752.81,1,4,4,,7026.83,10752.81
443,2567,2023-07-21,7026.83,2,5,5,10752.81,19829.88,17779.64
443,1608,2024-06-23,19829.88,3,2,2,7026.83,18308.86,37609.52
443,2858,2024-08-31,18308.86,4,3,3,19829.88,22749.88,55918.38
443,3150,2025-06-25,22749.88,5,1,1,18308.86,,78668.26
444,1265,2023-12-29,15544.07,1,1,1,,14609.88,15544.07
444,1277,2025-03-31,14609.88,2,2,2,15544.07,,30153.95
445,834,2026-02-04,13843.0,1,1,1,,8087.17,13843.0
445,263,2026-04-19,8087.17,2,2,2,13843.0,,21930.17
449,2956,2023-03-09,13957.2,1,2,2,,17444.88,13957.2
449,3392,2023-12-10,17444.88,2,1,1,13957.2,186.88,31402.08
449,2346,2025-10-21,186.88,3,3,3,17444.88,,31588.96
450,2062,2024-02-01,1039.64,1,2,2,,2904.78,1039.64
450,1287,2024-06-09,2904.78,2,1,1,1039.64,,3944.42
452,370,2023-03-24,10743.48,1,2,2,,20171.17,10743.48
452,3444,2023-05-09,20171.17,2,1,1,10743.48,,30914.65
453,2338,2023-06-24,12004.74,1,3,3,,17313.14,12004.74
453,2489,2024-06-24,17313.14,2,2,2,12004.74,24372.87,29317.88
453,2667,2026-02-08,24372.87,3,1,1,17313.14,,53690.75
454,1933,2022-11-29,7049.11,1,8,8,,14147.2,7049.11
454,524,2023-04-04,14147.2,2,4,4,7049.11,11784.83,21196.31
454,1869,2023-05-11,11784.83,3,5,5,14147.2,7459.62,32981.14
454,2562,2025-03-11,7459.62,4,7,7,11784.83,18217.4,40440.76
454,2313,2025-09-25,18217.4,5,1,1,7459.62,9702.51,58658.16
454,3272,2025-12-28,9702.51,6,6,6,18217.4,14614.89,68360.67
454,1051,2026-01-17,14614.89,7,3,3,9702.51,16406.28,82975.56
454,2941,2026-02-26,16406.28,8,2,2,14614.89,,99381.84
455,1386,2022-08-11,5406.84,1,4,4,,13204.35,5406.84
455,2213,2022-09-01,13204.35,2,1,1,5406.84,3371.3,18611.19
455,1080,2024-10-04,3371.3,3,5,5,13204.35,8805.92,21982.49
455,2252,2025-07-21,8805.92,4,2,2,3371.3,2664.97,30788.41
455,1926,2026-04-29,2664.97,5,6,6,8805.92,7093.77,33453.38
455,3439,2026-08-02,7093.77,6,3,3,2664.97,,40547.15
456,2917,2023-06-03,7236.18,1,3,3,,10296.68,7236.18
456,3324,2023-06-17,10296.68,2,2,2,7236.18,24532.8,17532.86
456,1779,2025-05-08,24532.8,3,1,1,10296.68,,42065.66
457,814,2024-09-14,11825.39,1,1,1,,,11825.39
458,945,2023-02-09,26349.58,1,1,1,,13681.94,26349.58
458,2020,2023-04-12,13681.94,2,2,2,26349.58,4249.2,40031.52
458,2206,2026-04-10,4249.2,3,3,3,13681.94,,44280.72
459,1561,2024-10-03,6914.36,1,1,1,,2088.96,6914.36
459,2569,2026-08-02,2088.96,2,2,2,6914.36,,9003.32
460,2033,2024-05-17,8262.78,1,1,1,,8037.59,8262.78
460,2807,2025-08-04,8037.59,2,2,2,8262.78,,16300.37
461,900,2023-07-01,9543.02,1,2,2,,1521.57,9543.02
461,1271,2024-11-14,1521.57,2,5,5,9543.02,8761.02,11064.59
461,1836,2024-11-26,8761.02,3,3,3,1521.57,2008.96,19825.61
461,2985,2026-05-30,2008.96,4,4,4,8761.02,20715.77,21834.57
461,2225,2026-07-20,20715.77,5,1,1,2008.96,,42550.34
462,1543,2023-09-18,25619.91,1,1,1,,22911.78,25619.91
462,2592,2024-02-21,22911.78,2,2,2,25619.91,10291.39,48531.69
462,1897,2024-09-07,10291.39,3,3,3,22911.78,,58823.08
463,854,2022-12-24,24273.57,1,1,1,,4451.05,24273.57
463,285,2023-03-30,4451.05,2,2,2,24273.57,2770.0,28724.62
463,2466,2023-10-25,2770.0,3,3,3,4451.05,,31494.62
464,1068,2024-11-02,21749.83,1,1,1,,,21749.83
465,2732,2023-03-08,4207.93,1,4,4,,14393.95,4207.93
465,210,2024-07-25,14393.95,2,2,2,4207.93,5017.84,18601.88
465,1311,2024-12-19,5017.84,3,3,3,14393.95,27367.32,23619.72
465,742,2026-05-11,27367.32,4,1,1,5017.84,,50987.04
466,3370,2023-04-14,12326.24,1,3,3,,23104.24,12326.24
466,2328,2024-02-28,23104.24,2,1,1,12326.24,16745.62,35430.48
466,671,2025-08-07,16745.62,3,2,2,23104.24,3811.75,52176.1
466,954,2026-01-03,3811.75,4,6,6,16745.62,7804.32,55987.85
466,3244,2026-03-07,7804.32,5,5,5,3811.75,7986.19,63792.17
466,1953,2026-08-09,7986.19,6,4,4,7804.32,,71778.36
467,2988,2024-08-17,5133.78,1,1,1,,,5133.78
468,2869,2022-11-10,17822.33,1,1,1,,7797.65,17822.33
468,2103,2023-07-01,7797.65,2,5,5,17822.33,13989.62,25619.98
468,1440,2026-01-12,13989.62,3,4,4,7797.65,14012.77,39609.6
468,1489,2026-04-05,14012.77,4,3,3,13989.62,14698.5,53622.37
468,992,2026-08-10,14698.5,5,2,2,14012.77,,68320.87
469,2834,2022-09-23,14442.28,1,2,2,,22104.76,14442.28
469,2894,2023-03-24,22104.76,2,1,1,14442.28,11119.15,36547.04
469,988,2023-05-09,11119.15,3,3,3,22104.76,,47666.19
470,1114,2023-02-05,4306.08,1,1,1,,,4306.08
471,2102,2023-10-26,3072.88,1,2,2,,4034.49,3072.88
471,2065,2024-12-23,4034.49,2,1,1,3072.88,,7107.37
472,893,2023-03-07,2523.98,1,2,2,,4007.22,2523.98
472,2067,2023-06-04,4007.22,2,1,1,2523.98,,6531.2
473,631,2024-05-12,2312.31,1,2,2,,13285.78,2312.31
473,1923,2026-08-09,13285.78,2,1,1,2312.31,,15598.09
474,10,2022-08-11,510.7,1,4,4,,17921.83,510.7
474,1573,2022-09-01,17921.83,2,2,2,510.7,10171.35,18432.53
474,3206,2024-05-25,10171.35,3,3,3,17921.83,31358.39,28603.88
474,2818,2024-08-23,31358.39,4,1,1,10171.35,,59962.27
475,774,2022-10-17,17151.5,1,1,1,,12096.83,17151.5
475,718,2022-12-28,12096.83,2,2,2,17151.5,3303.72,29248.33
475,369,2025-04-04,3303.72,3,3,3,12096.83,,32552.05
476,731,2024-05-13,24227.41,1,1,1,,5949.47,24227.41
476,2047,2026-08-06,5949.47,2,2,2,24227.41,,30176.88
478,1927,2024-11-20,7910.27,1,2,2,,780.91,7910.27
478,12,2025-04-27,780.91,2,3,3,7910.27,14885.94,8691.18
478,1201,2025-08-21,14885.94,3,1,1,780.91,,23577.12
479,886,2025-10-31,8570.53,1,1,1,,,8570.53
480,1079,2024-06-29,4204.34,1,1,1,,,4204.34
481,2105,2023-09-04,2624.79,1,4,4,,4350.06,2624.79
481,1131,2025-05-29,4350.06,2,3,3,2624.79,6009.14,6974.85
481,2770,2025-07-29,6009.14,3,2,2,4350.06,16402.79,12983.99
481,2590,2026-06-21,16402.79,4,1,1,6009.14,,29386.78
482,482,2024-04-12,23451.88,1,1,1,,9534.04,23451.88
482,647,2026-04-17,9534.04,2,2,2,23451.88,,32985.92
483,1283,2022-11-20,16838.55,1,1,1,,12049.7,16838.55
483,796,2023-02-08,12049.7,2,2,2,16838.55,11205.68,28888.25
483,616,2023-05-22,11205.68,3,4,4,12049.7,11463.94,40093.93
483,1016,2026-02-27,11463.94,4,3,3,11205.68,,51557.87
484,1890,2023-03-15,3078.24,1,4,4,,14084.11,3078.24
484,1590,2023-08-11,14084.11,2,1,1,3078.24,8799.57,17162.35
484,641,2024-06-22,8799.57,3,3,3,14084.11,11409.17,25961.92
484,1269,2025-12-22,11409.17,4,2,2,8799.57,,37371.09
485,43,2023-01-28,19159.82,1,1,1,,14796.96,19159.82
485,1729,2023-02-27,14796.96,2,3,3,19159.82,16721.2,33956.78
485,904,2025-01-13,16721.2,3,2,2,14796.96,,50677.98
486,1192,2025-07-17,8210.12,1,1,1,,,8210.12
487,2476,2023-05-09,3862.57,1,3,3,,15118.69,3862.57
487,3346,2023-09-28,15118.69,2,1,1,3862.57,10327.49,18981.26
487,3168,2026-05-25,10327.49,3,2,2,15118.69,,29308.75
488,468,2023-06-14,298.74,1,3,3,,36392.52,298.74
488,211,2024-02-13,36392.52,2,1,1,298.74,19816.86,36691.26
488,2461,2025-11-17,19816.86,3,2,2,36392.52,,56508.12
489,3010,2023-01-15,6142.73,1,1,1,,1260.09,6142.73
489,2499,2024-01-26,1260.09,2,2,2,6142.73,,7402.82
490,1225,2023-07-23,2590.3,1,4,4,,13418.1,2590.3
490,3429,2023-12-09,13418.1,2,1,1,2590.3,6087.34,16008.4
490,318,2024-04-20,6087.34,3,2,2,13418.1,3346.42,22095.74
490,2684,2025-04-24,3346.42,4,3,3,6087.34,,25442.16
491,3296,2022-09-07,11125.05,1,2,2,,4789.64,11125.05
491,1896,2023-08-15,4789.64,2,3,3,11125.05,13441.35,15914.69
491,1655,2026-07-05,13441.35,3,1,1,4789.64,,29356.04
492,844,2023-03-23,18117.44,1,1,1,,16435.62,18117.44
492,2128,2025-02-15,16435.62,2,2,2,18117.44,10288.39,34553.06
492,297,2025-02-19,10288.39,3,3,3,16435.62,,44841.45
493,3333,2023-11-19,6413.39,1,3,3,,12553.61,6413.39
493,31,2024-11-01,12553.61,2,2,2,6413.39,26859.24,18967.0
493,1313,2026-02-06,26859.24,3,1,1,12553.61,,45826.24
494,1425,2023-03-06,15118.15,1,2,2,,12912.64,15118.15
494,42,2023-12-23,12912.64,2,3,3,15118.15,16582.91,28030.79
494,1685,2024-10-25,16582.91,3,1,1,12912.64,6014.54,44613.7
494,1580,2025-09-30,6014.54,4,4,4,16582.91,,50628.24
495,25,2022-11-16,13010.29,1,2,2,,16651.01,13010.29
495,1464,2024-09-21,16651.01,2,1,1,13010.29,,29661.3
496,2823,2023-03-13,9564.93,1,2,2,,8967.41,9564.93
496,2208,2025-02-13,8967.41,2,3,3,9564.93,8905.11,18532.34
496,2295,2025-07-18,8905.11,3,4,4,8967.41,9659.05,27437.45
496,1683,2025-11-18,9659.05,4,1,1,8905.11,5276.4,37096.5
496,2537,2026-06-18,5276.4,5,5,5,9659.05,,42372.9
497,2720,2024-10-14,27558.56,1,1,1,,,27558.56
498,1156,2023-06-26,15692.91,1,2,2,,24112.28,15692.91
498,2296,2024-01-09,24112.28,2,1,1,15692.91,5508.56,39805.19
498,2953,2024-08-02,5508.56,3,4,4,24112.28,7890.22,45313.75
498,311,2025-01-13,7890.22,4,3,3,5508.56,3400.7,53203.97
498,1504,2025-06-06,3400.7,5,6,6,7890.22,4104.7,56604.67
498,1218,2025-07-08,4104.7,6,5,5,3400.7,,60709.37
499,46,2022-10-17,2673.84,1,4,4,,18616.27,2673.84
499,2275,2024-07-30,18616.27,2,2,2,2673.84,19704.63,21290.11
499,2588,2024-10-12,19704.63,3,1,1,18616.27,10552.1,40994.74
499,423,2026-06-17,10552.1,4,3,3,19704.63,1098.96,51546.84
499,1773,2026-08-10,1098.96,5,5,5,10552.1,,52645.8
500,2564,2023-06-09,5829.11,1,4,4,,14749.79,5829.11
500,3074,2025-04-02,14749.79,2,1,1,5829.11,14446.84,20578.9
500,979,2025-07-10,14446.84,3,2,2,14749.79,7591.5,35025.74
500,1208,2025-11-14,7591.5,4,3,3,14446.84,,42617.24
501,587,2023-03-02,21471.1,1,1,1,,4863.0,21471.1
501,3239,2024-09-19,4863.0,2,3,3,21471.1,16580.58,26334.1
501,2713,2025-04-11,16580.58,3,2,2,4863.0,4436.26,42914.68
501,2769,2025-07-09,4436.26,4,4,4,16580.58,,47350.94
502,2782,2023-10-21,25276.95,1,1,1,,14432.13,25276.95
502,314,2024-12-08,14432.13,2,2,2,25276.95,,39709.08
503,2970,2023-10-24,19192.68,1,1,1,,245.32,19192.68
503,3084,2025-12-23,245.32,2,3,3,19192.68,12140.78,19438.0
503,2902,2026-06-10,12140.78,3,2,2,245.32,,31578.78
504,2004,2024-03-06,5702.66,1,1,1,,1222.0,5702.66
504,3267,2024-11-11,1222.0,2,2,2,5702.66,,6924.66
505,146,2023-04-12,6704.04,1,2,2,,2568.68,6704.04
505,197,2025-07-16,2568.68,2,3,3,6704.04,9632.04,9272.72
505,1751,2026-06-13,9632.04,3,1,1,2568.68,,18904.76
506,3078,2022-12-29,28293.45,1,1,1,,18720.53,28293.45
506,1249,2024-07-26,18720.53,2,2,2,28293.45,,47013.98
507,3072,2023-04-04,14026.95,1,1,1,,,14026.95
508,1891,2022-10-04,15640.42,1,2,2,,22467.82,15640.42
508,3432,2025-02-02,22467.82,2,1,1,15640.42,1641.8,38108.24
508,1682,2025-02-09,1641.8,3,3,3,22467.82,,39750.04
509,526,2023-12-08,10763.04,1,1,1,,6686.61,10763.04
509,2836,2026-01-26,6686.61,2,2,2,10763.04,,17449.65
510,44,2023-01-06,5030.8,1,1,1,,543.12,5030.8
510,2116,2026-07-16,543.12,2,2,2,5030.8,,5573.92
511,2748,2022-12-07,3435.39,1,2,2,,9583.09,3435.39
511,3404,2026-03-06,9583.09,2,1,1,3435.39,,13018.48
512,434,2025-03-26,10706.15,1,3,3,,6271.51,10706.15
512,433,2025-07-27,6271.51,2,4,4,10706.15,23702.72,16977.66
512,288,2025-07-28,23702.72,3,1,1,6271.51,14893.55,40680.38
512,1914,2025-12-15,14893.55,4,2,2,23702.72,,55573.93
513,396,2024-01-25,17368.11,1,3,3,,12268.88,17368.11
513,1463,2025-01-23,12268.88,2,4,4,17368.11,18497.34,29636.99
513,1727,2026-04-01,18497.34,3,2,2,12268.88,18590.96,48134.33
513,138,2026-05-12,18590.96,4,1,1,18497.34,,66725.29
514,1223,2024-08-09,12277.78,1,1,1,,,12277.78
515,2396,2023-05-14,3976.03,1,4,4,,10287.19,3976.03
515,689,2024-04-02,10287.19,2,2,2,3976.03,9606.64,14263.22
515,2325,2024-08-01,9606.64,3,3,3,10287.19,15538.78,23869.86
515,995,2024-08-16,15538.78,4,1,1,9606.64,,39408.64
516,1355,2023-06-25,4198.26,1,3,3,,20696.49,4198.26
516,2117,2024-11-21,20696.49,2,1,1,4198.26,5549.48,24894.75
516,1906,2026-02-25,5549.48,3,2,2,20696.49,,30444.23
518,333,2023-06-10,2720.97,1,4,4,,15741.41,2720.97
518,1828,2024-06-17,15741.41,2,2,2,2720.97,12762.91,18462.38
518,1279,2024-12-08,12762.91,3,3,3,15741.41,16422.31,31225.29
518,1340,2025-04-24,16422.31,4,1,1,12762.91,,47647.6
519,920,2023-12-14,25223.25,1,2,2,,11045.95,25223.25
519,3216,2024-04-07,11045.95,2,3,3,25223.25,35332.51,36269.2
519,1956,2025-12-24,35332.51,3,1,1,11045.95,,71601.71
520,3158,2022-10-19,11859.46,1,3,3,,10681.16,11859.46
520,697,2024-04-19,10681.16,2,4,4,11859.46,17444.19,22540.62
520,3415,2024-10-28,17444.19,3,2,2,10681.16,2188.75,39984.81
520,2373,2024-11-13,2188.75,4,5,5,17444.19,33394.98,42173.56
520,2798,2024-12-24,33394.98,5,1,1,2188.75,,75568.54
521,2424,2022-09-13,3253.06,1,4,4,,7937.53,3253.06
521,1928,2023-03-29,7937.53,2,2,2,3253.06,6858.1,11190.59
521,467,2023-05-26,6858.1,3,3,3,7937.53,2283.12,18048.69
521,3377,2023-10-15,2283.12,4,5,5,6858.1,22890.76,20331.81
521,2916,2025-08-25,22890.76,5,1,1,2283.12,,43222.57
523,2687,2025-05-21,4774.39,1,1,1,,,4774.39
524,2348,2026-04-24,5985.74,1,2,2,,14463.65,5985.74
524,2160,2026-07-21,14463.65,2,1,1,5985.74,,20449.39
525,1619,2023-09-24,8764.47,1,2,2,,1247.62,8764.47
525,1151,2023-10-09,1247.62,2,4,4,8764.47,8109.69,10012.09
525,3031,2025-08-22,8109.69,3,3,3,1247.62,27862.93,18121.78
525,1972,2026-01-10,27862.93,4,1,1,8109.69,,45984.71
526,1407,2024-06-16,18962.57,1,1,1,,2630.52,18962.57
526,518,2025-04-07,2630.52,2,5,5,18962.57,12581.46,21593.09
526,1761,2025-11-29,12581.46,3,3,3,2630.52,5344.82,34174.55
526,914,2025-12-16,5344.82,4,4,4,12581.46,16333.74,39519.37
526,1234,2026-07-04,16333.74,5,2,2,5344.82,,55853.11
527,1725,2023-02-12,17070.11,1,1,1,,,17070.11
528,1015,2022-11-05,769.97,1,4,4,,2472.16,769.97
528,1159,2024-12-10,2472.16,2,3,3,769.97,21555.39,3242.13
528,2412,2026-07-27,21555.39,3,2,2,2472.16,22973.4,24797.52
528,663,2026-08-07,22973.4,4,1,1,21555.39,,47770.92
529,125,2024-12-24,36409.29,1,1,1,,30879.38,36409.29
529,1615,2026-03-09,30879.38,2,2,2,36409.29,,67288.67
530,1349,2023-11-05,21456.69,1,1,1,,11181.0,21456.69
530,3148,2024-03-18,11181.0,2,2,2,21456.69,,32637.69
531,599,2023-08-05,18869.7,1,1,1,,11006.37,18869.7
531,3051,2024-07-16,11006.37,2,2,2,18869.7,10748.89,29876.07
531,1989,2025-12-24,10748.89,3,3,3,11006.37,,40624.96
532,2001,2024-05-15,12639.12,1,1,1,,7929.56,12639.12
532,1863,2024-07-24,7929.56,2,4,4,12639.12,8096.88,20568.68
532,2522,2024-10-06,8096.88,3,3,3,7929.56,9205.02,28665.56
532,2780,2026-08-10,9205.02,4,2,2,8096.88,,37870.58
533,3139,2024-12-30,1461.75,1,2,2,,32515.74,1461.75
533,3338,2026-04-07,32515.74,2,1,1,1461.75,,33977.49
535,1523,2026-06-17,28210.99,1,1,1,,,28210.99
536,1877,2024-04-07,2507.51,1,3,3,,4832.75,2507.51
536,790,2025-09-17,4832.75,2,2,2,2507.51,9431.06,7340.26
536,664,2025-10-06,9431.06,3,1,1,4832.75,,16771.32
537,2750,2023-06-07,4183.73,1,3,3,,31393.07,4183.73
537,1133,2023-12-08,31393.07,2,1,1,4183.73,30344.66,35576.8
537,1189,2025-02-15,30344.66,3,2,2,31393.07,,65921.46
538,1903,2023-12-01,7305.08,1,1,1,,,7305.08
539,2179,2023-03-10,3006.94,1,4,4,,19977.94,3006.94
539,3276,2023-11-21,19977.94,2,1,1,3006.94,15915.44,22984.88
539,2593,2024-04-18,15915.44,3,2,2,19977.94,5723.92,38900.32
539,2114,2025-10-03,5723.92,4,3,3,15915.44,,44624.24
540,816,2023-07-12,18161.16,1,1,1,,4189.68,18161.16
540,1364,2023-11-26,4189.68,2,2,2,18161.16,,22350.84
541,2148,2024-03-15,14435.04,1,2,2,,25797.84,14435.04
541,78,2025-05-24,25797.84,2,1,1,14435.04,6307.08,40232.88
541,2761,2026-04-26,6307.08,3,4,4,25797.84,13564.48,46539.96
541,2508,2026-08-04,13564.48,4,3,3,6307.08,,60104.44
542,1094,2023-12-05,4975.71,1,3,3,,10389.46,4975.71
542,2029,2025-05-18,10389.46,2,2,2,4975.71,17572.67,15365.17
542,584,2025-12-02,17572.67,3,1,1,10389.46,,32937.84
543,2973,2025-07-12,5263.14,1,2,2,,14376.11,5263.14
543,545,2025-08-09,14376.11,2,1,1,5263.14,,19639.25
544,1570,2023-10-11,17226.47,1,1,1,,5832.87,17226.47
544,3202,2024-05-27,5832.87,2,2,2,17226.47,450.77,23059.34
544,819,2024-08-17,450.77,3,4,4,5832.87,4028.85,23510.11
544,131,2025-01-21,4028.85,4,3,3,450.77,,27538.96
545,1964,2023-01-22,7122.62,1,1,1,,2653.77,7122.62
545,1310,2023-12-28,2653.77,2,2,2,7122.62,,9776.39
546,1531,2023-11-10,1942.94,1,4,4,,7781.22,1942.94
546,3215,2025-01-12,7781.22,2,3,3,1942.94,9636.96,9724.16
546,2756,2025-02-25,9636.96,3,2,2,7781.22,11955.45,19361.12
546,2437,2025-12-14,11955.45,4,1,1,9636.96,,31316.57
547,1944,2022-10-20,1466.64,1,5,5,,13639.11,1466.64
547,109,2023-01-07,13639.11,2,1,1,1466.64,9959.6,15105.75
547,789,2023-12-03,9959.6,3,3,3,13639.11,806.36,25065.35
547,1382,2024-03-05,806.36,4,6,6,9959.6,10065.38,25871.71
547,1937,2024-09-07,10065.38,5,2,2,806.36,1605.15,35937.09
547,911,2025-07-14,1605.15,6,4,4,10065.38,,37542.24
548,927,2023-02-27,16918.48,1,1,1,,6081.77,16918.48
548,181,2023-10-25,6081.77,2,4,4,16918.48,7302.69,23000.25
548,1753,2025-11-17,7302.69,3,3,3,6081.77,15712.06,30302.94
548,610,2026-03-16,15712.06,4,2,2,7302.69,,46015.0
549,535,2023-03-13,33563.69,1,1,1,,15542.33,33563.69
549,960,2024-02-04,15542.33,2,2,2,33563.69,,49106.02
550,563,2025-08-31,3107.82,1,2,2,,641.46,3107.82
550,2386,2026-05-12,641.46,2,3,3,3107.82,16046.08,3749.28
550,649,2026-05-19,16046.08,3,1,1,641.46,,19795.36
551,2718,2023-02-11,20395.0,1,1,1,,14129.65,20395.0
551,2138,2025-12-02,14129.65,2,2,2,20395.0,7674.7,34524.65
551,1593,2026-01-02,7674.7,3,3,3,14129.65,,42199.35
552,50,2023-05-14,18890.33,1,1,1,,6950.83,18890.33
552,1606,2025-11-18,6950.83,2,2,2,18890.33,3856.09,25841.16
552,216,2026-05-22,3856.09,3,3,3,6950.83,,29697.25
554,401,2024-07-09,10495.24,1,2,2,,4996.14,10495.24
554,234,2024-08-28,4996.14,2,3,3,10495.24,15982.75,15491.38
554,2264,2025-06-14,15982.75,3,1,1,4996.14,,31474.13
555,1213,2023-01-01,9241.66,1,2,2,,8313.2,9241.66
555,217,2025-01-30,8313.2,2,3,3,9241.66,14768.84,17554.86
555,1374,2025-03-16,14768.84,3,1,1,8313.2,,32323.7
556,1174,2022-10-27,4886.86,1,2,2,,4258.03,4886.86
556,1858,2024-11-17,4258.03,2,3,3,4886.86,18069.29,9144.89
556,2754,2025-11-09,18069.29,3,1,1,4258.03,,27214.18
557,1411,2023-03-14,14486.23,1,1,1,,,14486.23
558,3255,2025-10-07,21560.99,1,1,1,,503.28,21560.99
558,1418,2026-03-06,503.28,2,2,2,21560.99,,22064.27
559,179,2025-09-11,8668.84,1,1,1,,7496.48,8668.84
559,393,2026-02-04,7496.48,2,2,2,8668.84,,16165.32
560,1789,2023-01-22,10452.6,1,2,2,,11861.97,10452.6
560,2205,2024-09-07,11861.97,2,1,1,10452.6,8852.09,22314.57
560,1014,2025-10-06,8852.09,3,3,3,11861.97,,31166.66
561,395,2022-08-31,378.57,1,5,5,,11118.96,378.57
561,411,2023-09-15,11118.96,2,1,1,378.57,2931.85,11497.53
561,2310,2025-03-30,2931.85,3,2,2,11118.96,1449.84,14429.38
561,3127,2025-11-08,1449.84,4,4,4,2931.85,2687.12,15879.22
561,1084,2026-06-15,2687.12,5,3,3,1449.84,,18566.34
562,2143,2023-08-13,7724.57,1,4,4,,9754.88,7724.57
562,1603,2024-09-18,9754.88,2,2,2,7724.57,7145.48,17479.45
562,1743,2025-06-01,7145.48,3,5,5,9754.88,8345.28,24624.93
562,2349,2025-08-05,8345.28,4,3,3,7145.48,23665.84,32970.21
562,3413,2026-07-29,23665.84,5,1,1,8345.28,,56636.05
563,1905,2024-11-16,2126.27,1,1,1,,,2126.27
566,2496,2022-10-02,3857.23,1,1,1,,,3857.23
567,3109,2022-10-04,6360.34,1,4,4,,13073.42,6360.34
567,2266,2023-04-18,13073.42,2,3,3,6360.34,17937.62,19433.76
567,953,2023-06-28,17937.62,3,2,2,13073.42,33948.97,37371.38
567,1238,2026-04-08,33948.97,4,1,1,17937.62,,71320.35
568,2959,2024-02-22,25426.19,1,1,1,,15029.13,25426.19
568,749,2026-06-19,15029.13,2,2,2,25426.19,,40455.32
569,354,2024-02-02,1138.94,1,4,4,,15504.81,1138.94
569,1917,2024-04-30,15504.81,2,1,1,1138.94,10346.79,16643.75
569,221,2026-01-20,10346.79,3,3,3,15504.81,12583.59,26990.54
569,738,2026-06-02,12583.59,4,2,2,10346.79,,39574.13
570,1388,2024-12-26,5670.88,1,4,4,,12345.1,5670.88
570,3002,2025-06-25,12345.1,2,2,2,5670.88,5488.84,18015.98
570,410,2025-10-18,5488.84,3,5,5,12345.1,10909.34,23504.82
570,1988,2026-03-01,10909.34,4,3,3,5488.84,19863.34,34414.16
570,3382,2026-03-26,19863.34,5,1,1,10909.34,,54277.5
571,589,2022-09-19,3790.36,1,4,4,,10905.57,3790.36
571,340,2022-11-29,10905.57,2,2,2,3790.36,8239.27,14695.93
571,2886,2025-02-07,8239.27,3,3,3,10905.57,11629.96,22935.2
571,2705,2025-10-11,11629.96,4,1,1,8239.27,,34565.16
572,1713,2022-12-30,11891.36,1,1,1,,8299.48,11891.36
572,459,2023-01-11,8299.48,2,2,2,11891.36,,20190.84
573,207,2023-04-07,6141.13,1,1,1,,3403.51,6141.13
573,2513,2025-11-15,3403.51,2,2,2,6141.13,764.5,9544.64
573,2452,2025-12-18,764.5,3,3,3,3403.51,,10309.14
574,1596,2022-09-30,2213.03,1,3,3,,7551.41,2213.03
574,1452,2024-07-15,7551.41,2,2,2,2213.03,12963.51,9764.44
574,1210,2024-08-02,12963.51,3,1,1,7551.41,,22727.95
575,3141,2023-04-09,1209.33,1,1,1,,,1209.33
576,1185,2023-05-15,16862.34,1,2,2,,35098.57,16862.34
576,1741,2023-11-10,35098.57,2,1,1,16862.34,,51960.91
577,403,2022-09-14,5390.59,1,4,4,,24729.71,5390.59
577,1006,2024-11-21,24729.71,2,1,1,5390.59,10114.94,30120.3
577,1372,2025-01-31,10114.94,3,3,3,24729.71,15218.38,40235.24
577,2049,2025-03-15,15218.38,4,2,2,10114.94,2941.55,55453.62
577,715,2026-02-19,2941.55,5,5,5,15218.38,,58395.17
578,1348,2024-11-12,21823.42,1,1,1,,,21823.42
579,2321,2022-10-29,4798.69,1,5,5,,7823.48,4798.69
579,2580,2022-12-23,7823.48,2,3,3,4798.69,6230.65,12622.17
579,2550,2023-02-07,6230.65,3,4,4,7823.48,15460.95,18852.82
579,93,2024-05-17,15460.95,4,1,1,6230.65,4112.09,34313.77
579,817,2025-02-09,4112.09,5,6,6,15460.95,874.45,38425.86
579,2035,2025-11-22,874.45,6,7,7,4112.09,10409.66,39300.31
579,1416,2026-07-16,10409.66,7,2,2,874.45,,49709.97
580,386,2022-11-02,7523.81,1,2,2,,9515.95,7523.81
580,1945,2023-08-21,9515.95,2,1,1,7523.81,2823.64,17039.76
580,1522,2024-10-14,2823.64,3,5,5,9515.95,3939.44,19863.4
580,1823,2025-08-13,3939.44,4,4,4,2823.64,4516.72,23802.84
580,3306,2026-08-06,4516.72,5,3,3,3939.44,,28319.56
581,1060,2024-05-13,12232.58,1,1,1,,,12232.58
582,2507,2023-02-14,14266.8,1,2,2,,5894.33,14266.8
582,1555,2025-04-05,5894.33,2,3,3,14266.8,41029.02,20161.13
582,786,2025-11-16,41029.02,3,1,1,5894.33,,61190.15
583,1118,2022-10-17,12993.97,1,2,2,,212.57,12993.97
583,2568,2025-12-05,212.57,2,3,3,12993.97,13558.38,13206.54
583,3241,2026-03-18,13558.38,3,1,1,212.57,,26764.92
585,2965,2022-12-15,4663.26,1,2,2,,13403.26,4663.26
585,1487,2025-09-19,13403.26,2,1,1,4663.26,,18066.52
586,2235,2025-11-15,9405.23,1,2,2,,18131.14,9405.23
586,1250,2026-08-10,18131.14,2,1,1,9405.23,,27536.37
587,1835,2022-11-26,6762.3,1,2,2,,15587.75,6762.3
587,185,2023-03-07,15587.75,2,1,1,6762.3,,22350.05
588,3358,2022-09-22,103.76,1,7,7,,1388.65,103.76
588,2997,2023-01-20,1388.65,2,6,6,103.76,4473.75,1492.41
588,2701,2023-10-14,4473.75,3,5,5,1388.65,30489.52,5966.16
588,274,2025-04-20,30489.52,4,1,1,4473.75,4960.59,36455.68
588,3113,2025-05-30,4960.59,5,4,4,30489.52,13557.75,41416.27
588,2938,2025-06-21,13557.75,6,3,3,4960.59,28741.88,54974.02
588,243,2026-06-19,28741.88,7,2,2,13557.75,,83715.9
589,975,2024-10-05,1316.38,1,3,3,,5975.78,1316.38
589,2487,2025-01-18,5975.78,2,2,2,1316.38,12282.45,7292.16
589,797,2026-06-05,12282.45,3,1,1,5975.78,,19574.61
590,1756,2023-09-13,1234.2,1,6,6,,2170.56,1234.2
590,3151,2024-02-08,2170.56,2,4,4,1234.2,20983.48,3404.76
590,2209,2024-08-14,20983.48,3,2,2,2170.56,10635.99,24388.24
590,3209,2025-07-26,10635.99,4,3,3,20983.48,28001.35,35024.23
590,1719,2026-02-27,28001.35,5,1,1,10635.99,2052.47,63025.58
590,3021,2026-03-13,2052.47,6,5,5,28001.35,,65078.05
591,2892,2022-09-24,2625.69,1,7,7,,9270.9,2625.69
591,475,2022-10-10,9270.9,2,3,3,2625.69,2905.27,11896.59
591,71,2025-03-08,2905.27,3,5,5,9270.9,2248.44,14801.86
591,246,2025-05-03,2248.44,4,8,8,2905.27,22941.7,17050.3
591,1651,2025-06-29,22941.7,5,1,1,2248.44,2745.12,39992.0
591,3436,2025-10-15,2745.12,6,6,6,22941.7,20271.66,42737.12
591,3450,2026-04-11,20271.66,7,2,2,2745.12,4586.33,63008.78
591,2480,2026-06-15,4586.33,8,4,4,20271.66,,67595.11
592,1037,2022-09-27,1891.11,1,2,2,,15648.27,1891.11
592,709,2022-11-02,15648.27,2,1,1,1891.11,743.52,17539.38
592,1677,2025-06-24,743.52,3,3,3,15648.27,,18282.9
593,2104,2024-06-15,3341.55,1,3,3,,8640.64,3341.55
593,1019,2025-01-03,8640.64,2,2,2,3341.55,10826.55,11982.19
593,2384,2025-07-21,10826.55,3,1,1,8640.64,409.47,22808.74
593,2352,2025-10-10,409.47,4,4,4,10826.55,,23218.21
594,2681,2023-04-06,17473.99,1,1,1,,4207.36,17473.99
594,943,2023-06-06,4207.36,2,3,3,17473.99,16073.66,21681.35
594,559,2024-02-11,16073.66,3,2,2,4207.36,3840.96,37755.01
594,1135,2025-01-23,3840.96,4,4,4,16073.66,,41595.97
595,1009,2024-07-28,8950.07,1,2,2,,25525.9,8950.07
595,772,2024-12-11,25525.9,2,1,1,8950.07,,34475.97
597,2027,2022-12-26,14447.53,1,2,2,,9927.03,14447.53
597,3068,2024-03-26,9927.03,2,3,3,14447.53,24413.22,24374.56
597,1164,2026-01-09,24413.22,3,1,1,9927.03,,48787.78
598,2603,2024-01-27,9670.25,1,3,3,,16252.88,9670.25
598,2000,2025-10-29,16252.88,2,2,2,9670.25,21838.31,25923.13
598,255,2025-11-19,21838.31,3,1,1,16252.88,,47761.44
599,746,2023-12-26,8127.96,1,2,2,,14186.06,8127.96
599,2005,2024-12-16,14186.06,2,1,1,8127.96,3789.62,22314.02
599,2389,2026-05-26,3789.62,3,3,3,14186.06,,26103.64
600,2601,2022-08-28,16544.98,1,1,1,,7142.31,16544.98
600,106,2022-12-09,7142.31,2,5,5,16544.98,8147.82,23687.29
600,1565,2023-10-15,8147.82,3,4,4,7142.31,15985.56,31835.11
600,1242,2024-09-05,15985.56,4,2,2,8147.82,10179.66,47820.67
600,1365,2026-07-06,10179.66,5,3,3,15985.56,,58000.33
601,3088,2024-09-09,28416.41,1,1,1,,15731.35,28416.41
601,143,2024-10-02,15731.35,2,2,2,28416.41,,44147.76
602,2273,2022-09-16,3737.89,1,2,2,,815.21,3737.89
602,520,2023-07-29,815.21,2,3,3,3737.89,16107.03,4553.1
602,2647,2025-04-28,16107.03,3,1,1,815.21,,20660.13
603,349,2023-01-31,5035.0,1,3,3,,24557.25,5035.0
603,593,2023-09-28,24557.25,2,1,1,5035.0,13460.58,29592.25
603,753,2025-08-29,13460.58,3,2,2,24557.25,,43052.83
604,3040,2024-04-22,6599.25,1,2,2,,5773.75,6599.25
604,1195,2025-03-24,5773.75,2,3,3,6599.25,4328.36,12373.0
604,2060,2025-12-07,4328.36,3,4,4,5773.75,12214.54,16701.36
604,1444,2026-05-29,12214.54,4,1,1,4328.36,,28915.9
605,2362,2022-11-16,1211.46,1,3,3,,15149.02,1211.46
605,49,2023-02-27,15149.02,2,1,1,1211.46,1346.48,16360.48
605,1197,2023-12-08,1346.48,3,2,2,15149.02,,17706.96
606,1930,2025-01-25,11472.62,1,2,2,,16762.64,11472.62
606,1343,2025-10-29,16762.64,2,1,1,11472.62,,28235.26
608,2069,2024-11-10,21115.83,1,1,1,,2603.39,21115.83
608,555,2026-07-29,2603.39,2,2,2,21115.83,,23719.22
609,3371,2023-10-07,7976.11,1,1,1,,,7976.11
610,2247,2023-08-18,194.22,1,3,3,,24857.51,194.22
610,3291,2025-06-18,24857.51,2,1,1,194.22,15839.77,25051.73
610,389,2026-07-19,15839.77,3,2,2,24857.51,,40891.5
611,1417,2024-02-20,5539.15,1,1,1,,1989.61,5539.15
611,727,2025-07-26,1989.61,2,3,3,5539.15,4849.85,7528.76
611,952,2026-05-21,4849.85,3,2,2,1989.61,,12378.61
612,1895,2025-02-16,1412.92,1,3,3,,7887.12,1412.92
612,1297,2025-06-04,7887.12,2,2,2,1412.92,17765.63,9300.04
612,875,2026-07-27,17765.63,3,1,1,7887.12,,27065.67
613,1800,2023-09-03,17852.28,1,1,1,,592.85,17852.28
613,1419,2024-05-19,592.85,2,4,4,17852.28,10101.12,18445.13
613,2745,2024-11-09,10101.12,3,3,3,592.85,17709.01,28546.25
613,716,2025-05-09,17709.01,4,2,2,10101.12,,46255.26
614,1477,2022-10-07,166.95,1,3,3,,8105.51,166.95
614,3042,2024-08-18,8105.51,2,1,1,166.95,7262.45,8272.46
614,172,2025-10-09,7262.45,3,2,2,8105.51,,15534.91
615,2048,2023-05-08,7453.87,1,3,3,,8030.97,7453.87
615,1222,2024-08-01,8030.97,2,2,2,7453.87,4897.15,15484.84
615,1870,2024-12-18,4897.15,3,4,4,8030.97,12222.6,20381.99
615,135,2025-08-05,12222.6,4,1,1,4897.15,,32604.59
616,3195,2022-09-09,16854.96,1,1,1,,,16854.96
617,1575,2023-01-30,2695.7,1,3,3,,5971.56,2695.7
617,947,2024-08-01,5971.56,2,2,2,2695.7,6349.78,8667.26
617,1029,2026-08-10,6349.78,3,1,1,5971.56,,15017.04
618,1162,2023-03-17,11349.72,1,1,1,,421.14,11349.72
618,3274,2025-05-18,421.14,2,2,2,11349.72,,11770.86
619,14,2024-03-20,7617.13,1,2,2,,798.2,7617.13
619,3363,2024-12-26,798.2,2,3,3,7617.13,17495.85,8415.33
619,3134,2025-07-09,17495.85,3,1,1,798.2,,25911.18
620,426,2022-10-16,3211.95,1,2,2,,2495.51,3211.95
620,1273,2024-04-23,2495.51,2,4,4,3211.95,12173.39,5707.46
620,490,2025-04-07,12173.39,3,1,1,2495.51,83.92,17880.85
620,192,2026-03-31,83.92,4,5,5,12173.39,3167.63,17964.77
620,1050,2026-08-10,3167.63,5,3,3,83.92,,21132.4
621,1312,2023-01-08,1561.48,1,6,6,,2480.98,1561.48
621,1640,2023-09-21,2480.98,2,5,5,1561.48,27756.56,4042.46
621,153,2023-12-12,27756.56,3,1,1,2480.98,5009.2,31799.02
621,2241,2024-08-23,5009.2,4,4,4,27756.56,9697.94,36808.22
621,2775,2025-01-27,9697.94,5,2,2,5009.2,7367.9,46506.16
621,3183,2025-05-12,7367.9,6,3,3,9697.94,,53874.06
622,650,2023-08-28,17328.38,1,2,2,,7648.22,17328.38
622,3283,2023-12-09,7648.22,2,3,3,17328.38,23598.64,24976.6
622,2254,2024-05-02,23598.64,3,1,1,7648.22,224.1,48575.24
622,1321,2025-07-09,224.1,4,4,4,23598.64,,48799.34
623,1918,2023-02-09,5434.46,1,1,1,,344.66,5434.46
623,851,2023-11-16,344.66,2,2,2,5434.46,,5779.12
624,1963,2022-11-17,20715.42,1,1,1,,15765.68,20715.42
624,1684,2023-06-08,15765.68,2,2,2,20715.42,4752.63,36481.1
624,898,2024-05-13,4752.63,3,3,3,15765.68,,41233.73
625,2051,2022-10-07,2647.6,1,5,5,,4076.03,2647.6
625,3159,2023-02-25,4076.03,2,3,3,2647.6,3579.45,6723.63
625,508,2024-04-11,3579.45,3,4,4,4076.03,12531.39,10303.08
625,2664,2024-12-17,12531.39,4,2,2,3579.45,15434.57,22834.47
625,3428,2026-01-14,15434.57,5,1,1,12531.39,,38269.04
626,1480,2023-02-10,10635.29,1,4,4,,20689.46,10635.29
626,1276,2023-08-15,20689.46,2,1,1,10635.29,14059.8,31324.75
626,3180,2023-08-24,14059.8,3,3,3,20689.46,15818.16,45384.55
626,2417,2024-06-29,15818.16,4,2,2,14059.8,,61202.71
627,3356,2023-03-30,3383.8,1,3,3,,19984.39,3383.8
627,540,2023-06-20,19984.39,2,1,1,3383.8,12210.71,23368.19
627,1597,2024-01-24,12210.71,3,2,2,19984.39,,35578.9
628,1560,2026-08-10,15459.38,1,1,1,,,15459.38
630,232,2023-12-27,33604.36,1,1,1,,8960.33,33604.36
630,413,2024-08-29,8960.33,2,4,4,33604.36,16265.38,42564.69
630,1542,2025-01-01,16265.38,3,2,2,8960.33,9865.36,58830.07
630,1824,2026-08-09,9865.36,4,3,3,16265.38,,68695.43
631,2519,2022-08-16,4881.49,1,4,4,,30174.6,4881.49
631,213,2023-03-13,30174.6,2,1,1,4881.49,7081.82,35056.09
631,1675,2024-07-26,7081.82,3,3,3,30174.6,11622.62,42137.91
631,2287,2025-08-07,11622.62,4,2,2,7081.82,,53760.53
632,2367,2024-09-26,27483.95,1,1,1,,,27483.95
633,122,2023-05-14,6792.38,1,2,2,,498.31,6792.38
633,2358,2023-09-29,498.31,2,4,4,6792.38,3346.8,7290.69
633,2794,2024-09-29,3346.8,3,3,3,498.31,14372.1,10637.49
633,2236,2024-10-01,14372.1,4,1,1,3346.8,,25009.59
634,1332,2022-12-28,17392.36,1,2,2,,25131.21,17392.36
634,1357,2026-05-04,25131.21,2,1,1,17392.36,,42523.57
635,335,2025-03-23,29358.09,1,1,1,,4272.1,29358.09
635,1486,2025-09-17,4272.1,2,2,2,29358.09,,33630.19
636,1022,2024-11-19,25616.55,1,1,1,,5832.5,25616.55
636,2191,2025-12-18,5832.5,2,3,3,25616.55,5919.66,31449.05
636,2840,2026-04-02,5919.66,3,2,2,5832.5,,37368.71
637,3449,2023-11-03,7014.92,1,2,2,,1913.46,7014.92
637,1298,2025-06-15,1913.46,2,4,4,7014.92,15668.1,8928.38
637,636,2025-10-30,15668.1,3,1,1,1913.46,6059.8,24596.48
637,3316,2026-06-18,6059.8,4,3,3,15668.1,,30656.28
638,3411,2025-09-23,9610.88,1,1,1,,,9610.88
639,191,2023-07-09,10978.99,1,1,1,,2258.46,10978.99
639,683,2024-10-23,2258.46,2,2,2,10978.99,,13237.45
640,67,2023-09-11,755.76,1,1,1,,,755.76
641,2012,2023-03-05,18436.71,1,1,1,,3878.48,18436.71
641,2844,2023-07-27,3878.48,2,3,3,18436.71,5023.26,22315.19
641,2479,2025-07-21,5023.26,3,2,2,3878.48,,27338.45
642,1899,2022-11-15,2033.55,1,3,3,,28169.03,2033.55
642,3067,2023-05-15,28169.03,2,1,1,2033.55,9243.45,30202.58
642,3308,2023-09-30,9243.45,3,2,2,28169.03,,39446.03
643,228,2023-07-13,20509.29,1,1,1,,,20509.29
644,2627,2023-03-14,8212.23,1,2,2,,26320.19,8212.23
644,1055,2026-04-03,26320.19,2,1,1,8212.23,7931.94,34532.42
644,698,2026-05-14,7931.94,3,3,3,26320.19,,42464.36
645,3247,2023-07-08,22535.76,1,1,1,,7507.76,22535.76
645,2682,2023-09-22,7507.76,2,3,3,22535.76,17804.35,30043.52
645,1490,2025-10-18,17804.35,3,2,2,7507.76,,47847.87
647,357,2024-01-27,11154.54,1,2,2,,14946.64,11154.54
647,136,2025-06-08,14946.64,2,1,1,11154.54,11107.81,26101.18
647,1301,2026-07-26,11107.81,3,3,3,14946.64,,37208.99
648,950,2023-02-09,8262.11,1,3,3,,21709.41,8262.11
648,2121,2024-10-17,21709.41,2,1,1,8262.11,7910.14,29971.52
648,2469,2025-03-28,7910.14,3,4,4,21709.41,18108.21,37881.66
648,1190,2025-04-13,18108.21,4,2,2,7910.14,,55989.87
649,2700,2025-11-09,1717.55,1,1,1,,1626.5,1717.55
649,1366,2026-08-04,1626.5,2,2,2,1717.55,,3344.05
650,3147,2025-02-13,9843.26,1,3,3,,12771.26,9843.26
650,633,2025-10-06,12771.26,2,1,1,9843.26,10603.22,22614.52
650,3334,2026-03-13,10603.22,3,2,2,12771.26,,33217.74
651,1430,2023-03-21,5412.47,1,3,3,,14825.55,5412.47
651,435,2023-10-05,14825.55,2,1,1,5412.47,13008.83,20238.02
651,1817,2024-01-04,13008.83,3,2,2,14825.55,5147.83,33246.85
651,1063,2026-05-03,5147.83,4,4,4,13008.83,,38394.68
652,2813,2023-02-07,3507.88,1,2,2,,11558.59,3507.88
652,1330,2025-05-31,11558.59,2,1,1,3507.88,,15066.47
653,1481,2025-01-27,7587.76,1,3,3,,2285.16,7587.76
653,2272,2025-02-01,2285.16,2,4,4,7587.76,7593.7,9872.92
653,1784,2025-11-16,7593.7,3,2,2,2285.16,12677.04,17466.62
653,140,2026-08-10,12677.04,4,1,1,7593.7,,30143.66
655,3232,2024-01-19,27111.43,1,1,1,,2159.81,27111.43
655,2494,2024-12-30,2159.81,2,2,2,27111.43,,29271.24
656,3053,2023-02-15,2400.46,1,5,5,,15124.33,2400.46
656,3035,2023-10-08,15124.33,2,1,1,2400.46,5092.34,17524.79
656,1158,2024-04-29,5092.34,3,4,4,15124.33,7257.09,22617.13
656,759,2024-07-08,7257.09,4,3,3,5092.34,7464.0,29874.22
656,2909,2025-01-11,7464.0,5,2,2,7257.09,,37338.22
657,811,2022-08-18,6766.61,1,3,3,,14513.57,6766.61
657,1231,2024-04-10,14513.57,2,1,1,6766.61,11659.74,21280.18
657,1659,2026-03-13,11659.74,3,2,2,14513.57,,32939.92
658,940,2023-08-06,24579.76,1,1,1,,2920.3,24579.76
658,2586,2025-03-03,2920.3,2,3,3,24579.76,16834.41,27500.06
658,993,2026-07-12,16834.41,3,2,2,2920.3,372.33,44334.47
658,171,2026-07-18,372.33,4,4,4,16834.41,,44706.8
659,2068,2023-02-08,8841.41,1,2,2,,5340.92,8841.41
659,3410,2025-01-12,5340.92,2,3,3,8841.41,9603.69,14182.33
659,2688,2025-06-09,9603.69,3,1,1,5340.92,2372.65,23786.02
659,97,2026-02-09,2372.65,4,4,4,9603.69,,26158.67
661,360,2022-09-16,7731.66,1,2,2,,17456.97,7731.66
661,3041,2024-02-14,17456.97,2,1,1,7731.66,6826.4,25188.63
661,1658,2024-03-25,6826.4,3,3,3,17456.97,4610.78,32015.03
661,3412,2024-09-25,4610.78,4,4,4,6826.4,,36625.81
662,341,2023-09-27,10449.64,1,2,2,,13251.98,10449.64
662,2765,2025-07-09,13251.98,2,1,1,10449.64,,23701.62
664,2514,2023-03-23,3212.8,1,7,7,,10141.52,3212.8
664,3328,2023-08-18,10141.52,2,4,4,3212.8,12221.48,13354.32
664,2736,2023-10-07,12221.48,3,3,3,10141.52,8077.37,25575.8
664,3400,2025-07-22,8077.37,4,5,5,12221.48,15385.43,33653.17
664,1816,2025-08-01,15385.43,5,2,2,8077.37,6367.22,49038.6
664,3298,2025-08-06,6367.22,6,6,6,15385.43,15403.51,55405.82
664,1082,2026-01-02,15403.51,7,1,1,6367.22,,70809.33
665,1217,2023-01-08,32686.78,1,1,1,,3352.85,32686.78
665,1376,2024-04-28,3352.85,2,4,4,32686.78,4325.67,36039.63
665,1820,2025-03-15,4325.67,3,3,3,3352.85,3127.74,40365.3
665,1663,2025-05-18,3127.74,4,5,5,4325.67,1316.57,43493.04
665,1369,2026-07-01,1316.57,5,6,6,3127.74,14614.82,44809.61
665,708,2026-07-07,14614.82,6,2,2,1316.57,,59424.43
666,2758,2023-04-26,15377.09,1,2,2,,17201.96,15377.09
666,2288,2025-04-19,17201.96,2,1,1,15377.09,,32579.05
667,3066,2022-09-20,7266.61,1,2,2,,2827.32,7266.61
667,3210,2024-08-08,2827.32,2,4,4,7266.61,6167.12,10093.93
667,2340,2024-11-25,6167.12,3,3,3,2827.32,20620.02,16261.05
667,1681,2025-06-18,20620.02,4,1,1,6167.12,,36881.07
669,2450,2023-03-02,17542.82,1,1,1,,14081.8,17542.82
669,637,2023-06-23,14081.8,2,2,2,17542.82,377.32,31624.62
669,1443,2024-07-18,377.32,3,4,4,14081.8,2232.21,32001.94
669,2929,2024-10-01,2232.21,4,3,3,377.32,,34234.15
670,2857,2025-11-25,6499.31,1,1,1,,,6499.31
672,2937,2024-08-26,2894.75,1,3,3,,3908.1,2894.75
672,2445,2024-12-09,3908.1,2,1,1,2894.75,2906.64,6802.85
672,1752,2025-06-12,2906.64,3,2,2,3908.1,,9709.49
673,2159,2023-07-11,12780.08,1,3,3,,24909.34,12780.08
673,1413,2024-12-19,24909.34,2,1,1,12780.08,9933.81,37689.42
673,2621,2025-09-13,9933.81,3,4,4,24909.34,5677.77,47623.23
673,1300,2025-10-01,5677.77,4,5,5,9933.81,15378.39,53301.0
673,691,2025-11-10,15378.39,5,2,2,5677.77,,68679.39
674,2319,2024-02-26,23030.16,1,1,1,,544.25,23030.16
674,3396,2024-05-03,544.25,2,4,4,23030.16,22036.02,23574.41
674,2043,2024-10-30,22036.02,3,2,2,544.25,11617.23,45610.43
674,865,2025-08-01,11617.23,4,3,3,22036.02,,57227.66
676,1048,2025-02-19,11941.37,1,1,1,,,11941.37
677,2095,2023-04-15,13572.02,1,1,1,,4847.64,13572.02
677,600,2023-08-03,4847.64,2,2,2,13572.02,1351.36,18419.66
677,2215,2024-06-05,1351.36,3,3,3,4847.64,,19771.02
678,3219,2023-01-08,19415.3,1,1,1,,386.71,19415.3
678,2810,2023-02-03,386.71,2,3,3,19415.3,14585.1,19802.01
678,284,2025-01-03,14585.1,3,2,2,386.71,,34387.11
679,3304,2023-07-06,9483.43,1,3,3,,11115.04,9483.43
679,1825,2025-11-19,11115.04,2,2,2,9483.43,23377.06,20598.47
679,2784,2025-12-01,23377.06,3,1,1,11115.04,,43975.53
680,1380,2023-11-09,18349.96,1,1,1,,7945.93,18349.96
680,2596,2026-03-28,7945.93,2,2,2,18349.96,,26295.89
681,68,2022-10-25,7548.73,1,5,5,,19104.74,7548.73
681,2454,2023-05-03,19104.74,2,1,1,7548.73,2598.14,26653.47
681,2414,2024-08-15,2598.14,3,7,7,19104.74,16961.59,29251.61
681,806,2024-09-21,16961.59,4,2,2,2598.14,7957.54,46213.2
681,1144,2024-11-13,7957.54,5,4,4,16961.59,5548.37,54170.74
681,1021,2024-12-19,5548.37,6,6,6,7957.54,15143.3,59719.11
681,1052,2025-12-15,15143.3,7,3,3,5548.37,,74862.41
682,2327,2022-10-12,15416.04,1,2,2,,6106.61,15416.04
682,84,2024-08-06,6106.61,2,3,3,15416.04,21534.79,21522.65
682,251,2025-01-21,21534.79,3,1,1,6106.61,,43057.44
684,1155,2023-01-16,3496.23,1,3,3,,15965.13,3496.23
684,1226,2023-03-21,15965.13,2,2,2,3496.23,17787.26,19461.36
684,1057,2025-08-16,17787.26,3,1,1,15965.13,,37248.62
685,1794,2023-01-17,1314.32,1,3,3,,10013.85,1314.32
685,3004,2023-02-11,10013.85,2,1,1,1314.32,6980.81,11328.17
685,2169,2023-06-07,6980.81,3,2,2,10013.85,534.91,18308.98
685,2046,2023-08-16,534.91,4,4,4,6980.81,,18843.89
686,178,2022-08-10,11210.54,1,3,3,,12562.22,11210.54
686,1259,2023-01-16,12562.22,2,2,2,11210.54,19411.58,23772.76
686,1143,2023-10-13,19411.58,3,1,1,12562.22,1905.94,43184.34
686,3231,2025-06-11,1905.94,4,4,4,19411.58,,45090.28
687,2668,2026-02-13,9961.1,1,1,1,,,9961.1
688,344,2023-12-25,22248.77,1,1,1,,12792.05,22248.77
688,2431,2024-01-13,12792.05,2,3,3,22248.77,7197.24,35040.82
688,2276,2025-11-21,7197.24,3,4,4,12792.05,19298.43,42238.06
688,1031,2025-12-28,19298.43,4,2,2,7197.24,,61536.49
689,116,2023-06-26,16290.98,1,1,1,,7410.67,16290.98
689,2356,2024-02-08,7410.67,2,3,3,16290.98,9130.34,23701.65
689,3046,2024-08-31,9130.34,3,2,2,7410.67,6002.83,32831.99
689,1186,2025-08-08,6002.83,4,4,4,9130.34,,38834.82
690,2118,2023-05-10,16185.2,1,2,2,,20693.52,16185.2
690,2260,2025-05-12,20693.52,2,1,1,16185.2,5399.28,36878.72
690,1799,2025-09-13,5399.28,3,3,3,20693.52,,42278.0
691,188,2022-08-20,15733.92,1,3,3,,20133.55,15733.92
691,1134,2022-09-13,20133.55,2,2,2,15733.92,24200.47,35867.47
691,3171,2024-03-23,24200.47,3,1,1,20133.55,13608.19,60067.94
691,2023,2024-09-04,13608.19,4,4,4,24200.47,2179.94,73676.13
691,2766,2026-01-03,2179.94,5,6,6,13608.19,9460.5,75856.07
691,3318,2026-08-10,9460.5,6,5,5,2179.94,,85316.57
692,1874,2023-06-02,1439.71,1,2,2,,21780.22,1439.71
692,1130,2025-11-12,21780.22,2,1,1,1439.71,,23219.93
693,3054,2024-09-20,1033.98,1,3,3,,24258.48,1033.98
693,3390,2026-06-02,24258.48,2,1,1,1033.98,3288.99,25292.46
693,699,2026-08-10,3288.99,3,2,2,24258.48,,28581.45
695,1991,2025-11-09,335.92,1,1,1,,,335.92
696,569,2022-09-24,12573.96,1,1,1,,,12573.96
697,1670,2023-01-09,20228.22,1,1,1,,9988.16,20228.22
697,1309,2024-07-29,9988.16,2,2,2,20228.22,4060.68,30216.38
697,445,2026-03-25,4060.68,3,3,3,9988.16,,34277.06
699,2198,2024-12-15,10218.99,1,2,2,,6799.05,10218.99
699,3419,2025-11-26,6799.05,2,3,3,10218.99,10973.49,17018.04
699,3091,2026-03-30,10973.49,3,1,1,6799.05,,27991.53
700,2912,2026-02-03,22450.05,1,1,1,,,22450.05
701,2767,2023-11-20,9423.88,1,3,3,,8485.84,9423.88
701,1712,2025-03-29,8485.84,2,4,4,9423.88,21064.15,17909.72
701,590,2025-11-06,21064.15,3,1,1,8485.84,12160.19,38973.87
701,2451,2026-06-05,12160.19,4,2,2,21064.15,,51134.06
702,476,2023-08-29,2214.0,1,4,4,,7208.07,2214.0
702,3176,2024-05-10,7208.07,2,3,3,2214.0,11349.4,9422.07
702,1098,2026-01-13,11349.4,3,2,2,7208.07,11836.23,20771.47
702,2395,2026-08-06,11836.23,4,1,1,11349.4,,32607.7
704,1628,2023-11-21,12608.31,1,1,1,,10581.34,12608.31
704,2391,2024-07-21,10581.34,2,2,2,12608.31,7107.28,23189.65
704,2279,2025-08-06,7107.28,3,3,3,10581.34,,30296.93
705,1373,2022-08-22,6111.8,1,3,3,,4127.16,6111.8
705,2899,2024-02-01,4127.16,2,6,6,6111.8,13010.35,10238.96
705,2280,2024-04-30,13010.35,3,2,2,4127.16,15461.24,23249.31
705,2626,2024-05-14,15461.24,4,1,1,13010.35,4381.44,38710.55
705,3280,2024-06-12,4381.44,5,5,5,15461.24,4626.37,43091.99
705,2097,2026-07-13,4626.37,6,4,4,4381.44,,47718.36
706,1883,2024-09-03,11748.8,1,2,2,,12640.62,11748.8
706,2419,2025-05-07,12640.62,2,1,1,11748.8,,24389.42
707,3058,2022-09-25,27468.7,1,1,1,,6878.27,27468.7
707,1572,2023-09-13,6878.27,2,4,4,27468.7,20089.75,34346.97
707,706,2023-11-10,20089.75,3,3,3,6878.27,20407.3,54436.72
707,3307,2024-08-04,20407.3,4,2,2,20089.75,,74844.02
708,3474,2023-12-01,17155.28,1,1,1,,15969.18,17155.28
708,2380,2025-03-31,15969.18,2,2,2,17155.28,,33124.46
709,3226,2024-01-13,23483.97,1,1,1,,3753.09,23483.97
709,648,2024-10-15,3753.09,2,3,3,23483.97,11356.09,27237.06
709,446,2026-06-28,11356.09,3,2,2,3753.09,,38593.15
710,3189,2022-11-19,1670.36,1,6,6,,10690.3,1670.36
710,2644,2022-12-25,10690.3,2,4,4,1670.36,17567.01,12360.66
710,1470,2023-10-02,17567.01,3,2,2,10690.3,12025.43,29927.67
710,356,2023-12-21,12025.43,4,3,3,17567.01,23285.56,41953.1
710,863,2025-06-01,23285.56,5,1,1,12025.43,10005.8,65238.66
710,1600,2026-02-06,10005.8,6,5,5,23285.56,,75244.46
712,317,2022-12-20,9256.34,1,4,4,,9714.45,9256.34
712,1246,2023-02-01,9714.45,2,2,2,9256.34,23235.7,18970.79
712,2471,2023-04-16,23235.7,3,1,1,9714.45,9659.13,42206.49
712,3263,2023-10-08,9659.13,4,3,3,23235.7,6935.92,51865.62
712,2566,2024-11-09,6935.92,5,5,5,9659.13,2127.79,58801.54
712,2411,2024-11-28,2127.79,6,9,9,6935.92,3022.67,60929.33
712,2608,2025-01-31,3022.67,7,8,8,2127.79,6561.28,63952.0
712,1632,2026-07-12,6561.28,8,6,6,3022.67,6109.46,70513.28
712,39,2026-08-10,6109.46,9,7,7,6561.28,,76622.74
713,1775,2023-06-17,13142.07,1,3,3,,7408.45,13142.07
713,2400,2023-07-04,7408.45,2,4,4,13142.07,3475.32,20550.52
713,1458,2023-07-26,3475.32,3,5,5,7408.45,22537.9,24025.84
713,3464,2023-10-15,22537.9,4,1,1,3475.32,18926.34,46563.74
713,82,2026-02-22,18926.34,5,2,2,22537.9,,65490.08
714,2812,2022-12-06,20878.74,1,1,1,,18093.54,20878.74
714,2188,2023-07-17,18093.54,2,2,2,20878.74,,38972.28
715,1101,2026-02-07,6954.78,1,1,1,,,6954.78
716,1427,2022-11-29,10076.04,1,3,3,,27164.48,10076.04
716,3142,2024-10-05,27164.48,2,1,1,10076.04,5184.72,37240.52
716,2555,2026-03-08,5184.72,3,4,4,27164.48,16645.83,42425.24
716,2320,2026-05-20,16645.83,4,2,2,5184.72,,59071.07
717,271,2025-03-02,4083.33,1,1,1,,,4083.33
719,3257,2025-08-28,27083.88,1,1,1,,8501.21,27083.88
719,293,2025-09-19,8501.21,2,2,2,27083.88,,35585.09
720,3154,2023-12-20,6938.74,1,2,2,,7479.39,6938.74
720,1579,2025-02-14,7479.39,2,1,1,6938.74,,14418.13
721,1746,2025-04-28,27057.71,1,1,1,,,27057.71
722,1700,2024-11-02,8054.68,1,1,1,,1213.12,8054.68
722,2868,2025-02-16,1213.12,2,2,2,8054.68,,9267.8
724,1239,2026-05-11,9003.42,1,1,1,,798.62,9003.42
724,227,2026-07-05,798.62,2,2,2,9003.42,,9802.04
727,1893,2022-09-18,16167.74,1,1,1,,11596.3,16167.74
727,885,2022-11-23,11596.3,2,2,2,16167.74,10882.02,27764.04
727,1132,2025-10-11,10882.02,3,3,3,11596.3,,38646.06
728,2013,2023-01-12,1051.04,1,4,4,,18456.84,1051.04
728,1638,2024-04-06,18456.84,2,1,1,1051.04,6604.02,19507.88
728,2828,2024-10-30,6604.02,3,3,3,18456.84,13931.24,26111.9
728,2303,2024-11-29,13931.24,4,2,2,6604.02,,40043.14
729,3453,2024-09-09,16612.06,1,1,1,,3560.44,16612.06
729,1017,2024-10-27,3560.44,2,3,3,16612.06,16452.99,20172.5
729,2267,2025-08-06,16452.99,3,2,2,3560.44,,36625.49
730,1787,2025-03-20,19497.03,1,1,1,,,19497.03
731,290,2023-04-04,22095.14,1,1,1,,6589.58,22095.14
731,2316,2024-10-17,6589.58,2,2,2,22095.14,3719.61,28684.72
731,2302,2025-03-18,3719.61,3,3,3,6589.58,1738.98,32404.33
731,1604,2025-10-22,1738.98,4,4,4,3719.61,,34143.31
732,2911,2023-01-10,20971.39,1,1,1,,12232.65,20971.39
732,2753,2023-05-21,12232.65,2,2,2,20971.39,,33204.04
733,2119,2022-09-24,6878.64,1,3,3,,6278.18,6878.64
733,1852,2024-04-23,6278.18,2,4,4,6878.64,25843.36,13156.82
733,3130,2025-06-23,25843.36,3,2,2,6278.18,26353.72,39000.18
733,1111,2025-08-22,26353.72,4,1,1,25843.36,,65353.9
734,1278,2023-08-23,9595.56,1,2,2,,6459.09,9595.56
734,1500,2023-08-25,6459.09,2,3,3,9595.56,20250.34,16054.65
734,222,2023-11-19,20250.34,3,1,1,6459.09,72.32,36304.99
734,764,2025-08-12,72.32,4,5,5,20250.34,3728.86,36377.31
734,2872,2026-06-21,3728.86,5,4,4,72.32,,40106.17
736,2406,2023-06-23,17212.66,1,1,1,,7721.22,17212.66
736,2178,2023-10-19,7721.22,2,2,2,17212.66,,24933.88
737,1671,2023-09-10,427.28,1,4,4,,9379.19,427.28
737,1793,2023-09-16,9379.19,2,1,1,427.28,4057.46,9806.47
737,2860,2024-06-09,4057.46,3,2,2,9379.19,1921.46,13863.93
737,3305,2025-10-05,1921.46,4,3,3,4057.46,,15785.39
738,2609,2022-12-24,3209.18,1,1,1,,,3209.18
739,2042,2023-10-04,15660.51,1,1,1,,1085.36,15660.51
739,374,2026-01-31,1085.36,2,3,3,15660.51,3358.32,16745.87
739,470,2026-08-10,3358.32,3,2,2,1085.36,,20104.19
740,1257,2023-02-23,23316.42,1,1,1,,936.02,23316.42
740,848,2025-01-24,936.02,2,5,5,23316.42,15485.41,24252.44
740,724,2025-02-04,15485.41,3,3,3,936.02,1320.35,39737.85
740,860,2025-06-19,1320.35,4,4,4,15485.41,18015.12,41058.2
740,512,2025-09-16,18015.12,5,2,2,1320.35,,59073.32
741,553,2023-03-23,4388.88,1,2,2,,18899.58,4388.88
741,137,2024-06-03,18899.58,2,1,1,4388.88,,23288.46
742,2058,2025-04-10,4797.93,1,2,2,,9703.98,4797.93
742,1465,2026-03-17,9703.98,2,1,1,4797.93,,14501.91
743,3225,2023-06-25,14440.83,1,1,1,,9159.69,14440.83
743,2305,2025-12-26,9159.69,2,2,2,14440.83,,23600.52
744,2219,2023-08-29,27103.94,1,1,1,,4229.56,27103.94
744,1666,2024-01-12,4229.56,2,4,4,27103.94,25627.94,31333.5
744,867,2025-01-15,25627.94,3,2,2,4229.56,12731.2,56961.44
744,2620,2026-01-12,12731.2,4,3,3,25627.94,,69692.64
745,2945,2023-07-08,2298.68,1,2,2,,1442.8,2298.68
745,2092,2024-08-15,1442.8,2,3,3,2298.68,9709.02,3741.48
745,1352,2025-01-23,9709.02,3,1,1,1442.8,,13450.5
746,436,2022-10-31,25244.31,1,1,1,,6821.92,25244.31
746,3248,2023-10-30,6821.92,2,6,6,25244.31,4505.92,32066.23
746,2174,2024-01-13,4505.92,3,7,7,6821.92,20627.16,36572.15
746,2442,2025-07-27,20627.16,4,2,2,4505.92,17207.74,57199.31
746,1112,2026-04-14,17207.74,5,4,4,20627.16,18963.68,74407.05
746,1790,2026-06-27,18963.68,6,3,3,17207.74,15855.01,93370.73
746,200,2026-08-10,15855.01,7,5,5,18963.68,,109225.74
747,3087,2024-09-21,13600.59,1,1,1,,540.91,13600.59
747,579,2025-04-25,540.91,2,3,3,13600.59,10715.59,14141.5
747,1253,2025-11-14,10715.59,3,2,2,540.91,,24857.09
748,1100,2023-01-09,11392.37,1,1,1,,,11392.37
749,362,2023-11-26,19368.0,1,1,1,,15081.48,19368.0
749,2265,2023-11-26,15081.48,2,2,2,19368.0,1926.88,34449.48
749,1616,2024-01-28,1926.88,3,5,5,15081.48,3849.98,36376.36
749,1822,2024-10-18,3849.98,4,4,4,1926.88,8203.2,40226.34
749,3065,2025-06-28,8203.2,5,3,3,3849.98,,48429.54
753,1646,2023-11-01,11721.9,1,1,1,,4022.42,11721.9
753,2617,2024-06-27,4022.42,2,2,2,11721.9,,15744.32
754,1827,2024-08-21,1104.0,1,1,1,,,1104.0
755,728,2024-12-05,25268.46,1,1,1,,4795.7,25268.46
755,1977,2026-02-28,4795.7,2,2,2,25268.46,,30064.16
756,2083,2023-10-13,2537.1,1,1,1,,,2537.1
757,428,2023-05-01,5491.3,1,2,2,,12103.6,5491.3
757,2743,2023-11-03,12103.6,2,1,1,5491.3,,17594.9
758,2259,2023-08-16,7402.7,1,4,4,,12778.55,7402.7
758,1866,2023-11-03,12778.55,2,2,2,7402.7,15290.64,20181.25
758,1488,2024-11-04,15290.64,3,1,1,12778.55,8898.14,35471.89
758,1850,2025-07-04,8898.14,4,3,3,15290.64,5657.62,44370.03
758,2958,2025-11-06,5657.62,5,5,5,8898.14,1175.17,50027.65
758,1077,2026-06-28,1175.17,6,6,6,5657.62,,51202.82
759,2139,2023-01-28,11205.42,1,4,4,,21825.53,11205.42
759,2147,2023-06-16,21825.53,2,1,1,11205.42,21165.58,33030.95
759,1938,2025-05-21,21165.58,3,2,2,21825.53,12390.96,54196.53
759,2996,2025-06-19,12390.96,4,3,3,21165.58,,66587.49
761,3207,2023-09-28,18423.26,1,2,2,,11915.31,18423.26
761,3107,2024-06-27,11915.31,2,3,3,18423.26,26355.57,30338.57
761,1958,2024-07-18,26355.57,3,1,1,11915.31,1262.45,56694.14
761,1776,2025-03-17,1262.45,4,5,5,26355.57,10653.01,57956.59
761,3278,2026-08-10,10653.01,5,4,4,1262.45,,68609.6
762,1065,2024-03-09,7782.17,1,2,2,,10634.75,7782.17
762,2804,2024-11-13,10634.75,2,1,1,7782.17,,18416.92
763,2237,2022-10-01,5964.36,1,2,2,,6904.92,5964.36
763,1533,2023-04-27,6904.92,2,1,1,5964.36,4409.0,12869.28
763,2364,2024-01-28,4409.0,3,3,3,6904.92,,17278.28
764,3369,2023-06-19,5168.94,1,1,1,,,5168.94
765,1556,2022-09-21,8294.68,1,2,2,,1974.82,8294.68
765,201,2024-12-17,1974.82,2,5,5,8294.68,3488.12,10269.5
765,98,2025-03-25,3488.12,3,4,4,1974.82,28160.79,13757.62
765,2905,2025-09-14,28160.79,4,1,1,3488.12,7073.99,41918.41
765,2619,2026-08-10,7073.99,5,3,3,28160.79,,48992.4
766,1176,2022-09-24,13811.48,1,1,1,,6646.49,13811.48
766,2110,2025-10-31,6646.49,2,3,3,13811.48,10049.8,20457.97
766,1935,2026-08-10,10049.8,3,2,2,6646.49,,30507.77
767,3357,2023-06-04,3415.36,1,1,1,,1565.67,3415.36
767,2024,2026-08-10,1565.67,2,2,2,3415.36,,4981.03
768,2115,2022-10-30,27892.17,1,1,1,,,27892.17
769,549,2023-03-08,14450.26,1,2,2,,32013.33,14450.26
769,607,2024-08-19,32013.33,2,1,1,14450.26,514.32,46463.59
769,15,2025-09-22,514.32,3,4,4,32013.33,6216.94,46977.91
769,242,2026-02-03,6216.94,4,3,3,514.32,,53194.85
770,2297,2023-11-27,14690.59,1,1,1,,6803.92,14690.59
770,1777,2024-04-10,6803.92,2,4,4,14690.59,13227.26,21494.51
770,833,2024-12-23,13227.26,3,2,2,6803.92,7033.17,34721.77
770,3043,2025-06-10,7033.17,4,3,3,13227.26,,41754.94
771,248,2022-10-07,6857.72,1,2,2,,9339.04,6857.72
771,2842,2023-03-19,9339.04,2,1,1,6857.72,,16196.76
772,2392,2022-12-23,3728.15,1,4,4,,2631.29,3728.15
772,660,2023-12-09,2631.29,2,5,5,3728.15,4045.95,6359.44
772,3213,2023-12-14,4045.95,3,3,3,2631.29,33576.42,10405.39
772,488,2024-02-07,33576.42,4,1,1,4045.95,5400.6,43981.81
772,424,2025-06-05,5400.6,5,2,2,33576.42,,49382.41
775,2251,2022-08-29,14770.56,1,1,1,,902.09,14770.56
775,2269,2026-04-03,902.09,2,2,2,14770.56,,15672.65
776,1795,2022-10-03,4923.69,1,4,4,,20221.97,4923.69
776,1889,2023-05-31,20221.97,2,2,2,4923.69,28708.05,25145.66
776,3237,2024-06-17,28708.05,3,1,1,20221.97,15387.0,53853.71
776,62,2024-09-09,15387.0,4,3,3,28708.05,,69240.71
777,3155,2022-11-13,15346.1,1,1,1,,10383.66,15346.1
777,1182,2024-05-25,10383.66,2,2,2,15346.1,1728.87,25729.76
777,1943,2025-03-27,1728.87,3,4,4,10383.66,6072.45,27458.63
777,1920,2026-01-14,6072.45,4,3,3,1728.87,,33531.08
778,3212,2022-09-13,12674.06,1,1,1,,11491.2,12674.06
778,94,2026-02-06,11491.2,2,2,2,12674.06,,24165.26
779,2830,2024-01-23,20704.89,1,1,1,,6323.64,20704.89
779,320,2024-06-14,6323.64,2,3,3,20704.89,10543.01,27028.53
779,295,2024-07-02,10543.01,3,2,2,6323.64,5314.33,37571.54
779,1334,2026-01-30,5314.33,4,4,4,10543.01,,42885.87
780,2919,2023-05-03,5681.16,1,1,1,,,5681.16
781,278,2022-11-02,8845.02,1,2,2,,15033.9,8845.02
781,1532,2023-11-02,15033.9,2,1,1,8845.02,7950.35,23878.92
781,1054,2025-08-09,7950.35,3,3,3,15033.9,654.71,31829.27
781,802,2026-01-01,654.71,4,4,4,7950.35,,32483.98
782,972,2022-11-23,7171.7,1,3,3,,21177.08,7171.7
782,448,2023-01-24,21177.08,2,1,1,7171.7,9234.94,28348.78
782,2704,2025-02-25,9234.94,3,2,2,21177.08,,37583.72
783,3014,2023-04-29,19189.59,1,2,2,,23997.38,19189.59
783,2473,2024-11-18,23997.38,2,1,1,19189.59,,43186.97
784,1320,2023-01-25,5955.09,1,2,2,,15188.58,5955.09
784,2339,2023-03-13,15188.58,2,1,1,5955.09,,21143.67
785,1389,2026-02-04,15961.52,1,1,1,,,15961.52
786,1722,2025-04-27,23819.68,1,1,1,,,23819.68
787,261,2024-05-18,7782.76,1,2,2,,17568.13,7782.76
787,3366,2025-05-10,17568.13,2,1,1,7782.76,,25350.89
788,1397,2024-06-10,9185.13,1,2,2,,17396.29,9185.13
788,2107,2025-03-25,17396.29,2,1,1,9185.13,4884.9,26581.42
788,2271,2025-10-13,4884.9,3,3,3,17396.29,,31466.32
789,1583,2024-07-03,9852.8,1,1,1,,,9852.8
790,721,2023-02-01,14468.64,1,1,1,,,14468.64
791,741,2023-06-19,24077.05,1,1,1,,17227.56,24077.05
791,3196,2024-11-23,17227.56,2,2,2,24077.05,,41304.61
792,1035,2023-10-19,251.6,1,5,5,,16823.61,251.6
792,661,2024-04-13,16823.61,2,3,3,251.6,24639.48,17075.21
792,1405,2024-05-01,24639.48,3,1,1,16823.61,9883.13,41714.69
792,108,2024-10-24,9883.13,4,4,4,24639.48,19029.04,51597.82
792,7,2024-11-28,19029.04,5,2,2,9883.13,,70626.86
793,2561,2022-11-03,12182.77,1,2,2,,9818.86,12182.77
793,2207,2023-07-12,9818.86,2,3,3,12182.77,13978.57,22001.63
793,2532,2025-06-10,13978.57,3,1,1,9818.86,3631.12,35980.2
793,642,2026-04-18,3631.12,4,4,4,13978.57,,39611.32
794,2975,2024-06-29,23169.88,1,1,1,,11854.29,23169.88
794,236,2024-09-06,11854.29,2,2,2,23169.88,,35024.17
796,842,2024-02-03,4854.45,1,2,2,,21953.48,4854.45
796,2144,2025-09-29,21953.48,2,1,1,4854.45,,26807.93
797,128,2023-01-20,13644.91,1,1,1,,7246.77,13644.91
797,1046,2024-04-06,7246.77,2,2,2,13644.91,6727.41,20891.68
797,3200,2025-05-27,6727.41,3,3,3,7246.77,,27619.09
798,1142,2023-10-29,15223.45,1,2,2,,24766.77,15223.45
798,292,2025-06-21,24766.77,2,1,1,15223.45,,39990.22
800,2063,2024-05-21,7878.74,1,1,1,,,7878.74
