order_item_id,order_id,product_id,quantity,unit_price,discount,line_total,item_id,discount_percent
1,1,312,4,9.45,0.0,37.8,1,0.0
2,1,299,2,1187.57,0.0,2375.14,2,0.0
3,2,113,6,1496.34,0.0,8978.04,3,0.0
4,2,280,1,620.63,0.0,620.63,4,0.0
5,2,283,6,1099.66,0.0,6597.96,5,0.0
6,3,368,6,1430.34,0.0,8582.04,6,0.0
7,3,149,4,967.69,0.0,3870.76,7,0.0
13,5,210,5,690.83,0.0,3454.15,13,0.0
14,5,283,4,414.32,0.26,1226.39,14,0.26
15,5,164,2,743.92,0.0,1487.84,15,0.0
17,5,350,5,252.28,0.36,807.3,17,0.36
18,6,453,7,156.18,0.0,1093.26,18,0.0
19,6,80,8,198.15,0.0,1585.2,19,0.0
20,6,171,5,1277.24,0.0,6386.2,20,0.0
21,7,497,5,1397.46,0.19,5659.71,21,0.19
22,7,211,3,451.35,0.0,1354.05,22,0.0
23,7,46,1,188.22,0.3,131.75,23,0.3
24,7,233,7,1358.99,0.0,9512.93,24,0.0
25,7,96,4,592.65,0.0,2370.6,25,0.0
26,8,90,1,1472.19,0.0,1472.19,26,0.0
27,8,263,1,1380.51,0.0,1380.51,27,0.0
28,9,83,2,740.29,0.0,1480.58,28,0.0
29,9,44,8,1249.84,0.0,9998.72,29,0.0
30,9,191,6,1125.61,0.0,6753.66,30,0.0
31,10,192,2,255.35,0.0,510.7,31,0.0
36,12,370,1,28.41,0.0,28.41,36,0.0
37,12,60,2,376.25,0.0,752.5,37,0.0
38,13,245,1,1109.77,0.0,1109.77,38,0.0
39,13,457,8,847.22,0.0,6777.76,39,0.0
40,13,205,8,279.82,0.0,2238.56,40,0.0
41,13,207,7,1281.79,0.0,8972.53,41,0.0
42,13,354,5,607.29,0.0,3036.45,42,0.0
43,13,112,1,427.59,0.0,427.59,43,0.0
44,14,25,6,1248.37,0.08,6891.0,44,0.08
45,14,418,1,338.97,0.38,210.16,45,0.38
46,14,333,3,171.99,0.0,515.97,46,0.0
47,15,221,8,64.29,0.0,514.32,47,0.0
48,16,58,6,1354.4,0.0,8126.4,48,0.0
49,17,123,4,603.96,0.0,2415.84,49,0.0
50,17,94,3,1196.49,0.0,3589.47,50,0.0
51,18,370,7,695.21,0.0,4866.47,51,0.0
52,18,283,1,1334.0,0.28,960.48,52,0.28
53,18,420,5,1238.81,0.0,6194.05,53,0.0
54,18,397,5,311.3,0.0,1556.5,54,0.0
55,18,200,1,690.5,0.0,690.5,55,0.0
56,19,276,7,334.28,0.0,2339.96,56,0.0
57,20,238,7,696.89,0.0,4878.23,57,0.0
58,20,121,4,1355.9,0.0,5423.6,58,0.0
59,20,54,8,419.53,0.0,3356.24,59,0.0
60,20,393,6,1087.19,0.0,6523.14,60,0.0
61,21,402,8,563.04,0.0,4504.32,61,0.0
62,21,496,1,231.26,0.0,231.26,62,0.0
63,21,89,3,674.45,0.0,2023.35,63,0.0
64,21,66,6,1277.64,0.0,7665.84,64,0.0
65,21,54,5,608.3,0.0,3041.5,65,0.0
66,22,389,5,235.11,0.0,1175.55,66,0.0
67,22,95,5,689.12,0.0,3445.6,67,0.0
68,23,175,1,694.68,0.0,694.68,68,0.0
69,23,25,8,361.73,0.0,2893.84,69,0.0
70,23,83,6,93.51,0.0,561.06,70,0.0
72,24,469,5,1360.91,0.0,6804.55,72,0.0
73,24,37,1,856.73,0.0,856.73,73,0.0
74,24,252,1,283.81,0.0,283.81,74,0.0
75,25,62,8,1336.4,0.0,10691.2,75,0.0
76,25,209,7,271.3,0.14,1633.23,76,0.14
77,25,17,1,685.86,0.0,685.86,77,0.0
80,27,454,8,1145.64,0.0,9165.12,80,0.0
81,27,265,2,1401.69,0.0,2803.38,81,0.0
82,27,78,4,506.45,0.0,2025.8,82,0.0
83,27,139,1,1023.48,0.0,1023.48,83,0.0
84,28,282,1,1087.31,0.38,674.13,84,0.38
85,28,188,5,705.89,0.0,3529.45,85,0.0
86,28,68,5,471.24,0.18,1932.08,86,0.18
87,28,343,1,975.54,0.0,975.54,87,0.0
88,29,135,1,254.59,0.0,254.59,88,0.0
89,29,339,1,256.71,0.0,256.71,89,0.0
90,29,487,3,1473.32,0.0,4419.96,90,0.0
91,30,5,6,592.4,0.26,2630.26,91,0.26
92,30,121,3,1222.26,0.0,3666.78,92,0.0
93,30,261,3,1451.46,0.0,4354.38,93,0.0
94,30,40,5,217.33,0.0,1086.65,94,0.0
95,31,127,2,588.43,0.0,1176.86,95,0.0
96,31,251,8,1261.77,0.0,10094.16,96,0.0
97,31,460,4,427.53,0.25,1282.59,97,0.25
98,32,103,4,1250.63,0.0,5002.52,98,0.0
99,32,296,7,1417.11,0.0,9919.77,99,0.0
100,32,247,7,550.06,0.07,3580.89,100,0.07
101,32,316,7,58.29,0.0,408.03,101,0.0
102,32,459,2,677.1,0.0,1354.2,102,0.0
103,33,256,4,1056.55,0.0,4226.2,103,0.0
104,33,319,6,918.05,0.0,5508.3,104,0.0
105,34,374,7,467.51,0.0,3272.57,105,0.0
106,34,348,2,947.77,0.0,1895.54,106,0.0
107,34,342,2,803.71,0.33,1076.97,107,0.33
108,34,371,1,1492.93,0.0,1492.93,108,0.0
109,34,399,3,352.68,0.0,1058.04,109,0.0
110,34,69,8,525.71,0.0,4205.68,110,0.0
111,35,164,2,852.2,0.0,1704.4,111,0.0
112,35,465,6,1483.08,0.0,8898.48,112,0.0
114,37,298,1,227.66,0.0,227.66,114,0.0
115,37,295,5,133.14,0.0,665.7,115,0.0
117,38,187,7,513.62,0.0,3595.34,117,0.0
118,39,497,7,872.78,0.0,6109.46,118,0.0
119,40,195,7,570.46,0.0,3993.22,119,0.0
120,40,157,6,1108.23,0.0,6649.38,120,0.0
121,40,101,5,647.58,0.0,3237.9,121,0.0
122,40,62,8,152.64,0.0,1221.12,122,0.0
123,40,96,3,1460.05,0.3,3066.1,123,0.3
124,41,343,1,155.89,0.0,155.89,124,0.0
125,42,91,6,312.64,0.0,1875.84,125,0.0
126,42,87,1,330.28,0.0,330.28,126,0.0
127,42,333,4,662.04,0.0,2648.16,127,0.0
128,42,40,2,525.6,0.0,1051.2,128,0.0
129,42,229,6,952.46,0.0,5714.76,129,0.0
130,42,484,6,215.4,0.0,1292.4,130,0.0
131,43,76,3,1159.87,0.0,3479.61,131,0.0
132,43,353,5,154.46,0.24,586.95,132,0.24
133,43,289,2,297.22,0.0,594.44,133,0.0
134,43,472,4,1449.68,0.0,5798.72,134,0.0
135,43,57,7,646.86,0.0,4528.02,135,0.0
136,43,6,4,1043.02,0.0,4172.08,136,0.0
137,44,196,3,1372.04,0.0,4116.12,137,0.0
138,44,192,2,457.34,0.0,914.68,138,0.0
140,46,284,4,668.46,0.0,2673.84,140,0.0
141,47,232,7,1325.84,0.0,9280.88,141,0.0
142,47,312,6,1199.88,0.0,7199.28,142,0.0
143,47,134,2,1354.34,0.0,2708.68,143,0.0
144,47,140,8,630.15,0.0,5041.2,144,0.0
145,47,302,5,591.5,0.38,1833.65,145,0.38
146,47,210,1,786.65,0.0,786.65,146,0.0
149,49,452,7,987.98,0.0,6915.86,149,0.0
150,49,76,5,756.36,0.0,3781.8,150,0.0
151,49,50,2,517.02,0.0,1034.04,151,0.0
152,49,388,4,854.33,0.0,3417.32,152,0.0
153,50,173,3,912.07,0.0,2736.21,153,0.0
154,50,375,3,872.67,0.0,2618.01,154,0.0
155,50,359,5,1366.45,0.36,4372.64,155,0.36
156,50,183,1,218.19,0.0,218.19,156,0.0
157,50,489,8,1118.16,0.0,8945.28,157,0.0
158,51,249,8,695.51,0.0,5564.08,158,0.0
159,51,195,4,857.65,0.0,3430.6,159,0.0
160,51,312,2,1226.39,0.06,2305.61,160,0.06
161,51,466,5,1426.15,0.0,7130.75,161,0.0
162,51,209,1,233.64,0.0,233.64,162,0.0
163,51,78,3,537.06,0.0,1611.18,163,0.0
166,54,492,6,428.37,0.0,2570.22,166,0.0
167,54,70,4,953.64,0.0,3814.56,167,0.0
168,54,279,7,844.36,0.0,5910.52,168,0.0
169,54,406,3,611.34,0.0,1834.02,169,0.0
170,54,395,5,1493.05,0.18,6121.5,170,0.18
171,55,495,8,1032.46,0.0,8259.68,171,0.0
174,57,341,3,783.93,0.38,1458.11,174,0.38
175,57,346,1,357.12,0.0,357.12,175,0.0
176,57,278,7,214.94,0.0,1504.58,176,0.0
177,57,431,6,467.86,0.0,2807.16,177,0.0
178,58,33,4,589.07,0.0,2356.28,178,0.0
179,58,304,7,1055.06,0.0,7385.42,179,0.0
180,58,496,1,484.55,0.0,484.55,180,0.0
181,58,311,1,784.17,0.0,784.17,181,0.0
182,58,193,6,138.99,0.0,833.94,182,0.0
183,58,197,8,1455.43,0.0,11643.44,183,0.0
184,59,420,5,784.09,0.11,3489.2,184,0.11
185,59,295,4,277.71,0.0,1110.84,185,0.0
187,60,3,1,1456.01,0.0,1456.01,187,0.0
188,60,8,3,920.37,0.0,2761.11,188,0.0
189,61,177,4,163.2,0.39,398.21,189,0.39
190,61,27,8,1129.8,0.0,9038.4,190,0.0
191,62,233,6,176.05,0.0,1056.3,191,0.0
192,62,221,1,1398.16,0.0,1398.16,192,0.0
193,62,382,1,658.16,0.0,658.16,193,0.0
194,62,273,3,1280.64,0.0,3841.92,194,0.0
195,62,110,6,1405.41,0.0,8432.46,195,0.0
196,63,82,3,1344.78,0.0,4034.34,196,0.0
197,63,291,5,661.28,0.0,3306.4,197,0.0
198,63,434,8,1442.16,0.0,11537.28,198,0.0
199,63,479,6,877.41,0.0,5264.46,199,0.0
200,64,166,8,1411.88,0.0,11295.04,200,0.0
201,64,27,7,963.53,0.0,6744.71,201,0.0
202,64,161,6,397.19,0.0,2383.14,202,0.0
203,64,491,6,1034.51,0.0,6207.06,203,0.0
204,64,209,7,560.05,0.0,3920.35,204,0.0
205,64,367,7,960.62,0.0,6724.34,205,0.0
206,65,328,3,265.95,0.32,542.54,206,0.32
207,66,370,7,368.99,0.0,2582.93,207,0.0
208,66,490,5,476.09,0.0,2380.45,208,0.0
209,66,50,6,1477.32,0.0,8863.92,209,0.0
210,66,161,4,1254.79,0.0,5019.16,210,0.0
211,66,350,2,969.46,0.0,1938.92,211,0.0
212,66,308,3,198.97,0.0,596.91,212,0.0
213,67,293,2,377.88,0.0,755.76,213,0.0
214,68,63,7,1078.39,0.0,7548.73,214,0.0
215,69,162,5,1275.14,0.0,6375.7,215,0.0
221,71,429,7,638.52,0.35,2905.27,221,0.35
222,72,58,6,837.11,0.0,5022.66,222,0.0
223,72,195,6,1454.24,0.0,8725.44,223,0.0
224,72,249,1,626.7,0.0,626.7,224,0.0
225,73,57,7,1330.18,0.0,9311.26,225,0.0
226,73,436,3,120.04,0.05,342.11,226,0.05
227,73,71,5,504.81,0.0,2524.05,227,0.0
228,73,400,5,992.36,0.0,4961.8,228,0.0
229,73,103,6,132.1,0.0,792.6,229,0.0
230,73,375,8,776.21,0.0,6209.68,230,0.0
248,78,477,6,661.56,0.0,3969.36,248,0.0
249,78,181,3,1252.38,0.0,3757.14,249,0.0
250,78,65,8,1412.26,0.0,11298.08,250,0.0
251,78,417,2,547.83,0.0,1095.66,251,0.0
252,78,159,5,1135.52,0.0,5677.6,252,0.0
253,79,342,5,1343.12,0.0,6715.6,253,0.0
254,79,129,2,895.94,0.0,1791.88,254,0.0
255,79,115,8,728.14,0.0,5825.12,255,0.0
256,79,68,8,389.78,0.0,3118.24,256,0.0
257,79,85,1,151.41,0.0,151.41,257,0.0
258,80,244,4,449.79,0.0,1799.16,258,0.0
259,80,36,6,647.24,0.0,3883.44,259,0.0
260,80,83,8,1488.38,0.0,11907.04,260,0.0
261,81,175,4,1339.34,0.0,5357.36,261,0.0
262,81,403,7,1201.14,0.0,8407.98,262,0.0
263,81,395,2,1060.21,0.0,2120.42,263,0.0
264,81,297,2,409.04,0.0,818.08,264,0.0
265,81,288,4,304.7,0.0,1218.8,265,0.0
266,82,382,6,1017.39,0.0,6104.34,266,0.0
267,82,365,8,1415.44,0.07,10530.87,267,0.07
268,82,95,5,52.73,0.0,263.65,268,0.0
269,82,13,2,293.1,0.0,586.2,269,0.0
270,82,69,1,1441.28,0.0,1441.28,270,0.0
271,83,131,4,207.36,0.0,829.44,271,0.0
272,83,467,6,902.19,0.0,5413.14,272,0.0
273,83,40,5,272.83,0.0,1364.15,273,0.0
274,84,144,6,536.71,0.18,2640.61,274,0.18
275,84,418,4,866.5,0.0,3466.0,275,0.0
276,85,219,1,448.64,0.0,448.64,276,0.0
277,86,385,8,512.55,0.35,2665.26,277,0.35
278,87,189,1,709.85,0.0,709.85,278,0.0
279,87,160,8,1457.43,0.0,11659.44,279,0.0
280,87,419,5,1292.17,0.0,6460.85,280,0.0
281,87,475,3,714.49,0.11,1907.69,281,0.11
282,88,170,2,312.33,0.0,624.66,282,0.0
283,88,387,1,578.46,0.0,578.46,283,0.0
284,89,345,3,492.37,0.0,1477.11,284,0.0
285,89,435,7,567.2,0.0,3970.4,285,0.0
286,89,416,2,313.41,0.0,626.82,286,0.0
287,89,174,5,387.17,0.0,1935.85,287,0.0
288,90,232,3,459.67,0.0,1379.01,288,0.0
289,90,226,5,218.5,0.0,1092.5,289,0.0
290,90,371,1,552.49,0.0,552.49,290,0.0
291,90,310,1,1439.94,0.0,1439.94,291,0.0
292,91,21,4,1418.51,0.0,5674.04,292,0.0
293,91,36,1,851.39,0.0,851.39,293,0.0
294,91,190,2,423.53,0.0,847.06,294,0.0
295,91,94,2,700.63,0.0,1401.26,295,0.0
296,92,361,1,556.99,0.0,556.99,296,0.0
297,93,258,4,1149.45,0.0,4597.8,297,0.0
298,93,230,8,873.45,0.0,6987.6,298,0.0
299,93,30,5,775.11,0.0,3875.55,299,0.0
300,94,254,6,963.1,0.0,5778.6,300,0.0
301,94,221,8,164.94,0.0,1319.52,301,0.0
303,94,434,4,111.18,0.0,444.72,303,0.0
304,94,366,3,1316.12,0.0,3948.36,304,0.0
305,95,76,6,1150.72,0.0,6904.32,305,0.0
306,95,434,8,372.29,0.0,2978.32,306,0.0
307,95,40,1,166.97,0.0,166.97,307,0.0
308,95,491,5,584.46,0.2,2337.84,308,0.2
309,95,400,3,402.91,0.0,1208.73,309,0.0
310,95,37,8,1061.81,0.0,8494.48,310,0.0
311,96,317,5,1200.52,0.0,6002.6,311,0.0
312,97,244,2,916.37,0.0,1832.74,312,0.0
313,97,252,1,666.56,0.19,539.91,313,0.19
315,98,204,2,1180.72,0.0,2361.44,315,0.0
316,98,416,1,1126.68,0.0,1126.68,316,0.0
317,99,372,7,481.34,0.0,3369.38,317,0.0
318,99,433,2,1363.44,0.0,2726.88,318,0.0
319,100,194,5,779.64,0.32,2650.78,319,0.32
320,100,245,1,1410.49,0.26,1043.76,320,0.26
321,100,218,3,389.64,0.0,1168.92,321,0.0
322,100,70,6,99.05,0.0,594.3,322,0.0
323,100,448,3,588.75,0.0,1766.25,323,0.0
324,100,168,3,1267.5,0.0,3802.5,324,0.0
325,101,494,6,702.56,0.0,4215.36,325,0.0
326,101,177,1,978.01,0.0,978.01,326,0.0
327,101,71,4,483.91,0.0,1935.64,327,0.0
328,101,258,2,603.92,0.0,1207.84,328,0.0
329,101,354,1,1179.83,0.23,908.47,329,0.23
330,101,237,3,296.97,0.0,890.91,330,0.0
331,102,23,5,629.03,0.0,3145.15,331,0.0
336,104,231,4,1264.26,0.0,5057.04,336,0.0
337,104,267,8,569.53,0.32,3098.24,337,0.32
338,104,492,5,438.0,0.0,2190.0,338,0.0
339,104,220,6,1081.51,0.0,6489.06,339,0.0
340,104,80,5,847.36,0.0,4236.8,340,0.0
341,104,184,4,1470.42,0.0,5881.68,341,0.0
342,105,405,4,203.09,0.0,812.36,342,0.0
343,105,390,7,1352.93,0.0,9470.51,343,0.0
344,105,77,4,1215.16,0.0,4860.64,344,0.0
345,106,328,2,1315.58,0.0,2631.16,345,0.0
346,106,59,6,321.73,0.0,1930.38,346,0.0
347,106,182,5,610.48,0.18,2502.97,347,0.18
348,106,20,2,38.9,0.0,77.8,348,0.0
349,107,420,3,907.37,0.0,2722.11,349,0.0
350,107,425,1,213.01,0.0,213.01,350,0.0
351,107,250,1,966.64,0.0,966.64,351,0.0
352,107,322,1,251.61,0.0,251.61,352,0.0
353,108,415,4,512.85,0.16,1723.18,353,0.16
354,108,441,8,282.98,0.0,2263.84,354,0.0
355,108,370,3,575.28,0.18,1415.19,355,0.18
356,108,58,4,1120.23,0.0,4480.92,356,0.0
357,109,255,3,1308.74,0.0,3926.22,357,0.0
358,109,183,8,507.38,0.0,4059.04,358,0.0
359,109,408,8,690.07,0.0,5520.56,359,0.0
360,109,289,3,44.43,0.0,133.29,360,0.0
361,110,481,2,1142.79,0.27,1668.47,361,0.27
362,110,429,6,51.85,0.0,311.1,362,0.0
363,110,178,7,326.35,0.31,1576.27,363,0.31
364,110,291,4,945.1,0.0,3780.4,364,0.0
365,110,66,6,961.19,0.0,5767.14,365,0.0
366,110,205,8,1226.61,0.0,9812.88,366,0.0
367,111,160,8,670.13,0.4,3216.62,367,0.4
368,111,63,4,846.84,0.0,3387.36,368,0.0
371,113,263,2,1345.41,0.0,2690.82,371,0.0
372,113,398,6,1180.14,0.0,7080.84,372,0.0
373,113,102,4,216.08,0.0,864.32,373,0.0
374,113,282,8,158.82,0.0,1270.56,374,0.0
375,113,114,8,533.8,0.26,3160.1,375,0.26
376,113,424,2,1448.87,0.0,2897.74,376,0.0
377,114,203,5,153.52,0.0,767.6,377,0.0
378,114,464,6,47.58,0.0,285.48,378,0.0
379,114,199,3,1465.52,0.0,4396.56,379,0.0
380,114,128,6,990.46,0.0,5942.76,380,0.0
381,114,219,7,1218.67,0.0,8530.69,381,0.0
382,114,410,8,1430.07,0.0,11440.56,382,0.0
383,115,473,1,1146.13,0.0,1146.13,383,0.0
384,115,496,8,633.05,0.0,5064.4,384,0.0
385,115,431,6,1137.85,0.0,6827.1,385,0.0
386,116,114,4,697.67,0.0,2790.68,386,0.0
387,116,259,7,1300.2,0.0,9101.4,387,0.0
388,116,12,7,775.82,0.19,4398.9,388,0.19
389,117,365,2,1289.96,0.0,2579.92,389,0.0
390,117,377,7,1065.15,0.0,7456.05,390,0.0
391,117,33,1,782.97,0.0,782.97,391,0.0
392,118,433,7,1352.99,0.07,8807.96,392,0.07
393,118,250,4,874.67,0.0,3498.68,393,0.0
394,118,329,2,1262.3,0.0,2524.6,394,0.0
395,118,55,8,1432.86,0.0,11462.88,395,0.0
396,118,239,8,662.1,0.23,4078.54,396,0.23
397,119,384,7,779.89,0.0,5459.23,397,0.0
398,119,116,2,1191.47,0.0,2382.94,398,0.0
399,119,42,8,694.02,0.0,5552.16,399,0.0
400,120,292,4,1425.51,0.0,5702.04,400,0.0
401,120,410,6,98.59,0.0,591.54,401,0.0
402,120,442,3,169.81,0.0,509.43,402,0.0
403,121,306,3,623.04,0.0,1869.12,403,0.0
404,121,274,4,428.45,0.0,1713.8,404,0.0
405,122,366,7,970.34,0.0,6792.38,405,0.0
406,123,220,5,1283.23,0.0,6416.15,406,0.0
407,123,251,3,736.95,0.17,1835.01,407,0.17
408,123,242,1,104.09,0.0,104.09,408,0.0
409,124,392,6,931.38,0.0,5588.28,409,0.0
410,124,471,4,121.92,0.0,487.68,410,0.0
411,124,158,6,1352.87,0.0,8117.22,411,0.0
412,125,128,2,918.25,0.0,1836.5,412,0.0
413,125,372,8,1071.03,0.0,8568.24,413,0.0
414,125,22,8,1468.54,0.0,11748.32,414,0.0
415,125,226,8,1344.5,0.0,10756.0,415,0.0
416,125,351,4,782.05,0.0,3128.2,416,0.0
417,125,361,1,372.03,0.0,372.03,417,0.0
418,126,387,8,207.13,0.36,1060.51,418,0.36
419,126,492,4,542.65,0.19,1758.19,419,0.19
420,126,432,5,935.17,0.0,4675.85,420,0.0
421,126,270,5,1100.02,0.0,5500.1,421,0.0
422,126,183,8,1443.08,0.0,11544.64,422,0.0
423,126,432,2,1362.29,0.0,2724.58,423,0.0
426,128,498,5,95.39,0.12,419.72,426,0.12
427,128,117,6,63.8,0.0,382.8,427,0.0
428,128,227,6,1259.53,0.0,7557.18,428,0.0
429,128,145,8,629.27,0.0,5034.16,429,0.0
430,128,353,1,251.05,0.0,251.05,430,0.0
431,129,303,5,600.64,0.0,3003.2,431,0.0
432,129,74,8,1286.79,0.0,10294.32,432,0.0
433,129,172,6,519.94,0.15,2651.69,433,0.15
434,129,102,4,1302.33,0.0,5209.32,434,0.0
435,129,366,4,1150.1,0.35,2990.26,435,0.35
436,129,296,5,1465.69,0.0,7328.45,436,0.0
437,130,17,5,121.04,0.0,605.2,437,0.0
438,130,154,3,771.29,0.0,2313.87,438,0.0
439,130,461,7,1390.94,0.22,7594.53,439,0.22
440,130,418,5,57.41,0.0,287.05,440,0.0
441,131,254,5,1151.1,0.3,4028.85,441,0.3
442,132,375,7,1300.18,0.0,9101.26,442,0.0
443,133,301,2,142.63,0.0,285.26,443,0.0
444,133,203,8,1389.39,0.0,11115.12,444,0.0
445,133,273,7,325.19,0.0,2276.33,445,0.0
446,134,191,8,103.41,0.0,827.28,446,0.0
447,134,303,4,572.62,0.0,2290.48,447,0.0
448,134,381,8,1163.42,0.11,8283.55,448,0.11
449,134,378,6,5.11,0.0,30.66,449,0.0
451,135,427,2,1236.43,0.0,2472.86,451,0.0
452,135,156,8,318.22,0.0,2545.76,452,0.0
453,135,298,7,1029.14,0.0,7203.98,453,0.0
454,136,188,8,1042.0,0.0,8336.0,454,0.0
455,136,198,1,1366.96,0.31,943.2,455,0.31
456,136,58,3,211.48,0.0,634.44,456,0.0
457,136,216,4,1258.25,0.0,5033.0,457,0.0
458,137,190,8,638.79,0.0,5110.32,458,0.0
459,137,91,5,1209.16,0.0,6045.8,459,0.0
460,137,495,8,1075.48,0.1,7743.46,460,0.1
461,138,389,2,586.76,0.0,1173.52,461,0.0
462,138,245,4,1088.04,0.0,4352.16,462,0.0
463,138,270,7,873.37,0.0,6113.59,463,0.0
464,138,272,2,810.08,0.0,1620.16,464,0.0
465,138,467,6,906.79,0.17,4515.81,465,0.17
466,138,364,4,203.93,0.0,815.72,466,0.0
467,139,310,7,1002.0,0.0,7014.0,467,0.0
468,139,476,5,90.97,0.0,454.85,468,0.0
469,139,203,3,89.57,0.0,268.71,469,0.0
470,139,207,8,1069.44,0.0,8555.52,470,0.0
471,139,360,2,400.82,0.26,593.21,471,0.26
472,140,257,4,1004.6,0.0,4018.4,472,0.0
473,140,81,3,1040.91,0.13,2716.78,473,0.13
474,140,256,6,807.09,0.0,4842.54,474,0.0
475,140,210,2,549.66,0.0,1099.32,475,0.0
486,143,392,7,482.17,0.0,3375.19,486,0.0
487,143,130,7,1336.86,0.0,9358.02,487,0.0
488,143,37,1,1288.7,0.0,1288.7,488,0.0
489,143,464,2,854.72,0.0,1709.44,489,0.0
490,144,458,3,278.18,0.0,834.54,490,0.0
491,144,93,5,130.45,0.0,652.25,491,0.0
492,144,319,6,316.86,0.0,1901.16,492,0.0
493,144,27,2,24.81,0.0,49.62,493,0.0
494,144,378,7,1226.77,0.0,8587.39,494,0.0
495,145,463,2,1211.34,0.0,2422.68,495,0.0
496,145,332,8,903.68,0.0,7229.44,496,0.0
497,145,427,2,905.72,0.2,1449.15,497,0.2
498,145,298,7,830.97,0.0,5816.79,498,0.0
499,146,185,6,1117.34,0.0,6704.04,499,0.0
500,147,50,7,794.79,0.0,5563.53,500,0.0
501,147,216,2,366.5,0.0,733.0,501,0.0
502,147,484,7,1357.18,0.0,9500.26,502,0.0
503,147,329,1,710.52,0.0,710.52,503,0.0
504,147,173,3,560.41,0.0,1681.23,504,0.0
506,149,399,6,1255.31,0.0,7531.86,506,0.0
507,149,434,6,544.35,0.0,3266.1,507,0.0
508,149,191,7,717.05,0.0,5019.35,508,0.0
509,149,359,2,1315.12,0.0,2630.24,509,0.0
510,149,432,4,851.94,0.0,3407.76,510,0.0
511,149,476,1,111.5,0.21,88.08,511,0.21
512,150,96,4,973.8,0.33,2609.78,512,0.33
513,150,391,4,1175.26,0.0,4701.04,513,0.0
514,150,486,1,398.44,0.0,398.44,514,0.0
515,151,128,1,275.1,0.0,275.1,515,0.0
516,151,227,3,830.92,0.0,2492.76,516,0.0
521,153,471,5,1006.2,0.0,5031.0,521,0.0
522,153,432,2,988.43,0.0,1976.86,522,0.0
523,153,175,8,216.54,0.34,1143.33,523,0.34
524,153,203,6,1311.28,0.0,7867.68,524,0.0
525,153,351,8,1334.72,0.0,10677.76,525,0.0
526,153,317,3,353.31,0.0,1059.93,526,0.0
532,155,456,2,613.93,0.0,1227.86,532,0.0
533,155,83,6,1399.82,0.0,8398.92,533,0.0
534,155,140,2,745.88,0.0,1491.76,534,0.0
535,155,8,5,944.54,0.21,3730.93,535,0.21
536,155,54,6,88.07,0.0,528.42,536,0.0
537,156,260,5,477.79,0.0,2388.95,537,0.0
541,158,432,2,1011.4,0.0,2022.8,541,0.0
542,158,195,5,641.05,0.0,3205.25,542,0.0
543,158,498,1,28.31,0.14,24.35,543,0.14
544,159,250,6,876.39,0.38,3260.17,544,0.38
545,160,144,6,578.56,0.0,3471.36,545,0.0
546,161,490,3,79.16,0.0,237.48,546,0.0
547,162,124,2,1071.7,0.0,2143.4,547,0.0
548,162,101,1,471.03,0.0,471.03,548,0.0
549,162,480,5,8.85,0.0,44.25,549,0.0
550,163,366,1,47.64,0.0,47.64,550,0.0
551,163,253,7,253.65,0.0,1775.55,551,0.0
552,163,401,7,1375.61,0.0,9629.27,552,0.0
557,165,288,8,391.25,0.0,3130.0,557,0.0
558,165,358,7,1053.29,0.0,7373.03,558,0.0
559,165,223,5,544.25,0.0,2721.25,559,0.0
560,165,148,3,278.8,0.09,761.12,560,0.09
561,165,97,4,971.17,0.0,3884.68,561,0.0
562,166,473,6,963.24,0.0,5779.44,562,0.0
563,166,143,6,552.49,0.0,3314.94,563,0.0
564,166,53,6,638.01,0.0,3828.06,564,0.0
565,167,30,1,1051.23,0.07,977.64,565,0.07
566,167,265,4,434.42,0.0,1737.68,566,0.0
567,167,262,6,436.36,0.0,2618.16,567,0.0
568,167,260,4,195.15,0.0,780.6,568,0.0
571,169,482,3,1170.37,0.0,3511.11,571,0.0
572,170,457,1,1335.77,0.33,894.97,572,0.33
573,170,367,6,340.56,0.08,1879.89,573,0.08
574,170,98,6,349.85,0.39,1280.45,574,0.39
575,170,69,3,507.42,0.0,1522.26,575,0.0
576,171,137,7,53.19,0.0,372.33,576,0.0
577,172,348,6,1360.01,0.11,7262.45,577,0.11
578,173,352,6,292.41,0.0,1754.46,578,0.0
579,173,199,4,853.51,0.0,3414.04,579,0.0
580,173,127,2,1409.22,0.0,2818.44,580,0.0
581,173,374,3,37.73,0.11,100.74,581,0.11
582,173,347,1,1467.43,0.0,1467.43,582,0.0
583,173,308,1,591.0,0.0,591.0,583,0.0
584,174,311,2,854.38,0.0,1708.76,584,0.0
585,174,288,8,994.89,0.13,6924.43,585,0.13
586,174,19,2,1359.51,0.35,1767.36,586,0.35
587,174,461,8,200.19,0.0,1601.52,587,0.0
588,174,397,7,801.89,0.0,5613.23,588,0.0
589,175,427,4,1008.5,0.0,4034.0,589,0.0
590,175,208,2,922.38,0.0,1844.76,590,0.0
591,175,207,5,72.55,0.17,301.08,591,0.17
592,175,105,3,820.95,0.0,2462.85,592,0.0
593,175,297,7,452.58,0.0,3168.06,593,0.0
594,176,462,2,257.38,0.0,514.76,594,0.0
595,176,363,7,770.7,0.0,5394.9,595,0.0
596,176,283,5,1243.3,0.0,6216.5,596,0.0
597,177,60,5,526.23,0.0,2631.15,597,0.0
598,177,341,4,904.1,0.0,3616.4,598,0.0
599,177,206,7,681.08,0.0,4767.56,599,0.0
600,177,164,4,901.54,0.0,3606.16,600,0.0
601,177,371,5,418.28,0.38,1296.67,601,0.38
602,178,345,7,1220.5,0.0,8543.5,602,0.0
603,178,222,1,1176.09,0.28,846.78,603,0.28
604,178,394,2,910.13,0.0,1820.26,604,0.0
605,179,1,8,156.76,0.2,1003.26,605,0.2
606,179,426,2,87.03,0.0,174.06,606,0.0
607,179,344,4,466.02,0.0,1864.08,607,0.0
608,179,332,8,703.43,0.0,5627.44,608,0.0
609,180,71,2,1303.69,0.0,2607.38,609,0.0
610,180,173,7,1386.31,0.0,9704.17,610,0.0
611,180,121,2,1480.44,0.0,2960.88,611,0.0
612,180,385,5,457.43,0.0,2287.15,612,0.0
613,181,10,1,854.73,0.0,854.73,613,0.0
614,181,127,7,746.72,0.0,5227.04,614,0.0
617,183,422,8,612.45,0.0,4899.6,617,0.0
618,183,499,6,1005.18,0.0,6031.08,618,0.0
619,184,1,7,1394.79,0.0,9763.53,619,0.0
620,184,484,2,17.46,0.16,29.33,620,0.16
621,184,485,1,1438.15,0.0,1438.15,621,0.0
622,184,334,2,1423.06,0.0,2846.12,622,0.0
623,185,204,7,285.3,0.0,1997.1,623,0.0
624,185,448,5,766.95,0.0,3834.75,624,0.0
625,185,484,7,282.94,0.0,1980.58,625,0.0
626,185,306,1,203.21,0.0,203.21,626,0.0
627,185,315,3,628.46,0.0,1885.38,627,0.0
628,185,441,7,812.39,0.0,5686.73,628,0.0
629,186,158,6,428.32,0.2,2055.94,629,0.2
630,187,500,7,1456.17,0.0,10193.19,630,0.0
631,187,235,7,573.63,0.0,4015.41,631,0.0
632,187,36,6,1430.0,0.0,8580.0,632,0.0
633,188,271,6,1318.27,0.25,5932.22,633,0.25
634,188,114,8,122.13,0.0,977.04,634,0.0
635,188,26,4,794.59,0.0,3178.36,635,0.0
636,188,418,6,941.05,0.0,5646.3,636,0.0
637,189,238,4,337.76,0.0,1351.04,637,0.0
638,190,277,6,1487.85,0.0,8927.1,638,0.0
639,190,299,8,240.2,0.0,1921.6,639,0.0
640,190,283,7,16.49,0.0,115.43,640,0.0
641,190,283,3,1254.98,0.0,3764.94,641,0.0
642,190,169,5,300.93,0.0,1504.65,642,0.0
643,191,80,7,955.76,0.0,6690.32,643,0.0
644,191,415,2,887.29,0.0,1774.58,644,0.0
645,191,41,1,879.58,0.0,879.58,645,0.0
646,191,149,2,1339.76,0.39,1634.51,646,0.39
647,192,321,1,83.92,0.0,83.92,647,0.0
648,193,145,3,1330.81,0.0,3992.43,648,0.0
650,193,45,4,92.02,0.0,368.08,650,0.0
657,195,267,6,1373.96,0.0,8243.76,657,0.0
658,195,424,2,510.07,0.12,897.72,658,0.12
659,195,403,7,1442.95,0.0,10100.65,659,0.0
665,197,111,2,1284.34,0.0,2568.68,665,0.0
666,198,155,1,942.03,0.0,942.03,666,0.0
667,198,152,6,28.46,0.0,170.76,667,0.0
668,198,11,8,542.74,0.0,4341.92,668,0.0
669,198,32,6,586.45,0.27,2568.65,669,0.27
670,198,200,1,836.75,0.0,836.75,670,0.0
671,198,138,5,1460.94,0.0,7304.7,671,0.0
677,200,15,1,566.96,0.0,566.96,677,0.0
678,200,419,2,1264.24,0.0,2528.48,678,0.0
679,200,263,1,552.44,0.0,552.44,679,0.0
680,200,234,3,1360.72,0.0,4082.16,680,0.0
681,200,143,7,1160.71,0.0,8124.97,681,0.0
682,201,498,2,987.41,0.0,1974.82,682,0.0
683,202,173,4,282.71,0.0,1130.84,683,0.0
684,202,486,3,121.87,0.0,365.61,684,0.0
685,202,15,4,970.18,0.0,3880.72,685,0.0
686,202,275,7,777.2,0.0,5440.4,686,0.0
687,202,490,1,906.35,0.0,906.35,687,0.0
688,202,341,6,101.49,0.0,608.94,688,0.0
689,203,113,1,1313.1,0.05,1247.44,689,0.05
690,203,177,1,1104.98,0.0,1104.98,690,0.0
691,204,428,8,490.72,0.0,3925.76,691,0.0
692,204,29,8,908.92,0.0,7271.36,692,0.0
693,205,399,2,798.28,0.0,1596.56,693,0.0
699,207,173,1,125.11,0.0,125.11,699,0.0
700,207,381,7,156.62,0.0,1096.34,700,0.0
701,207,455,4,1314.12,0.37,3311.58,701,0.37
702,207,12,5,321.62,0.0,1608.1,702,0.0
703,208,90,2,714.75,0.0,1429.5,703,0.0
704,208,224,4,618.76,0.0,2475.04,704,0.0
705,208,84,4,481.16,0.0,1924.64,705,0.0
706,208,152,5,1464.91,0.0,7324.55,706,0.0
707,208,483,6,693.43,0.0,4160.58,707,0.0
708,208,368,1,118.59,0.0,118.59,708,0.0
715,210,359,4,1112.7,0.13,3872.2,715,0.13
716,210,495,8,422.45,0.0,3379.6,716,0.0
717,210,312,3,633.55,0.0,1900.65,717,0.0
718,210,244,5,283.41,0.0,1417.05,718,0.0
719,210,60,5,764.89,0.0,3824.45,719,0.0
720,211,373,8,1190.78,0.0,9526.24,720,0.0
721,211,272,8,1044.81,0.0,8358.48,721,0.0
722,211,92,8,980.5,0.0,7844.0,722,0.0
723,211,343,6,1463.15,0.0,8778.9,723,0.0
724,211,107,2,942.45,0.0,1884.9,724,0.0
725,212,146,8,299.26,0.0,2394.08,725,0.0
726,212,229,2,661.06,0.0,1322.12,726,0.0
727,212,398,3,1312.94,0.0,3938.82,727,0.0
728,213,277,7,1427.69,0.0,9993.83,728,0.0
729,213,170,1,608.13,0.0,608.13,729,0.0
730,213,74,7,610.0,0.0,4270.0,730,0.0
731,213,163,6,1069.87,0.15,5456.34,731,0.15
732,213,65,8,765.95,0.0,6127.6,732,0.0
733,213,162,5,743.74,0.0,3718.7,733,0.0
734,214,180,7,1301.25,0.36,5829.6,734,0.36
735,214,95,2,505.59,0.0,1011.18,735,0.0
736,214,353,6,297.5,0.0,1785.0,736,0.0
737,214,163,4,697.36,0.0,2789.44,737,0.0
738,214,64,2,52.64,0.08,96.86,738,0.08
739,214,392,5,672.73,0.0,3363.65,739,0.0
740,215,127,4,195.44,0.0,781.76,740,0.0
741,215,340,2,1218.59,0.0,2437.18,741,0.0
742,215,135,4,902.62,0.0,3610.48,742,0.0
743,215,417,4,412.94,0.0,1651.76,743,0.0
744,216,219,2,1372.56,0.0,2745.12,744,0.0
745,216,201,5,96.61,0.0,483.05,745,0.0
746,216,205,1,627.92,0.0,627.92,746,0.0
747,217,149,6,270.27,0.0,1621.62,747,0.0
748,217,138,5,797.22,0.0,3986.1,748,0.0
749,217,144,1,852.83,0.0,852.83,749,0.0
750,217,23,2,985.45,0.06,1852.65,750,0.06
751,218,331,6,1261.11,0.0,7566.66,751,0.0
752,218,367,6,1290.11,0.0,7740.66,752,0.0
753,219,256,2,1089.42,0.0,2178.84,753,0.0
754,219,14,5,642.09,0.0,3210.45,754,0.0
755,219,490,5,1226.47,0.0,6132.35,755,0.0
756,219,107,4,672.64,0.0,2690.56,756,0.0
757,220,491,4,933.34,0.0,3733.36,757,0.0
758,220,454,6,313.01,0.0,1878.06,758,0.0
759,220,467,2,922.09,0.0,1844.18,759,0.0
760,220,101,3,1164.44,0.24,2654.92,760,0.24
761,221,240,7,1459.0,0.22,7966.14,761,0.22
762,221,334,3,454.15,0.0,1362.45,762,0.0
763,221,423,6,169.7,0.0,1018.2,763,0.0
764,222,213,8,1207.46,0.0,9659.68,764,0.0
765,222,163,7,433.63,0.0,3035.41,765,0.0
766,222,263,2,834.4,0.0,1668.8,766,0.0
767,222,177,8,528.2,0.0,4225.6,767,0.0
768,222,430,2,263.62,0.0,527.24,768,0.0
769,222,282,3,377.87,0.0,1133.61,769,0.0
770,223,479,5,472.77,0.0,2363.85,770,0.0
771,223,364,2,1118.94,0.0,2237.88,771,0.0
772,223,365,7,1335.1,0.0,9345.7,772,0.0
773,223,442,1,196.09,0.05,186.29,773,0.05
774,224,184,3,1478.89,0.0,4436.67,774,0.0
775,225,271,1,1274.52,0.0,1274.52,775,0.0
776,226,147,3,1082.89,0.0,3248.67,776,0.0
777,227,464,1,798.62,0.0,798.62,777,0.0
778,228,258,7,639.94,0.0,4479.58,778,0.0
779,228,123,6,593.9,0.0,3563.4,779,0.0
780,228,496,3,1044.01,0.0,3132.03,780,0.0
781,228,179,5,389.45,0.0,1947.25,781,0.0
782,228,393,6,597.83,0.0,3586.98,782,0.0
783,228,326,5,760.01,0.0,3800.05,783,0.0
785,230,375,8,491.04,0.0,3928.32,785,0.0
786,230,371,4,1096.81,0.0,4387.24,786,0.0
787,230,446,4,556.76,0.17,1848.44,787,0.17
788,230,276,7,530.48,0.0,3713.36,788,0.0
789,231,437,7,936.6,0.0,6556.2,789,0.0
790,232,489,5,1455.92,0.0,7279.6,790,0.0
791,232,329,4,1015.72,0.0,4062.88,791,0.0
792,232,25,8,1035.94,0.0,8287.52,792,0.0
793,232,57,4,999.61,0.0,3998.44,793,0.0
794,232,276,5,301.06,0.0,1505.3,794,0.0
795,232,278,6,1411.77,0.0,8470.62,795,0.0
796,233,316,7,1293.38,0.0,9053.66,796,0.0
797,233,492,8,75.59,0.0,604.72,797,0.0
798,234,99,6,712.1,0.0,4272.6,798,0.0
799,234,120,1,704.47,0.0,704.47,799,0.0
800,234,215,1,20.96,0.09,19.07,800,0.09
801,235,197,2,198.84,0.0,397.68,801,0.0
802,235,45,8,359.98,0.0,2879.84,802,0.0
803,235,300,4,869.48,0.0,3477.92,803,0.0
804,236,257,7,971.94,0.29,4830.54,804,0.29
805,236,280,5,1404.75,0.0,7023.75,805,0.0
812,238,41,2,999.87,0.0,1999.74,812,0.0
814,238,160,5,795.04,0.0,3975.2,814,0.0
815,238,10,1,1251.1,0.0,1251.1,815,0.0
816,238,352,2,124.13,0.0,248.26,816,0.0
829,241,336,8,1159.62,0.0,9276.96,829,0.0
830,241,354,3,83.02,0.0,249.06,830,0.0
831,242,331,6,237.33,0.0,1423.98,831,0.0
832,242,499,4,1198.24,0.0,4792.96,832,0.0
833,243,287,1,884.68,0.0,884.68,833,0.0
834,243,419,8,326.85,0.0,2614.8,834,0.0
835,243,417,8,903.81,0.0,7230.48,835,0.0
837,243,151,8,1335.08,0.0,10680.64,837,0.0
838,243,278,8,916.41,0.0,7331.28,838,0.0
839,244,162,7,1087.74,0.0,7614.18,839,0.0
840,244,25,5,1159.69,0.0,5798.45,840,0.0
841,244,494,1,89.92,0.0,89.92,841,0.0
842,244,456,3,97.48,0.0,292.44,842,0.0
843,244,347,2,917.12,0.09,1669.16,843,0.09
844,244,411,1,1466.07,0.23,1128.87,844,0.23
847,246,143,6,374.74,0.0,2248.44,847,0.0
848,247,479,6,931.44,0.0,5588.64,848,0.0
849,247,179,7,621.03,0.0,4347.21,849,0.0
850,248,261,1,1349.45,0.0,1349.45,850,0.0
851,248,163,1,393.16,0.0,393.16,851,0.0
852,248,11,7,730.73,0.0,5115.11,852,0.0
853,249,51,4,1285.15,0.0,5140.6,853,0.0
854,249,281,5,858.25,0.34,2832.22,854,0.34
855,249,343,6,1407.64,0.23,6503.3,855,0.23
856,249,307,5,221.44,0.0,1107.2,856,0.0
857,249,234,1,1150.05,0.0,1150.05,857,0.0
858,249,463,4,916.96,0.0,3667.84,858,0.0
860,251,347,3,875.88,0.0,2627.64,860,0.0
861,251,113,7,1294.9,0.0,9064.3,861,0.0
862,251,312,5,1365.61,0.0,6828.05,862,0.0
864,251,336,5,602.96,0.0,3014.8,864,0.0
865,252,367,1,1423.48,0.0,1423.48,865,0.0
866,252,444,4,318.29,0.0,1273.16,866,0.0
867,252,106,6,693.3,0.0,4159.8,867,0.0
868,252,71,6,1496.0,0.0,8976.0,868,0.0
869,252,355,5,1249.75,0.0,6248.75,869,0.0
870,252,282,3,245.76,0.0,737.28,870,0.0
871,253,205,3,1300.54,0.23,3004.25,871,0.23
872,254,328,4,211.55,0.0,846.2,872,0.0
873,254,82,4,1120.44,0.0,4481.76,873,0.0
874,254,82,2,1412.38,0.0,2824.76,874,0.0
875,254,278,6,666.95,0.0,4001.7,875,0.0
876,254,160,5,55.27,0.0,276.35,876,0.0
877,254,354,6,1254.55,0.0,7527.3,877,0.0
878,255,276,5,1131.46,0.38,3507.53,878,0.38
879,255,334,8,817.89,0.0,6543.12,879,0.0
880,255,62,8,5.78,0.0,46.24,880,0.0
881,255,362,3,1483.37,0.0,4450.11,881,0.0
882,255,133,5,1450.06,0.0,7250.3,882,0.0
883,255,220,3,13.67,0.0,41.01,883,0.0
884,256,282,1,1088.22,0.0,1088.22,884,0.0
885,256,329,1,872.5,0.0,872.5,885,0.0
886,256,67,1,297.31,0.0,297.31,886,0.0
887,256,177,8,1168.92,0.0,9351.36,887,0.0
888,257,301,1,721.38,0.06,678.1,888,0.06
889,257,288,3,1243.22,0.0,3729.66,889,0.0
890,258,127,5,1261.9,0.0,6309.5,890,0.0
891,258,154,1,724.34,0.0,724.34,891,0.0
892,258,274,2,25.18,0.18,41.3,892,0.18
893,258,262,6,180.0,0.0,1080.0,893,0.0
894,258,184,3,72.91,0.0,218.73,894,0.0
895,259,299,8,1169.98,0.0,9359.84,895,0.0
896,259,57,1,375.91,0.0,375.91,896,0.0
897,259,65,1,1035.91,0.26,766.57,897,0.26
898,259,138,3,992.23,0.0,2976.69,898,0.0
899,259,322,6,1234.87,0.0,7409.22,899,0.0
900,260,354,6,1205.77,0.0,7234.62,900,0.0
901,260,42,5,1477.39,0.0,7386.95,901,0.0
902,260,308,1,527.24,0.0,527.24,902,0.0
903,260,77,8,134.54,0.0,1076.32,903,0.0
904,260,165,7,411.76,0.0,2882.32,904,0.0
905,261,278,7,178.24,0.0,1247.68,905,0.0
906,261,433,6,1089.18,0.0,6535.08,906,0.0
907,262,167,6,461.67,0.0,2770.02,907,0.0
908,262,62,2,1117.97,0.0,2235.94,908,0.0
909,262,359,1,835.06,0.0,835.06,909,0.0
910,262,93,5,854.98,0.0,4274.9,910,0.0
911,263,161,2,491.97,0.0,983.94,911,0.0
912,263,231,6,65.99,0.0,395.94,912,0.0
913,263,329,5,47.78,0.0,238.9,913,0.0
914,263,146,1,627.51,0.0,627.51,914,0.0
915,263,167,2,1343.25,0.0,2686.5,915,0.0
916,263,44,3,1051.46,0.0,3154.38,916,0.0
917,264,25,1,648.79,0.0,648.79,917,0.0
918,264,11,1,151.43,0.25,113.57,918,0.25
919,264,412,6,326.62,0.0,1959.72,919,0.0
920,264,256,5,132.21,0.0,661.05,920,0.0
921,264,187,7,372.41,0.0,2606.87,921,0.0
922,264,471,2,1099.45,0.0,2198.9,922,0.0
924,266,21,4,638.6,0.0,2554.4,924,0.0
925,266,128,3,1112.21,0.0,3336.63,925,0.0
926,266,428,2,1277.67,0.0,2555.34,926,0.0
927,266,280,5,1195.71,0.0,5978.55,927,0.0
928,267,32,3,747.94,0.0,2243.82,928,0.0
929,268,174,6,1199.19,0.0,7195.14,929,0.0
930,268,45,2,104.73,0.0,209.46,930,0.0
931,269,361,1,637.04,0.0,637.04,931,0.0
932,269,333,6,687.83,0.17,3425.39,932,0.17
933,269,398,4,688.93,0.0,2755.72,933,0.0
934,269,207,7,276.69,0.0,1936.83,934,0.0
935,269,496,2,18.53,0.0,37.06,935,0.0
936,269,472,2,828.23,0.18,1358.3,936,0.18
941,271,43,3,1361.11,0.0,4083.33,941,0.0
944,274,91,8,1400.77,0.0,11206.16,944,0.0
945,274,435,7,1306.36,0.0,9144.52,945,0.0
946,274,301,6,975.94,0.0,5855.64,946,0.0
947,274,108,4,1070.8,0.0,4283.2,947,0.0
948,275,24,2,1347.37,0.0,2694.74,948,0.0
949,275,425,8,1422.13,0.0,11377.04,949,0.0
950,275,386,3,439.09,0.0,1317.27,950,0.0
951,275,438,8,516.07,0.37,2600.99,951,0.37
952,275,188,7,519.01,0.0,3633.07,952,0.0
953,276,232,2,553.34,0.0,1106.68,953,0.0
954,276,498,5,1469.33,0.0,7346.65,954,0.0
955,276,415,3,197.94,0.38,368.17,955,0.38
956,276,496,2,1096.64,0.0,2193.28,956,0.0
957,277,410,6,1116.82,0.0,6700.92,957,0.0
958,277,470,2,1267.67,0.0,2535.34,958,0.0
959,277,430,4,192.89,0.0,771.56,959,0.0
960,277,325,2,372.14,0.37,468.9,960,0.37
961,277,21,2,1231.96,0.0,2463.92,961,0.0
962,277,96,1,1217.08,0.0,1217.08,962,0.0
963,278,178,4,276.45,0.0,1105.8,963,0.0
964,278,236,4,325.62,0.0,1302.48,964,0.0
965,278,158,1,656.38,0.0,656.38,965,0.0
966,278,237,7,250.46,0.0,1753.22,966,0.0
967,278,291,7,358.49,0.36,1606.04,967,0.36
968,278,233,2,1210.55,0.0,2421.1,968,0.0
969,279,349,3,953.35,0.0,2860.05,969,0.0
970,279,409,8,535.87,0.0,4286.96,970,0.0
971,279,341,5,945.83,0.0,4729.15,971,0.0
972,279,238,2,308.45,0.0,616.9,972,0.0
973,279,297,4,1413.02,0.19,4578.18,973,0.19
974,280,109,6,225.19,0.0,1351.14,974,0.0
975,280,172,2,622.81,0.0,1245.62,975,0.0
976,281,226,4,365.58,0.0,1462.32,976,0.0
977,281,314,4,518.76,0.0,2075.04,977,0.0
978,281,485,2,825.75,0.28,1189.08,978,0.28
979,281,81,2,24.66,0.0,49.32,979,0.0
980,282,319,6,145.41,0.0,872.46,980,0.0
981,282,45,3,613.43,0.0,1840.29,981,0.0
982,283,241,7,348.91,0.0,2442.37,982,0.0
983,284,425,5,129.5,0.0,647.5,983,0.0
984,284,434,8,1125.63,0.0,9005.04,984,0.0
985,284,125,6,217.7,0.0,1306.2,985,0.0
986,284,38,5,540.04,0.0,2700.2,986,0.0
987,284,311,4,231.54,0.0,926.16,987,0.0
988,285,85,5,890.21,0.0,4451.05,988,0.0
989,286,420,7,570.32,0.0,3992.24,989,0.0
994,288,153,4,931.24,0.0,3724.96,994,0.0
995,288,134,6,1292.16,0.0,7752.96,995,0.0
996,288,192,4,975.01,0.0,3900.04,996,0.0
997,288,399,6,1387.46,0.0,8324.76,997,0.0
998,289,409,6,242.66,0.0,1455.96,998,0.0
999,289,287,4,953.22,0.0,3812.88,999,0.0
1000,289,287,7,602.87,0.0,4220.09,1000,0.0
1001,290,175,3,474.44,0.0,1423.32,1001,0.0
1002,290,339,7,1244.29,0.0,8710.03,1002,0.0
1003,290,478,1,213.25,0.0,213.25,1003,0.0
1004,290,15,6,1330.36,0.0,7982.16,1004,0.0
1005,290,227,4,129.54,0.0,518.16,1005,0.0
1006,290,477,6,541.37,0.0,3248.22,1006,0.0
1007,291,88,5,161.59,0.0,807.95,1007,0.0
1008,291,158,2,779.68,0.0,1559.36,1008,0.0
1009,291,250,6,245.08,0.29,1044.04,1009,0.29
1010,292,59,4,834.23,0.0,3336.92,1010,0.0
1011,292,145,5,1172.13,0.0,5860.65,1011,0.0
1012,292,355,5,475.08,0.0,2375.4,1012,0.0
1013,292,415,5,1263.38,0.0,6316.9,1013,0.0
1014,292,143,6,1146.15,0.0,6876.9,1014,0.0
1015,293,285,7,106.75,0.0,747.25,1015,0.0
1016,293,362,7,211.69,0.0,1481.83,1016,0.0
1017,293,37,2,613.11,0.0,1226.22,1017,0.0
1018,293,127,4,1386.24,0.09,5045.91,1018,0.09
1024,295,99,5,95.82,0.0,479.1,1024,0.0
1025,295,89,2,657.37,0.0,1314.74,1025,0.0
1026,295,321,1,1176.62,0.0,1176.62,1026,0.0
1027,295,397,2,1319.7,0.0,2639.4,1027,0.0
1028,295,483,4,875.33,0.0,3501.32,1028,0.0
1029,295,485,1,1431.83,0.0,1431.83,1029,0.0
1030,296,165,1,234.68,0.0,234.68,1030,0.0
1031,296,265,3,928.82,0.0,2786.46,1031,0.0
1032,296,152,5,492.76,0.0,2463.8,1032,0.0
1033,296,178,8,1140.33,0.0,9122.64,1033,0.0
1034,296,11,3,25.61,0.0,76.83,1034,0.0
1035,296,326,8,212.68,0.0,1701.44,1035,0.0
1036,297,217,6,185.8,0.0,1114.8,1036,0.0
1037,297,264,7,1229.81,0.0,8608.67,1037,0.0
1038,297,397,3,211.58,0.11,564.92,1038,0.11
1039,298,461,7,1002.89,0.0,7020.23,1039,0.0
1040,299,388,5,1030.21,0.0,5151.05,1040,0.0
1041,299,99,5,852.76,0.0,4263.8,1041,0.0
1042,299,42,2,170.83,0.0,341.66,1042,0.0
1049,301,489,7,665.43,0.0,4658.01,1049,0.0
1050,301,250,6,754.79,0.0,4528.74,1050,0.0
1051,302,393,1,1372.2,0.0,1372.2,1051,0.0
1052,302,150,1,572.81,0.0,572.81,1052,0.0
1053,302,54,3,1016.41,0.0,3049.23,1053,0.0
1054,302,23,7,532.99,0.0,3730.93,1054,0.0
1055,303,135,8,231.08,0.21,1460.43,1055,0.21
1056,303,41,1,590.22,0.0,590.22,1056,0.0
1057,304,447,4,394.32,0.2,1261.82,1057,0.2
1058,304,310,1,943.68,0.0,943.68,1058,0.0
1059,304,266,1,865.52,0.0,865.52,1059,0.0
1060,304,70,1,722.32,0.13,628.42,1060,0.13
1061,305,400,6,1167.05,0.33,4691.54,1061,0.33
1064,307,461,2,1483.51,0.0,2967.02,1064,0.0
1065,307,237,3,219.15,0.34,433.92,1065,0.34
1066,307,268,7,51.68,0.0,361.76,1066,0.0
1067,307,488,8,816.54,0.0,6532.32,1067,0.0
1068,307,437,2,704.19,0.0,1408.38,1068,0.0
1069,308,358,7,101.06,0.0,707.42,1069,0.0
1070,308,280,1,267.04,0.0,267.04,1070,0.0
1071,308,172,1,509.5,0.23,392.32,1071,0.23
1072,308,155,1,1387.23,0.0,1387.23,1072,0.0
1075,310,197,4,876.18,0.0,3504.72,1075,0.0
1076,310,68,8,532.03,0.0,4256.24,1076,0.0
1077,310,360,7,1140.52,0.0,7983.64,1077,0.0
1078,310,32,4,895.21,0.0,3580.84,1078,0.0
1079,311,49,5,144.56,0.0,722.8,1079,0.0
1080,311,255,4,817.85,0.0,3271.4,1080,0.0
1081,311,33,1,1459.18,0.0,1459.18,1081,0.0
1082,311,60,3,812.28,0.0,2436.84,1082,0.0
1083,312,382,3,1012.7,0.23,2339.34,1083,0.23
1084,312,83,5,1091.06,0.0,5455.3,1084,0.0
1085,312,146,8,1255.42,0.0,10043.36,1085,0.0
1086,312,149,8,686.12,0.0,5488.96,1086,0.0
1087,312,13,7,192.86,0.0,1350.02,1087,0.0
1088,312,3,7,252.11,0.0,1764.77,1088,0.0
1093,314,53,4,348.57,0.39,850.51,1093,0.39
1094,314,345,3,1301.11,0.0,3903.33,1094,0.0
1095,314,182,3,108.99,0.0,326.97,1095,0.0
1096,314,81,2,649.4,0.0,1298.8,1096,0.0
1097,314,409,4,403.39,0.0,1613.56,1097,0.0
1098,314,315,8,804.87,0.0,6438.96,1098,0.0
1099,315,272,2,1498.74,0.0,2997.48,1099,0.0
1100,315,52,6,1487.87,0.0,8927.22,1100,0.0
1101,315,384,4,562.94,0.0,2251.76,1101,0.0
1102,316,277,6,86.48,0.0,518.88,1102,0.0
1103,316,451,8,914.51,0.0,7316.08,1103,0.0
1104,316,243,6,1364.29,0.0,8185.74,1104,0.0
1105,316,173,2,562.35,0.0,1124.7,1105,0.0
1106,317,347,6,866.96,0.0,5201.76,1106,0.0
1107,317,280,5,565.86,0.0,2829.3,1107,0.0
1108,317,342,4,306.32,0.0,1225.28,1108,0.0
1109,318,206,7,869.62,0.0,6087.34,1109,0.0
1110,319,236,3,801.54,0.0,2404.62,1110,0.0
1111,320,205,6,919.1,0.3,3860.22,1111,0.3
1112,320,196,6,410.57,0.0,2463.42,1112,0.0
1113,321,414,4,1256.91,0.0,5027.64,1113,0.0
1114,321,120,2,769.03,0.0,1538.06,1114,0.0
1115,322,97,4,1445.56,0.0,5782.24,1115,0.0
1117,322,83,2,1386.8,0.29,1969.26,1117,0.29
1118,322,40,5,635.63,0.0,3178.15,1118,0.0
1120,324,342,2,498.39,0.0,996.78,1120,0.0
1121,324,54,8,129.82,0.0,1038.56,1121,0.0
1122,324,328,6,695.9,0.0,4175.4,1122,0.0
1123,324,204,6,812.73,0.0,4876.38,1123,0.0
1124,324,192,5,1060.5,0.0,5302.5,1124,0.0
1128,326,204,2,616.53,0.0,1233.06,1128,0.0
1129,326,205,7,729.85,0.0,5108.95,1129,0.0
1130,326,169,4,137.89,0.0,551.56,1130,0.0
1131,327,128,6,755.03,0.0,4530.18,1131,0.0
1132,327,480,3,486.19,0.0,1458.57,1132,0.0
1133,327,133,8,231.72,0.0,1853.76,1133,0.0
1134,327,275,1,616.97,0.0,616.97,1134,0.0
1135,327,47,1,1042.63,0.0,1042.63,1135,0.0
1136,328,298,7,10.25,0.22,55.96,1136,0.22
1137,328,443,5,203.99,0.0,1019.95,1137,0.0
1138,328,449,6,1470.38,0.0,8822.28,1138,0.0
1139,328,81,2,178.78,0.0,357.56,1139,0.0
1140,328,86,4,1324.64,0.34,3497.05,1140,0.34
1141,328,23,8,335.46,0.0,2683.68,1141,0.0
1142,329,467,2,1378.72,0.0,2757.44,1142,0.0
1143,329,49,4,899.82,0.0,3599.28,1143,0.0
1144,329,194,8,335.8,0.0,2686.4,1144,0.0
1145,329,179,2,794.73,0.0,1589.46,1145,0.0
1146,329,296,4,973.42,0.0,3893.68,1146,0.0
1147,330,271,3,1477.89,0.0,4433.67,1147,0.0
1148,330,111,6,104.23,0.0,625.38,1148,0.0
1149,330,308,2,485.75,0.0,971.5,1149,0.0
1150,330,454,6,1096.92,0.32,4475.43,1150,0.32
1151,331,173,5,393.38,0.0,1966.9,1151,0.0
1152,332,395,1,717.1,0.0,717.1,1152,0.0
1153,332,324,4,201.46,0.0,805.84,1153,0.0
1154,333,490,1,220.67,0.0,220.67,1154,0.0
1155,333,21,5,500.06,0.0,2500.3,1155,0.0
1156,334,482,7,966.81,0.0,6767.67,1156,0.0
1157,334,414,2,1099.51,0.39,1341.4,1157,0.39
1158,334,318,7,1020.89,0.0,7146.23,1158,0.0
1159,334,331,4,1094.45,0.0,4377.8,1159,0.0
1160,335,324,6,699.63,0.0,4197.78,1160,0.0
1161,335,12,4,1313.56,0.0,5254.24,1161,0.0
1162,335,450,6,839.95,0.0,5039.7,1162,0.0
1163,335,80,7,1308.67,0.0,9160.69,1163,0.0
1164,335,107,4,1426.42,0.0,5705.68,1164,0.0
1167,338,300,1,330.62,0.38,204.98,1167,0.38
1168,338,187,1,66.32,0.0,66.32,1168,0.0
1174,340,198,6,823.51,0.0,4941.06,1174,0.0
1175,340,39,3,687.52,0.0,2062.56,1175,0.0
1176,340,256,4,577.95,0.0,2311.8,1176,0.0
1177,340,495,3,530.05,0.0,1590.15,1177,0.0
1178,341,375,5,1310.54,0.0,6552.7,1178,0.0
1179,341,368,6,649.49,0.0,3896.94,1179,0.0
1180,342,154,7,1015.4,0.0,7107.8,1180,0.0
1181,342,451,8,484.43,0.14,3332.88,1181,0.14
1182,342,271,5,1296.91,0.0,6484.55,1182,0.0
1183,343,269,4,473.29,0.0,1893.16,1183,0.0
1184,343,163,2,149.82,0.0,299.64,1184,0.0
1185,343,253,2,1328.92,0.0,2657.84,1185,0.0
1186,343,45,1,1356.28,0.23,1044.34,1186,0.23
1187,343,422,3,611.9,0.0,1835.7,1187,0.0
1188,344,448,1,149.29,0.0,149.29,1188,0.0
1189,344,320,8,611.15,0.14,4204.71,1189,0.14
1190,344,283,2,1102.71,0.0,2205.42,1190,0.0
1191,344,355,4,713.39,0.0,2853.56,1191,0.0
1192,344,127,8,1218.53,0.0,9748.24,1192,0.0
1193,344,414,5,617.51,0.0,3087.55,1193,0.0
1194,345,490,2,982.78,0.0,1965.56,1194,0.0
1195,345,431,4,1096.8,0.07,4080.1,1195,0.07
1197,346,186,2,1353.6,0.0,2707.2,1197,0.0
1198,346,2,8,1202.94,0.0,9623.52,1198,0.0
1199,346,478,1,168.8,0.0,168.8,1199,0.0
1200,347,429,3,288.22,0.0,864.66,1200,0.0
1201,347,152,4,1246.82,0.0,4987.28,1201,0.0
1202,347,400,8,1487.94,0.0,11903.52,1202,0.0
1203,347,142,5,13.65,0.21,53.92,1203,0.21
1204,347,50,1,675.83,0.0,675.83,1204,0.0
1205,348,385,5,1207.75,0.0,6038.75,1205,0.0
1206,348,20,8,837.22,0.0,6697.76,1206,0.0
1207,349,213,5,1007.0,0.0,5035.0,1207,0.0
1208,350,86,6,509.72,0.0,3058.32,1208,0.0
1209,350,353,8,1449.43,0.0,11595.44,1209,0.0
1210,350,430,4,335.61,0.0,1342.44,1210,0.0
1211,351,95,3,15.95,0.0,47.85,1211,0.0
1212,352,266,2,743.68,0.0,1487.36,1212,0.0
1213,352,352,6,941.76,0.0,5650.56,1213,0.0
1214,353,371,1,1448.52,0.1,1303.67,1214,0.1
1215,353,25,8,319.23,0.0,2553.84,1215,0.0
1216,354,407,2,569.47,0.0,1138.94,1216,0.0
1217,355,144,4,459.76,0.0,1839.04,1217,0.0
1218,355,37,8,333.67,0.0,2669.36,1218,0.0
1219,355,330,5,587.85,0.0,2939.25,1219,0.0
1220,355,255,6,757.69,0.0,4546.14,1220,0.0
1221,355,279,7,452.61,0.0,3168.27,1221,0.0
1222,356,415,2,446.5,0.0,893.0,1222,0.0
1223,356,407,1,110.62,0.0,110.62,1223,0.0
1224,356,346,5,1481.24,0.0,7406.2,1224,0.0
1225,356,204,3,1079.82,0.0,3239.46,1225,0.0
1226,356,500,1,376.15,0.0,376.15,1226,0.0
1227,357,212,4,167.34,0.0,669.36,1227,0.0
1228,357,355,3,1481.78,0.0,4445.34,1228,0.0
1229,357,250,6,1006.64,0.0,6039.84,1229,0.0
1230,358,43,4,731.2,0.0,2924.8,1230,0.0
1231,358,297,4,432.95,0.29,1229.58,1231,0.29
1232,358,305,8,921.61,0.0,7372.88,1232,0.0
1233,358,266,2,1036.28,0.19,1678.77,1233,0.19
1234,359,399,7,134.55,0.0,941.85,1234,0.0
1235,359,50,5,749.66,0.24,2848.71,1235,0.24
1236,359,488,8,836.36,0.0,6690.88,1236,0.0
1237,360,138,1,1284.07,0.0,1284.07,1237,0.0
1238,360,300,6,124.44,0.09,679.44,1238,0.09
1239,360,68,8,253.82,0.0,2030.56,1239,0.0
1240,360,349,4,1026.81,0.09,3737.59,1240,0.09
1241,361,466,2,386.54,0.0,773.08,1241,0.0
1242,361,19,2,1002.93,0.0,2005.86,1242,0.0
1243,362,295,8,505.74,0.0,4045.92,1243,0.0
1244,362,263,7,198.3,0.0,1388.1,1244,0.0
1245,362,297,8,1246.18,0.0,9969.44,1245,0.0
1246,362,199,3,801.52,0.0,2404.56,1246,0.0
1247,362,467,2,779.99,0.0,1559.98,1247,0.0
1248,363,39,2,1343.0,0.0,2686.0,1248,0.0
1249,363,105,1,1069.47,0.1,962.52,1249,0.1
1250,363,405,2,802.88,0.0,1605.76,1250,0.0
1251,364,363,2,748.75,0.0,1497.5,1251,0.0
1255,366,270,4,326.97,0.0,1307.88,1255,0.0
1256,366,108,7,570.21,0.0,3991.47,1256,0.0
1257,366,12,7,1191.74,0.0,8342.18,1257,0.0
1258,366,147,4,1013.41,0.0,4053.64,1258,0.0
1263,368,30,3,1076.08,0.0,3228.24,1263,0.0
1264,369,256,2,855.46,0.0,1710.92,1264,0.0
1265,369,478,8,199.1,0.0,1592.8,1265,0.0
1266,370,318,3,1325.67,0.0,3977.01,1266,0.0
1267,370,452,1,711.38,0.0,711.38,1267,0.0
1268,370,152,2,1310.22,0.13,2279.78,1268,0.13
1269,370,211,5,340.26,0.0,1701.3,1269,0.0
1270,370,123,1,356.57,0.0,356.57,1270,0.0
1271,370,223,4,429.36,0.0,1717.44,1271,0.0
1272,371,212,5,1081.44,0.0,5407.2,1272,0.0
1273,371,275,2,1347.67,0.29,1913.69,1273,0.29
1274,371,409,3,759.35,0.0,2278.05,1274,0.0
1275,371,365,6,225.03,0.0,1350.18,1275,0.0
1276,371,33,1,1378.23,0.0,1378.23,1276,0.0
1277,371,247,3,749.08,0.36,1438.23,1277,0.36
1278,372,226,1,765.88,0.0,765.88,1278,0.0
1279,372,275,5,899.21,0.0,4496.05,1279,0.0
1280,372,154,8,237.16,0.0,1897.28,1280,0.0
1281,372,299,4,897.76,0.0,3591.04,1281,0.0
1283,372,123,2,220.78,0.0,441.56,1283,0.0
1284,373,165,7,443.67,0.18,2546.67,1284,0.18
1285,374,485,8,135.67,0.0,1085.36,1285,0.0
1286,375,475,8,34.66,0.0,277.28,1286,0.0
1287,375,88,8,144.75,0.0,1158.0,1287,0.0
1288,375,495,2,955.0,0.3,1337.0,1288,0.3
1289,375,109,6,490.88,0.0,2945.28,1289,0.0
1290,376,164,1,1237.18,0.0,1237.18,1290,0.0
1291,377,215,6,504.65,0.0,3027.9,1291,0.0
1292,377,45,1,37.67,0.07,35.03,1292,0.07
1293,377,269,8,1309.61,0.13,9114.89,1293,0.13
1294,378,60,4,115.48,0.0,461.92,1294,0.0
1295,378,111,1,499.3,0.34,329.54,1295,0.34
1296,378,440,7,1176.99,0.0,8238.93,1296,0.0
1297,379,460,4,573.9,0.0,2295.6,1297,0.0
1298,379,160,5,1129.78,0.0,5648.9,1298,0.0
1299,379,362,3,433.09,0.0,1299.27,1299,0.0
1300,379,216,4,1351.11,0.0,5404.44,1300,0.0
1301,380,342,6,358.11,0.09,1955.28,1301,0.09
1302,381,438,3,1101.9,0.0,3305.7,1302,0.0
1303,382,412,2,667.61,0.0,1335.22,1303,0.0
1304,382,101,2,797.88,0.0,1595.76,1304,0.0
1305,382,380,6,1284.03,0.0,7704.18,1305,0.0
1306,382,457,1,1226.12,0.0,1226.12,1306,0.0
1307,382,346,3,1168.1,0.0,3504.3,1307,0.0
1308,383,203,4,174.38,0.0,697.52,1308,0.0
1309,383,86,5,415.43,0.0,2077.15,1309,0.0
1310,383,3,8,154.48,0.0,1235.84,1310,0.0
1311,384,288,4,1249.38,0.0,4997.52,1311,0.0
1312,385,290,3,926.9,0.0,2780.7,1312,0.0
1313,385,238,6,1403.57,0.0,8421.42,1313,0.0
1314,385,280,3,963.35,0.0,2890.05,1314,0.0
1315,385,25,6,130.02,0.0,780.12,1315,0.0
1316,385,117,1,1464.38,0.0,1464.38,1316,0.0
1317,385,272,6,1305.28,0.0,7831.68,1317,0.0
1318,386,178,1,955.76,0.0,955.76,1318,0.0
1319,386,300,5,1313.61,0.0,6568.05,1319,0.0
1324,388,200,5,171.52,0.0,857.6,1324,0.0
1325,388,135,1,1032.18,0.39,629.63,1325,0.39
1326,388,4,2,1461.62,0.0,2923.24,1326,0.0
1327,388,240,7,461.95,0.0,3233.65,1327,0.0
1328,388,377,4,1130.33,0.0,4521.32,1328,0.0
1329,388,463,6,794.71,0.23,3671.56,1329,0.23
1330,389,286,7,493.99,0.0,3457.93,1330,0.0
1331,389,264,1,187.44,0.0,187.44,1331,0.0
1332,389,195,6,624.08,0.0,3744.48,1332,0.0
1333,389,390,8,338.26,0.0,2706.08,1333,0.0
1334,389,80,8,717.98,0.0,5743.84,1334,0.0
1335,390,150,7,841.76,0.0,5892.32,1335,0.0
1336,390,26,4,1082.55,0.0,4330.2,1336,0.0
1337,390,374,6,785.33,0.0,4711.98,1337,0.0
1338,390,91,8,861.94,0.0,6895.52,1338,0.0
1339,390,337,2,1303.71,0.0,2607.42,1339,0.0
1340,390,370,3,616.61,0.1,1664.85,1340,0.1
1341,391,111,8,1152.56,0.0,9220.48,1341,0.0
1342,391,165,7,1282.83,0.0,8979.81,1342,0.0
1343,392,181,8,381.3,0.0,3050.4,1343,0.0
1344,392,70,4,551.67,0.0,2206.68,1344,0.0
1345,392,54,2,1469.17,0.0,2938.34,1345,0.0
1346,392,143,8,1131.64,0.0,9053.12,1346,0.0
1347,392,77,1,1035.98,0.0,1035.98,1347,0.0
1348,392,119,4,441.55,0.0,1766.2,1348,0.0
1349,393,28,1,261.7,0.0,261.7,1349,0.0
1350,393,385,7,1033.54,0.0,7234.78,1350,0.0
1351,394,145,5,219.86,0.0,1099.3,1351,0.0
1353,394,2,4,423.04,0.0,1692.16,1353,0.0
1354,394,413,4,587.39,0.0,2349.56,1354,0.0
1355,395,380,3,126.19,0.0,378.57,1355,0.0
1356,396,276,3,102.63,0.0,307.89,1356,0.0
1357,396,48,8,689.09,0.0,5512.72,1357,0.0
1358,396,395,6,1106.87,0.0,6641.22,1358,0.0
1359,396,13,6,584.02,0.0,3504.12,1359,0.0
1360,396,402,2,865.53,0.19,1402.16,1360,0.19
1361,397,464,7,315.64,0.21,1745.49,1361,0.21
1362,397,111,2,1296.3,0.0,2592.6,1362,0.0
1363,397,114,2,1113.99,0.0,2227.98,1363,0.0
1364,397,73,8,533.12,0.0,4264.96,1364,0.0
1365,397,352,8,1209.32,0.0,9674.56,1365,0.0
1366,397,2,5,1306.46,0.0,6532.3,1366,0.0
1367,398,300,7,620.3,0.0,4342.1,1367,0.0
1368,398,79,1,811.82,0.0,811.82,1368,0.0
1369,399,119,7,565.86,0.0,3961.02,1369,0.0
1370,399,118,3,545.05,0.0,1635.15,1370,0.0
1371,399,6,5,862.68,0.0,4313.4,1371,0.0
1372,399,51,6,965.02,0.0,5790.12,1372,0.0
1373,400,7,8,807.86,0.0,6462.88,1373,0.0
1374,400,206,3,1331.87,0.0,3995.61,1374,0.0
1375,400,283,3,273.4,0.0,820.2,1375,0.0
1376,400,155,7,1049.87,0.0,7349.09,1376,0.0
1377,400,185,7,1222.45,0.0,8557.15,1377,0.0
1378,401,465,4,1096.43,0.0,4385.72,1378,0.0
1379,401,136,2,1150.48,0.0,2300.96,1379,0.0
1380,401,295,8,476.07,0.0,3808.56,1380,0.0
1381,402,489,1,1219.69,0.0,1219.69,1381,0.0
1382,402,165,3,585.66,0.0,1756.98,1382,0.0
1383,402,168,7,754.01,0.0,5278.07,1383,0.0
1384,402,431,7,73.79,0.13,449.38,1384,0.13
1385,402,474,8,83.3,0.0,666.4,1385,0.0
1386,403,8,4,254.29,0.0,1017.16,1386,0.0
1387,403,128,3,1457.81,0.0,4373.43,1387,0.0
1388,404,361,2,1499.82,0.0,2999.64,1388,0.0
1389,404,332,5,395.16,0.0,1975.8,1389,0.0
1390,404,82,6,842.93,0.0,5057.58,1390,0.0
1391,404,216,6,769.29,0.0,4615.74,1391,0.0
1392,404,316,6,1090.8,0.0,6544.8,1392,0.0
1393,404,365,5,1218.52,0.0,6092.6,1393,0.0
1407,408,443,5,1471.89,0.25,5519.59,1407,0.25
1408,408,415,7,1069.57,0.0,7486.99,1408,0.0
1409,409,20,6,238.28,0.0,1429.68,1409,0.0
1410,409,108,7,344.62,0.0,2412.34,1410,0.0
1411,409,397,4,1185.12,0.35,3081.31,1411,0.35
1412,409,164,3,117.91,0.0,353.73,1412,0.0
1413,409,115,8,974.2,0.0,7793.6,1413,0.0
1414,409,264,1,758.24,0.0,758.24,1414,0.0
1415,410,396,2,1027.76,0.0,2055.52,1415,0.0
1416,410,75,6,572.22,0.0,3433.32,1416,0.0
1417,411,331,8,1389.87,0.0,11118.96,1417,0.0
1418,412,399,7,1488.35,0.0,10418.45,1418,0.0
1419,412,479,6,58.23,0.0,349.38,1419,0.0
1420,412,422,6,588.99,0.0,3533.94,1420,0.0
1421,412,368,6,1496.08,0.0,8976.48,1421,0.0
1422,413,312,1,490.12,0.0,490.12,1422,0.0
1423,413,93,7,1210.03,0.0,8470.21,1423,0.0
1424,414,166,6,1161.54,0.0,6969.24,1424,0.0
1425,414,440,1,812.11,0.0,812.11,1425,0.0
1426,414,311,5,423.52,0.0,2117.6,1426,0.0
1427,415,203,7,464.66,0.0,3252.62,1427,0.0
1428,416,348,2,6.32,0.0,12.64,1428,0.0
1429,416,395,8,497.92,0.0,3983.36,1429,0.0
1430,416,11,4,95.6,0.0,382.4,1430,0.0
1431,417,289,3,1405.23,0.0,4215.69,1431,0.0
1432,417,357,2,782.49,0.13,1361.53,1432,0.13
1433,418,261,1,197.38,0.11,175.67,1433,0.11
1434,418,424,6,529.02,0.0,3174.12,1434,0.0
1435,418,75,7,1320.74,0.29,6564.08,1435,0.29
1436,418,254,8,1410.87,0.0,11286.96,1436,0.0
1437,418,325,2,289.49,0.0,578.98,1437,0.0
1446,421,276,2,1158.59,0.0,2317.18,1446,0.0
1447,421,261,3,1252.2,0.0,3756.6,1447,0.0
1448,421,222,5,1423.98,0.0,7119.9,1448,0.0
1449,421,128,5,975.63,0.0,4878.15,1449,0.0
1450,422,119,1,35.03,0.19,28.37,1450,0.19
1451,422,203,3,1083.5,0.0,3250.5,1451,0.0
1452,423,317,3,146.67,0.0,440.01,1452,0.0
1453,423,142,2,1297.73,0.0,2595.46,1453,0.0
1454,423,87,8,449.48,0.0,3595.84,1454,0.0
1455,423,137,3,1306.93,0.0,3920.79,1455,0.0
1456,424,132,4,1350.15,0.0,5400.6,1456,0.0
1457,425,498,6,723.58,0.0,4341.48,1457,0.0
1458,425,271,5,741.97,0.0,3709.85,1458,0.0
1459,425,373,3,767.37,0.0,2302.11,1459,0.0
1460,425,401,3,1452.25,0.0,4356.75,1460,0.0
1461,426,69,3,1259.59,0.15,3211.95,1461,0.15
1462,427,230,5,1041.06,0.0,5205.3,1462,0.0
1463,427,20,2,20.97,0.0,41.94,1463,0.0
1464,427,468,7,1405.47,0.0,9838.29,1464,0.0
1465,427,258,2,1410.12,0.0,2820.24,1465,0.0
1466,428,469,4,631.93,0.0,2527.72,1466,0.0
1467,428,163,3,44.36,0.0,133.08,1467,0.0
1468,428,248,5,566.1,0.0,2830.5,1468,0.0
1470,429,394,2,1035.87,0.0,2071.74,1470,0.0
1473,431,174,1,37.77,0.0,37.77,1473,0.0
1474,432,330,1,238.79,0.0,238.79,1474,0.0
1475,432,134,2,1420.6,0.0,2841.2,1475,0.0
1476,432,424,3,998.2,0.0,2994.6,1476,0.0
1477,432,23,3,593.8,0.0,1781.4,1477,0.0
1478,433,455,2,1357.46,0.0,2714.92,1478,0.0
1479,433,188,4,365.74,0.0,1462.96,1479,0.0
1480,433,113,7,299.09,0.0,2093.63,1480,0.0
1481,434,359,1,823.13,0.0,823.13,1481,0.0
1482,434,398,6,1152.32,0.0,6913.92,1482,0.0
1483,434,478,2,1009.27,0.0,2018.54,1483,0.0
1484,434,190,8,118.82,0.0,950.56,1484,0.0
1485,435,81,7,345.13,0.0,2415.91,1485,0.0
1486,435,232,1,1417.52,0.0,1417.52,1486,0.0
1487,435,463,1,1303.21,0.0,1303.21,1487,0.0
1488,435,157,6,560.96,0.0,3365.76,1488,0.0
1489,435,201,5,1264.63,0.0,6323.15,1489,0.0
1490,436,286,7,1336.79,0.0,9357.53,1490,0.0
1491,436,182,8,680.71,0.0,5445.68,1491,0.0
1492,436,481,8,286.21,0.0,2289.68,1492,0.0
1493,436,11,4,894.26,0.0,3577.04,1493,0.0
1494,436,47,5,678.99,0.0,3394.95,1494,0.0
1495,436,268,7,168.49,0.0,1179.43,1495,0.0
1496,437,346,6,952.23,0.0,5713.38,1496,0.0
1497,438,317,6,1233.51,0.0,7401.06,1497,0.0
1498,438,145,1,577.36,0.0,577.36,1498,0.0
1499,438,404,7,1158.9,0.0,8112.3,1499,0.0
1500,438,233,4,1462.8,0.0,5851.2,1500,0.0
1501,438,103,7,1418.83,0.0,9931.81,1501,0.0
1502,438,387,1,636.03,0.0,636.03,1502,0.0
1503,439,190,2,113.98,0.0,227.96,1503,0.0
1509,441,140,1,1418.25,0.0,1418.25,1509,0.0
1510,441,1,8,1252.72,0.0,10021.76,1510,0.0
1511,441,220,8,185.66,0.28,1069.4,1511,0.28
1516,443,443,1,41.61,0.0,41.61,1516,0.0
1517,443,293,4,796.84,0.0,3187.36,1517,0.0
1518,443,37,1,1045.89,0.0,1045.89,1518,0.0
1520,444,344,6,600.64,0.0,3603.84,1520,0.0
1521,445,114,4,1015.17,0.0,4060.68,1521,0.0
1522,446,248,2,1277.59,0.0,2555.18,1522,0.0
1523,446,258,8,501.31,0.0,4010.48,1523,0.0
1524,446,39,4,32.69,0.0,130.76,1524,0.0
1525,446,175,2,128.26,0.0,256.52,1525,0.0
1526,446,483,5,880.63,0.0,4403.15,1526,0.0
1527,447,82,2,619.63,0.0,1239.26,1527,0.0
1528,447,473,5,1050.7,0.0,5253.5,1528,0.0
1529,447,492,5,1485.46,0.29,5273.38,1529,0.29
1530,448,365,3,1286.15,0.0,3858.45,1530,0.0
1531,448,15,7,946.17,0.0,6623.19,1531,0.0
1532,448,356,1,1229.66,0.0,1229.66,1532,0.0
1533,448,198,4,1034.52,0.0,4138.08,1533,0.0
1534,448,61,3,528.32,0.0,1584.96,1534,0.0
1535,448,377,6,623.79,0.0,3742.74,1535,0.0
1540,450,276,2,1371.68,0.0,2743.36,1540,0.0
1541,450,333,8,143.06,0.0,1144.48,1541,0.0
1542,450,467,3,252.6,0.1,682.02,1542,0.1
1543,450,83,1,1446.52,0.0,1446.52,1543,0.0
1544,450,297,4,1348.09,0.0,5392.36,1544,0.0
1545,451,401,4,255.41,0.0,1021.64,1545,0.0
1546,452,247,2,1225.57,0.0,2451.14,1546,0.0
1547,453,231,2,1280.84,0.0,2561.68,1547,0.0
1548,453,260,7,1221.01,0.0,8547.07,1548,0.0
1549,453,379,7,911.44,0.0,6380.08,1549,0.0
1550,453,237,6,1480.82,0.0,8884.92,1550,0.0
1551,453,97,6,693.51,0.0,4161.06,1551,0.0
1552,454,134,6,1008.28,0.25,4537.26,1552,0.25
1553,454,106,1,1190.32,0.0,1190.32,1553,0.0
1554,454,469,3,682.4,0.0,2047.2,1554,0.0
1555,454,275,2,895.07,0.0,1790.14,1555,0.0
1556,454,148,7,1230.79,0.0,8615.53,1556,0.0
1557,454,129,8,822.76,0.0,6582.08,1557,0.0
1558,455,231,4,172.39,0.22,537.86,1558,0.22
1559,455,434,2,1306.11,0.0,2612.22,1559,0.0
1560,455,246,5,1040.15,0.0,5200.75,1560,0.0
1561,455,413,6,742.77,0.15,3788.13,1561,0.15
1562,455,324,5,1309.19,0.0,6545.95,1562,0.0
1563,455,123,7,25.43,0.0,178.01,1563,0.0
1564,456,335,5,1374.78,0.0,6873.9,1564,0.0
1565,456,238,4,1238.4,0.0,4953.6,1565,0.0
1566,456,250,1,848.32,0.0,848.32,1566,0.0
1567,456,105,5,1238.83,0.0,6194.15,1567,0.0
1568,457,469,2,1115.5,0.0,2231.0,1568,0.0
1569,457,191,4,537.16,0.0,2148.64,1569,0.0
1570,457,215,4,241.01,0.0,964.04,1570,0.0
1571,458,158,8,700.73,0.0,5605.84,1571,0.0
1572,459,378,7,1185.64,0.0,8299.48,1572,0.0
1573,460,267,4,1113.05,0.0,4452.2,1573,0.0
1574,460,356,1,453.23,0.0,453.23,1574,0.0
1575,461,111,4,49.98,0.0,199.92,1575,0.0
1576,461,51,8,1094.63,0.0,8757.04,1576,0.0
1577,461,472,1,1329.83,0.0,1329.83,1577,0.0
1578,462,341,7,647.28,0.0,4530.96,1578,0.0
1579,462,298,4,1487.66,0.0,5950.64,1579,0.0
1580,463,347,1,1448.39,0.0,1448.39,1580,0.0
1581,463,382,5,58.54,0.0,292.7,1581,0.0
1582,463,414,5,251.68,0.0,1258.4,1582,0.0
1583,463,270,7,614.39,0.0,4300.73,1583,0.0
1584,464,3,3,862.72,0.36,1656.42,1584,0.36
1585,464,69,2,375.57,0.0,751.14,1585,0.0
1586,464,417,2,963.37,0.0,1926.74,1586,0.0
1587,464,45,7,1354.29,0.0,9480.03,1587,0.0
1588,464,19,8,775.29,0.0,6202.32,1588,0.0
1589,464,173,4,490.65,0.0,1962.6,1589,0.0
1590,465,313,7,333.31,0.0,2333.17,1590,0.0
1591,465,6,1,430.21,0.28,309.75,1591,0.28
1592,466,91,1,1206.6,0.0,1206.6,1592,0.0
1593,466,304,1,756.5,0.17,627.9,1593,0.17
1594,466,275,5,358.42,0.0,1792.1,1594,0.0
1595,466,23,5,1388.26,0.0,6941.3,1595,0.0
1596,466,361,5,397.79,0.0,1988.95,1596,0.0
1597,466,380,3,609.78,0.0,1829.34,1597,0.0
1598,467,29,5,1371.62,0.0,6858.1,1598,0.0
1599,468,331,2,149.37,0.0,298.74,1599,0.0
1600,469,319,5,605.4,0.0,3027.0,1600,0.0
1602,469,382,8,104.4,0.0,835.2,1602,0.0
1604,470,14,3,1119.44,0.0,3358.32,1604,0.0
1605,471,70,1,1386.63,0.0,1386.63,1605,0.0
1606,471,153,2,770.54,0.0,1541.08,1606,0.0
1607,471,109,4,742.06,0.06,2790.15,1607,0.06
1608,471,327,2,1270.26,0.0,2540.52,1608,0.0
1609,472,107,6,1213.96,0.0,7283.76,1609,0.0
1610,472,166,6,1394.7,0.0,8368.2,1610,0.0
1611,472,148,8,444.77,0.0,3558.16,1611,0.0
1612,473,375,5,547.36,0.0,2736.8,1612,0.0
1613,473,414,1,747.83,0.0,747.83,1613,0.0
1614,473,359,1,6.48,0.0,6.48,1614,0.0
1615,473,220,6,1346.02,0.0,8076.12,1615,0.0
1616,474,331,7,713.79,0.0,4996.53,1616,0.0
1617,474,372,1,1365.2,0.0,1365.2,1617,0.0
1618,474,28,4,396.44,0.0,1585.76,1618,0.0
1619,474,252,2,364.22,0.0,728.44,1619,0.0
1620,474,104,4,189.21,0.0,756.84,1620,0.0
1621,474,138,1,44.32,0.0,44.32,1621,0.0
1622,475,97,4,300.02,0.0,1200.08,1622,0.0
1623,475,309,7,289.31,0.0,2025.17,1623,0.0
1624,475,370,5,1209.13,0.0,6045.65,1624,0.0
1625,476,42,4,190.91,0.0,763.64,1625,0.0
1626,476,350,1,1450.36,0.0,1450.36,1626,0.0
1627,477,14,8,777.19,0.0,6217.52,1627,0.0
1628,477,440,7,627.38,0.0,4391.66,1628,0.0
1629,477,198,5,53.55,0.0,267.75,1629,0.0
1630,477,278,2,71.65,0.0,143.3,1630,0.0
1631,477,433,1,1444.76,0.0,1444.76,1631,0.0
1637,479,423,8,243.02,0.0,1944.16,1637,0.0
1638,480,71,4,945.98,0.0,3783.92,1638,0.0
1639,480,358,1,416.91,0.36,266.82,1639,0.36
1640,480,53,6,890.99,0.0,5345.94,1640,0.0
1641,480,484,3,735.05,0.0,2205.15,1641,0.0
1642,481,479,6,580.42,0.0,3482.52,1642,0.0
1643,481,458,4,115.9,0.0,463.6,1643,0.0
1644,481,31,1,113.02,0.0,113.02,1644,0.0
1645,481,68,7,562.98,0.0,3940.86,1645,0.0
1646,481,299,8,756.88,0.0,6055.04,1646,0.0
1647,482,147,8,1350.91,0.0,10807.28,1647,0.0
1648,482,324,5,837.74,0.0,4188.7,1648,0.0
1649,482,289,2,789.8,0.0,1579.6,1649,0.0
1650,482,151,2,1218.55,0.0,2437.1,1650,0.0
1651,482,232,5,887.84,0.0,4439.2,1651,0.0
1652,483,448,4,1283.04,0.0,5132.16,1652,0.0
1653,483,264,5,746.83,0.0,3734.15,1653,0.0
1654,484,315,4,318.25,0.0,1273.0,1654,0.0
1655,484,338,5,377.85,0.0,1889.25,1655,0.0
1657,485,453,6,1462.01,0.0,8772.06,1657,0.0
1658,485,288,7,359.56,0.0,2516.92,1658,0.0
1659,485,191,4,400.45,0.0,1601.8,1659,0.0
1672,488,315,8,1044.65,0.0,8357.2,1672,0.0
1673,488,116,8,1112.93,0.0,8903.44,1673,0.0
1674,488,171,5,105.66,0.0,528.3,1674,0.0
1675,488,452,8,1219.04,0.0,9752.32,1675,0.0
1676,488,280,2,1490.43,0.0,2980.86,1676,0.0
1677,488,425,6,509.05,0.0,3054.3,1677,0.0
1678,489,478,6,138.71,0.0,832.26,1678,0.0
1679,489,279,2,1266.84,0.0,2533.68,1679,0.0
1680,489,251,1,608.64,0.0,608.64,1680,0.0
1681,490,232,2,292.05,0.0,584.1,1681,0.0
1682,490,401,5,1169.79,0.0,5848.95,1682,0.0
1683,490,196,6,919.55,0.0,5517.3,1683,0.0
1684,490,181,1,223.04,0.0,223.04,1684,0.0
1691,492,124,5,762.37,0.0,3811.85,1691,0.0
1692,492,361,1,188.9,0.0,188.9,1692,0.0
1693,492,227,1,451.34,0.0,451.34,1693,0.0
1694,492,229,2,1441.89,0.0,2883.78,1694,0.0
1695,492,232,1,798.31,0.0,798.31,1695,0.0
1696,492,276,3,734.86,0.0,2204.58,1696,0.0
1697,493,482,8,263.46,0.28,1517.53,1697,0.28
1698,493,137,2,218.3,0.0,436.6,1698,0.0
1699,493,12,7,280.64,0.0,1964.48,1699,0.0
1700,493,374,5,773.54,0.26,2862.1,1700,0.26
1701,493,63,1,456.13,0.0,456.13,1701,0.0
1702,494,401,4,42.23,0.0,168.92,1702,0.0
1703,494,443,3,1214.88,0.0,3644.64,1703,0.0
1704,494,204,2,1185.43,0.0,2370.86,1704,0.0
1705,494,214,5,600.89,0.0,3004.45,1705,0.0
1706,494,131,1,1046.33,0.0,1046.33,1706,0.0
1707,495,359,5,1202.6,0.0,6013.0,1707,0.0
1708,495,469,7,652.27,0.1,4109.3,1708,0.1
1709,495,20,3,834.06,0.0,2502.18,1709,0.0
1710,495,52,1,1224.6,0.0,1224.6,1710,0.0
1711,495,313,3,274.99,0.0,824.97,1711,0.0
1712,495,10,7,889.26,0.0,6224.82,1712,0.0
1713,496,132,6,656.16,0.0,3936.96,1713,0.0
1714,496,272,5,1387.72,0.0,6938.6,1714,0.0
1715,496,89,8,835.62,0.22,5214.27,1715,0.22
1716,497,19,1,1396.98,0.0,1396.98,1716,0.0
1717,497,375,2,226.5,0.2,362.4,1717,0.2
1718,497,321,3,1295.85,0.06,3654.3,1718,0.06
1719,497,495,7,778.82,0.0,5451.74,1719,0.0
1720,498,435,3,449.97,0.0,1349.91,1720,0.0
1721,498,30,5,1044.35,0.0,5221.75,1721,0.0
1722,499,216,5,543.26,0.35,1765.6,1722,0.35
1723,500,135,4,548.79,0.0,2195.16,1723,0.0
1724,500,158,7,139.54,0.0,976.78,1724,0.0
1725,501,472,4,920.58,0.0,3682.32,1725,0.0
1726,501,245,8,991.57,0.0,7932.56,1726,0.0
1727,501,254,8,1055.41,0.0,8443.28,1727,0.0
1728,501,53,5,170.35,0.0,851.75,1728,0.0
1729,501,360,6,953.85,0.29,4063.4,1729,0.29
1730,501,62,1,933.23,0.0,933.23,1730,0.0
1731,502,172,2,1146.58,0.0,2293.16,1731,0.0
1732,503,298,2,688.63,0.0,1377.26,1732,0.0
1733,503,385,6,816.66,0.0,4899.96,1733,0.0
1734,503,255,6,1354.8,0.0,8128.8,1734,0.0
1735,503,191,7,1453.13,0.3,7120.34,1735,0.3
1740,506,78,4,1240.63,0.0,4962.52,1740,0.0
1741,506,363,8,470.76,0.0,3766.08,1741,0.0
1742,507,62,2,750.47,0.0,1500.94,1742,0.0
1743,507,92,2,819.86,0.0,1639.72,1743,0.0
1744,507,392,6,598.91,0.0,3593.46,1744,0.0
1745,507,237,4,1168.74,0.0,4674.96,1745,0.0
1746,507,497,3,585.39,0.0,1756.17,1746,0.0
1747,508,57,7,26.62,0.13,162.12,1747,0.13
1749,508,306,5,97.17,0.0,485.85,1749,0.0
1750,508,246,2,1441.24,0.0,2882.48,1750,0.0
1751,508,126,5,9.8,0.0,49.0,1751,0.0
1752,509,180,3,641.55,0.0,1924.65,1752,0.0
1753,509,382,7,784.16,0.0,5489.12,1753,0.0
1755,509,66,6,294.68,0.0,1768.08,1755,0.0
1756,509,468,7,868.13,0.0,6076.91,1756,0.0
1757,509,172,1,913.79,0.08,840.69,1757,0.08
1758,510,98,4,1240.81,0.0,4963.24,1758,0.0
1759,510,396,2,1212.76,0.0,2425.52,1759,0.0
1760,510,8,3,32.86,0.0,98.58,1760,0.0
1761,510,144,4,1270.74,0.0,5082.96,1761,0.0
1762,510,407,5,821.71,0.0,4108.55,1762,0.0
1763,510,160,4,934.35,0.0,3737.4,1763,0.0
1764,511,201,7,210.28,0.0,1471.96,1764,0.0
1765,512,241,8,1021.4,0.0,8171.2,1765,0.0
1767,512,185,8,1230.49,0.0,9843.92,1767,0.0
1768,513,311,5,199.28,0.0,996.4,1768,0.0
1769,513,254,6,398.61,0.0,2391.66,1769,0.0
1770,514,117,5,756.19,0.0,3780.95,1770,0.0
1771,514,146,1,302.61,0.0,302.61,1771,0.0
1772,514,351,7,204.64,0.0,1432.48,1772,0.0
1773,514,340,5,1210.88,0.0,6054.4,1773,0.0
1774,514,434,6,1301.22,0.0,7807.32,1774,0.0
1775,514,312,2,462.16,0.0,924.32,1775,0.0
1776,515,467,8,590.34,0.0,4722.72,1776,0.0
1777,515,64,4,250.23,0.0,1000.92,1777,0.0
1778,515,443,2,281.88,0.0,563.76,1778,0.0
1779,515,376,1,184.12,0.0,184.12,1779,0.0
1780,515,124,8,1286.85,0.0,10294.8,1780,0.0
1781,515,461,7,552.2,0.0,3865.4,1781,0.0
1782,516,290,4,1481.67,0.0,5926.68,1782,0.0
1783,516,320,6,919.02,0.0,5514.12,1783,0.0
1784,516,248,3,1214.13,0.0,3642.39,1784,0.0
1785,516,468,5,755.47,0.0,3777.35,1785,0.0
1786,516,464,3,758.42,0.0,2275.26,1786,0.0
1787,517,451,7,357.37,0.0,2501.59,1787,0.0
1788,517,15,7,914.57,0.07,5953.85,1788,0.07
1789,517,441,6,1326.39,0.0,7958.34,1789,0.0
1790,517,333,7,1257.49,0.36,5633.56,1790,0.36
1791,517,139,7,29.37,0.0,205.59,1791,0.0
1792,517,212,7,1022.84,0.19,5799.5,1792,0.19
1793,518,479,1,612.8,0.0,612.8,1793,0.0
1794,518,280,3,239.54,0.0,718.62,1794,0.0
1795,518,140,1,1299.1,0.0,1299.1,1795,0.0
1796,519,89,8,884.44,0.0,7075.52,1796,0.0
1797,519,344,8,643.72,0.39,3141.35,1797,0.39
1798,519,486,5,961.99,0.0,4809.95,1798,0.0
1799,519,349,5,277.65,0.16,1166.13,1799,0.16
1800,519,451,1,280.83,0.0,280.83,1800,0.0
1801,520,186,2,529.36,0.23,815.21,1801,0.23
1802,521,39,6,224.58,0.0,1347.48,1802,0.0
1803,522,135,1,1400.39,0.0,1400.39,1803,0.0
1804,522,402,4,23.08,0.0,92.32,1804,0.0
1805,523,449,1,632.56,0.0,632.56,1805,0.0
1806,523,15,2,1048.12,0.0,2096.24,1806,0.0
1807,523,50,5,1488.99,0.0,7444.95,1807,0.0
1808,523,455,4,168.15,0.12,591.89,1808,0.12
1809,523,462,3,394.45,0.0,1183.35,1809,0.0
1810,524,450,2,580.08,0.0,1160.16,1810,0.0
1811,524,277,6,1444.86,0.0,8669.16,1811,0.0
1812,524,333,7,616.84,0.0,4317.88,1812,0.0
1818,526,59,5,1498.3,0.0,7491.5,1818,0.0
1819,526,477,1,926.11,0.08,852.02,1819,0.08
1820,526,35,2,1044.12,0.0,2088.24,1820,0.0
1821,526,387,1,419.34,0.21,331.28,1821,0.21
1822,527,131,4,205.13,0.0,820.52,1822,0.0
1823,527,499,2,16.31,0.0,32.62,1823,0.0
1824,527,140,3,110.92,0.0,332.76,1824,0.0
1828,529,98,5,72.12,0.0,360.6,1828,0.0
1829,529,477,3,888.33,0.0,2664.99,1829,0.0
1830,529,312,4,1190.58,0.0,4762.32,1830,0.0
1831,529,419,4,332.82,0.0,1331.28,1831,0.0
1832,529,170,6,864.02,0.0,5184.12,1832,0.0
1833,529,21,8,344.82,0.0,2758.56,1833,0.0
1834,530,396,2,1123.93,0.0,2247.86,1834,0.0
1835,530,25,1,480.59,0.0,480.59,1835,0.0
1836,530,338,8,705.37,0.1,5078.66,1836,0.1
1837,530,304,7,883.41,0.0,6183.87,1837,0.0
1838,531,16,8,1130.05,0.0,9040.4,1838,0.0
1839,531,254,4,607.55,0.0,2430.2,1839,0.0
1840,531,431,7,1153.62,0.0,8075.34,1840,0.0
1841,531,93,5,259.34,0.0,1296.7,1841,0.0
1842,532,167,5,1432.97,0.0,7164.85,1842,0.0
1843,532,207,6,1476.08,0.0,8856.48,1843,0.0
1844,532,37,4,491.37,0.15,1670.66,1844,0.15
1845,532,108,6,624.96,0.0,3749.76,1845,0.0
1846,532,133,5,149.32,0.0,746.6,1846,0.0
1849,534,466,7,1248.37,0.0,8738.59,1849,0.0
1850,534,393,1,749.35,0.0,749.35,1850,0.0
1851,534,257,1,31.64,0.1,28.48,1851,0.1
1852,534,387,8,1376.54,0.18,9030.1,1852,0.18
1853,534,477,5,657.28,0.0,3286.4,1853,0.0
1854,534,32,6,865.1,0.18,4256.29,1854,0.18
1855,535,150,6,1438.89,0.0,8633.34,1855,0.0
1856,535,74,6,879.62,0.09,4802.73,1856,0.09
1857,535,259,8,1315.34,0.07,9786.13,1857,0.07
1858,535,482,2,615.02,0.16,1033.23,1858,0.16
1859,535,130,2,366.44,0.0,732.88,1859,0.0
1860,535,197,6,1429.23,0.0,8575.38,1860,0.0
1861,536,373,1,751.94,0.0,751.94,1861,0.0
1862,536,195,1,100.02,0.0,100.02,1862,0.0
1863,536,223,2,141.88,0.0,283.76,1863,0.0
1864,536,314,3,1486.37,0.0,4459.11,1864,0.0
1865,536,397,1,90.09,0.08,82.88,1865,0.08
1866,536,117,5,103.07,0.0,515.35,1866,0.0
1867,537,389,7,1016.62,0.0,7116.34,1867,0.0
1868,537,67,6,1186.31,0.0,7117.86,1868,0.0
1869,538,123,4,1195.73,0.0,4782.92,1869,0.0
1870,538,333,8,704.71,0.0,5637.68,1870,0.0
1871,538,497,7,966.94,0.0,6768.58,1871,0.0
1872,538,12,5,412.35,0.09,1876.19,1872,0.09
1873,538,4,7,1411.55,0.0,9880.85,1873,0.0
1874,539,263,5,564.83,0.0,2824.15,1874,0.0
1875,539,149,5,111.27,0.0,556.35,1875,0.0
1876,539,47,7,167.27,0.36,749.37,1876,0.36
1877,539,109,1,344.77,0.0,344.77,1877,0.0
1878,539,40,4,633.54,0.0,2534.16,1878,0.0
1879,540,353,3,267.99,0.12,707.49,1879,0.12
1880,540,474,2,327.97,0.0,655.94,1880,0.0
1881,540,375,8,980.6,0.0,7844.8,1881,0.0
1882,540,33,2,1233.78,0.0,2467.56,1882,0.0
1883,540,11,3,955.56,0.0,2866.68,1883,0.0
1884,540,280,4,1360.48,0.0,5441.92,1884,0.0
1885,541,92,4,789.35,0.0,3157.4,1885,0.0
1886,541,397,7,271.68,0.0,1901.76,1886,0.0
1887,541,146,5,1084.86,0.0,5424.3,1887,0.0
1888,541,325,5,1159.88,0.3,4059.58,1888,0.3
1889,542,451,1,1243.36,0.0,1243.36,1889,0.0
1890,543,475,5,813.61,0.0,4068.05,1890,0.0
1891,543,282,4,507.11,0.0,2028.44,1891,0.0
1892,544,201,7,1171.43,0.0,8200.01,1892,0.0
1893,544,428,5,852.19,0.0,4260.95,1893,0.0
1894,544,453,3,92.01,0.0,276.03,1894,0.0
1895,544,343,8,134.87,0.0,1078.96,1895,0.0
1896,544,361,7,789.29,0.0,5525.03,1896,0.0
1897,545,411,6,26.19,0.07,146.14,1897,0.07
1898,545,91,4,22.19,0.0,88.76,1898,0.0
1899,545,472,6,1204.96,0.0,7229.76,1899,0.0
1900,545,186,5,773.65,0.0,3868.25,1900,0.0
1901,545,148,7,477.74,0.09,3043.2,1901,0.09
1902,546,268,7,954.8,0.0,6683.6,1902,0.0
1903,546,467,8,638.84,0.0,5110.72,1903,0.0
1904,546,495,1,326.47,0.0,326.47,1904,0.0
1905,546,153,8,1461.94,0.0,11695.52,1905,0.0
1906,547,106,5,707.53,0.0,3537.65,1906,0.0
1907,547,69,8,753.97,0.0,6031.76,1907,0.0
1908,548,183,5,500.86,0.36,1602.75,1908,0.36
1909,548,267,3,670.17,0.0,2010.51,1909,0.0
1910,548,490,6,1449.63,0.0,8697.78,1910,0.0
1911,548,191,1,1312.86,0.0,1312.86,1911,0.0
1912,548,89,7,142.33,0.0,996.31,1912,0.0
1913,549,225,8,193.87,0.37,977.1,1913,0.37
1914,549,41,2,1111.41,0.0,2222.82,1914,0.0
1915,549,287,8,651.07,0.0,5208.56,1915,0.0
1916,549,191,2,1139.77,0.0,2279.54,1916,0.0
1917,549,163,8,470.28,0.0,3762.24,1917,0.0
1918,550,406,8,190.26,0.0,1522.08,1918,0.0
1919,550,353,1,221.79,0.12,195.18,1919,0.12
1920,550,56,5,885.71,0.0,4428.55,1920,0.0
1921,550,303,1,802.37,0.34,529.56,1921,0.34
1922,550,212,7,1381.11,0.0,9667.77,1922,0.0
1923,550,17,3,393.74,0.0,1181.22,1923,0.0
1929,552,94,8,1463.29,0.0,11706.32,1929,0.0
1930,552,125,1,13.15,0.0,13.15,1930,0.0
1931,552,381,6,725.28,0.39,2654.52,1931,0.39
1932,552,448,6,221.09,0.0,1326.54,1932,0.0
1933,552,330,6,1297.41,0.0,7784.46,1933,0.0
1934,552,425,1,433.82,0.0,433.82,1934,0.0
1935,553,15,3,1462.96,0.0,4388.88,1935,0.0
1936,554,443,5,372.63,0.0,1863.15,1936,0.0
1937,554,369,3,1241.13,0.0,3723.39,1937,0.0
1938,554,401,7,1334.89,0.0,9344.23,1938,0.0
1939,555,322,2,1283.42,0.0,2566.84,1939,0.0
1940,555,408,1,58.01,0.37,36.55,1940,0.37
1941,556,329,2,1314.95,0.0,2629.9,1941,0.0
1942,556,9,1,860.65,0.0,860.65,1942,0.0
1943,557,287,6,1300.09,0.27,5694.39,1943,0.27
1944,557,4,3,1079.18,0.0,3237.54,1944,0.0
1945,558,113,7,422.69,0.18,2426.24,1945,0.18
1946,559,97,1,1260.84,0.0,1260.84,1946,0.0
1947,559,496,3,251.76,0.0,755.28,1947,0.0
1948,559,376,1,1457.57,0.11,1297.24,1948,0.11
1949,559,416,3,1341.56,0.0,4024.68,1949,0.0
1950,559,145,8,1213.28,0.1,8735.62,1950,0.1
1951,560,201,1,217.21,0.34,143.36,1951,0.34
1952,561,1,8,1294.83,0.0,10358.64,1952,0.0
1953,562,277,5,1068.98,0.0,5344.9,1953,0.0
1954,562,317,2,1303.89,0.0,2607.78,1954,0.0
1955,562,249,1,1128.16,0.0,1128.16,1955,0.0
1956,562,56,4,122.13,0.0,488.52,1956,0.0
1957,562,150,1,841.94,0.0,841.94,1957,0.0
1958,562,71,7,49.37,0.0,345.59,1958,0.0
1959,563,316,3,1035.94,0.0,3107.82,1959,0.0
1960,564,499,8,1116.19,0.0,8929.52,1960,0.0
1961,564,327,6,1144.03,0.0,6864.18,1961,0.0
1962,564,228,2,1206.82,0.34,1593.0,1962,0.34
1964,564,383,8,640.86,0.0,5126.88,1964,0.0
1970,566,381,8,603.31,0.0,4826.48,1970,0.0
1971,566,263,4,450.13,0.0,1800.52,1971,0.0
1972,566,107,3,181.22,0.0,543.66,1972,0.0
1973,566,365,1,391.86,0.0,391.86,1973,0.0
1974,566,315,4,926.07,0.24,2815.25,1974,0.24
1975,566,187,8,1414.93,0.0,11319.44,1975,0.0
1979,568,463,3,505.9,0.0,1517.7,1979,0.0
1980,568,257,5,1239.53,0.0,6197.65,1980,0.0
1981,568,211,1,39.74,0.0,39.74,1981,0.0
1982,569,498,7,761.82,0.2,4266.19,1982,0.2
1983,569,471,6,161.52,0.0,969.12,1983,0.0
1984,569,446,5,1467.73,0.0,7338.65,1984,0.0
1985,570,190,6,77.29,0.0,463.74,1985,0.0
1986,570,349,4,597.66,0.0,2390.64,1986,0.0
1988,570,136,8,759.13,0.0,6073.04,1988,0.0
1989,571,348,7,1051.65,0.0,7361.55,1989,0.0
1990,571,337,7,1353.46,0.0,9474.22,1990,0.0
1991,571,206,7,674.18,0.0,4719.26,1991,0.0
1992,571,44,7,279.58,0.0,1957.06,1992,0.0
1993,571,457,7,1376.6,0.0,9636.2,1993,0.0
1994,571,258,2,899.73,0.0,1799.46,1994,0.0
1995,572,228,5,1110.45,0.0,5552.25,1995,0.0
1996,572,29,8,72.45,0.0,579.6,1996,0.0
1997,572,110,6,1458.48,0.0,8750.88,1997,0.0
1998,573,345,6,958.08,0.0,5748.48,1998,0.0
1999,573,322,2,743.53,0.0,1487.06,1999,0.0
2000,573,4,6,43.33,0.0,259.98,2000,0.0
2001,573,437,4,610.08,0.0,2440.32,2001,0.0
2008,576,234,3,869.53,0.0,2608.59,2008,0.0
2012,578,204,3,1113.13,0.0,3339.39,2012,0.0
2013,579,33,1,540.91,0.0,540.91,2013,0.0
2018,581,130,1,1241.08,0.0,1241.08,2018,0.0
2019,581,276,3,1295.84,0.0,3887.52,2019,0.0
2020,581,135,6,39.78,0.0,238.68,2020,0.0
2021,581,441,4,202.67,0.0,810.68,2021,0.0
2022,581,39,6,554.8,0.0,3328.8,2022,0.0
2023,581,328,4,297.12,0.09,1081.52,2023,0.09
2024,582,317,4,301.99,0.0,1207.96,2024,0.0
2025,582,447,6,503.46,0.0,3020.76,2025,0.0
2026,582,21,1,409.34,0.0,409.34,2026,0.0
2027,582,62,7,190.02,0.0,1330.14,2027,0.0
2028,583,135,4,1334.83,0.0,5339.32,2028,0.0
2029,583,166,3,798.47,0.0,2395.41,2029,0.0
2030,584,393,8,1032.95,0.0,8263.6,2030,0.0
2031,584,451,2,49.4,0.19,80.03,2031,0.19
2032,584,393,7,968.32,0.0,6778.24,2032,0.0
2033,584,166,4,612.7,0.0,2450.8,2033,0.0
2034,585,58,6,33.23,0.0,199.38,2034,0.0
2035,585,348,1,323.5,0.0,323.5,2035,0.0
2036,585,93,4,347.01,0.0,1388.04,2036,0.0
2037,585,21,7,1454.54,0.17,8450.88,2037,0.17
2038,585,23,6,1416.46,0.0,8498.76,2038,0.0
2039,585,170,2,338.07,0.0,676.14,2039,0.0
2040,586,38,5,680.12,0.0,3400.6,2040,0.0
2041,586,100,5,1104.73,0.0,5523.65,2041,0.0
2042,587,66,1,1351.4,0.0,1351.4,2042,0.0
2043,587,491,8,997.19,0.0,7977.52,2043,0.0
2044,587,9,3,1136.0,0.0,3408.0,2044,0.0
2045,587,400,3,944.86,0.0,2834.58,2045,0.0
2046,587,89,5,1179.92,0.0,5899.6,2046,0.0
2047,588,333,1,805.86,0.32,547.98,2047,0.32
2048,588,396,6,1056.21,0.0,6337.26,2048,0.0
2049,588,303,6,18.35,0.0,110.1,2049,0.0
2050,588,15,5,1464.3,0.23,5637.56,2050,0.23
2051,588,150,5,969.79,0.0,4848.95,2051,0.0
2052,589,469,4,947.59,0.0,3790.36,2052,0.0
2053,590,199,1,999.54,0.0,999.54,2053,0.0
2054,590,284,5,283.64,0.0,1418.2,2054,0.0
2055,590,135,5,149.58,0.0,747.9,2055,0.0
2056,590,260,2,602.69,0.23,928.14,2056,0.23
2057,590,308,7,1101.15,0.0,7708.05,2057,0.0
2058,590,33,8,1157.79,0.0,9262.32,2058,0.0
2059,591,61,7,418.48,0.0,2929.36,2059,0.0
2060,591,112,1,958.97,0.0,958.97,2060,0.0
2061,591,253,7,589.67,0.0,4127.69,2061,0.0
2062,591,462,1,419.52,0.08,385.96,2062,0.08
2063,591,288,6,1331.29,0.0,7987.74,2063,0.0
2064,591,461,2,309.14,0.0,618.28,2064,0.0
2065,592,247,3,92.07,0.0,276.21,2065,0.0
2066,592,74,8,300.0,0.0,2400.0,2066,0.0
2067,593,311,5,1440.6,0.0,7203.0,2067,0.0
2068,593,66,8,158.41,0.0,1267.28,2068,0.0
2069,593,69,7,1412.32,0.0,9886.24,2069,0.0
2070,593,258,2,183.2,0.0,366.4,2070,0.0
2071,593,104,6,217.77,0.0,1306.62,2071,0.0
2072,593,377,7,840.02,0.23,4527.71,2072,0.23
2073,594,367,5,1330.92,0.27,4857.86,2073,0.27
2074,594,116,8,1277.62,0.0,10220.96,2074,0.0
2075,594,476,6,546.78,0.0,3280.68,2075,0.0
2076,594,129,3,679.59,0.0,2038.77,2076,0.0
2077,594,117,7,969.92,0.0,6789.44,2077,0.0
2078,594,387,3,303.84,0.0,911.52,2078,0.0
2079,595,251,3,903.05,0.0,2709.15,2079,0.0
2080,595,154,1,538.01,0.23,414.27,2080,0.23
2081,596,56,3,1389.18,0.0,4167.54,2081,0.0
2082,596,361,3,1442.62,0.0,4327.86,2082,0.0
2083,596,76,8,1496.55,0.07,11134.33,2083,0.07
2084,596,191,2,234.59,0.0,469.18,2084,0.0
2085,596,149,7,1377.22,0.0,9640.54,2085,0.0
2086,597,215,5,1174.91,0.0,5874.55,2086,0.0
2087,597,28,8,1359.32,0.0,10874.56,2087,0.0
2088,597,500,6,354.28,0.0,2125.68,2088,0.0
2089,597,260,3,312.76,0.0,938.28,2089,0.0
2090,598,500,2,1399.91,0.0,2799.82,2090,0.0
2091,599,207,2,842.55,0.0,1685.1,2091,0.0
2092,599,411,2,646.85,0.0,1293.7,2092,0.0
2093,599,121,8,123.15,0.28,709.34,2093,0.28
2094,599,440,3,1061.79,0.0,3185.37,2094,0.0
2095,599,36,5,1206.23,0.0,6031.15,2095,0.0
2096,599,20,4,1491.26,0.0,5965.04,2096,0.0
2097,600,475,7,692.52,0.0,4847.64,2097,0.0
2098,601,89,4,1086.91,0.0,4347.64,2098,0.0
2099,601,460,1,558.44,0.0,558.44,2099,0.0
2100,601,209,3,205.36,0.19,499.02,2100,0.19
2102,603,257,3,1032.94,0.24,2355.1,2102,0.24
2103,603,279,6,1012.0,0.0,6072.0,2103,0.0
2104,603,128,5,216.54,0.0,1082.7,2104,0.0
2105,603,170,2,854.24,0.0,1708.48,2105,0.0
2106,603,404,4,930.06,0.0,3720.24,2106,0.0
2107,604,359,6,561.81,0.0,3370.86,2107,0.0
2108,604,164,5,531.06,0.0,2655.3,2108,0.0
2109,604,94,2,717.82,0.0,1435.64,2109,0.0
2110,604,408,5,1036.63,0.0,5183.15,2110,0.0
2111,604,443,8,1034.24,0.0,8273.92,2111,0.0
2113,605,118,8,1311.48,0.0,10491.84,2113,0.0
2114,605,103,5,249.31,0.0,1246.55,2114,0.0
2115,605,82,6,627.42,0.0,3764.52,2115,0.0
2116,606,474,1,768.86,0.0,768.86,2116,0.0
2117,606,121,1,535.17,0.0,535.17,2117,0.0
2118,607,402,8,1485.1,0.0,11880.8,2118,0.0
2119,607,253,7,1358.17,0.0,9507.19,2119,0.0
2120,607,195,5,369.25,0.3,1292.38,2120,0.3
2121,607,280,5,494.74,0.0,2473.7,2121,0.0
2122,607,409,6,1143.21,0.0,6859.26,2122,0.0
2123,608,479,3,91.99,0.0,275.97,2123,0.0
2124,608,395,8,664.04,0.0,5312.32,2124,0.0
2125,609,454,8,470.64,0.0,3765.12,2125,0.0
2126,609,296,4,439.22,0.0,1756.88,2126,0.0
2127,609,484,2,795.43,0.0,1590.86,2127,0.0
2128,609,267,7,685.39,0.0,4797.73,2128,0.0
2129,609,435,7,739.32,0.24,3933.18,2129,0.24
2130,610,251,8,661.51,0.0,5292.08,2130,0.0
2131,610,356,8,1290.31,0.0,10322.48,2131,0.0
2132,610,130,4,37.5,0.35,97.5,2132,0.35
2133,611,206,7,628.02,0.0,4396.14,2133,0.0
2134,611,44,5,1053.66,0.0,5268.3,2134,0.0
2135,611,358,7,471.46,0.0,3300.22,2135,0.0
2141,613,337,2,1120.83,0.0,2241.66,2141,0.0
2142,613,388,7,1204.92,0.34,5566.73,2142,0.34
2143,613,140,1,124.56,0.0,124.56,2143,0.0
2144,613,312,8,189.45,0.0,1515.6,2144,0.0
2145,613,498,6,1089.46,0.0,6536.76,2145,0.0
2146,614,31,2,500.59,0.0,1001.18,2146,0.0
2147,614,267,8,838.78,0.0,6710.24,2147,0.0
2148,614,225,2,165.66,0.0,331.32,2148,0.0
2149,615,17,2,1499.33,0.0,2998.66,2149,0.0
2150,616,163,2,811.46,0.0,1622.92,2150,0.0
2151,616,123,2,1118.83,0.0,2237.66,2151,0.0
2152,616,155,8,348.17,0.0,2785.36,2152,0.0
2153,616,99,5,1341.1,0.32,4559.74,2153,0.32
2154,617,99,7,57.45,0.0,402.15,2154,0.0
2155,617,323,6,559.79,0.0,3358.74,2155,0.0
2156,617,231,8,1495.49,0.0,11963.92,2156,0.0
2157,617,222,8,55.41,0.0,443.28,2157,0.0
2158,617,89,1,354.86,0.0,354.86,2158,0.0
2159,618,271,2,1083.11,0.0,2166.22,2159,0.0
2160,618,477,7,479.83,0.0,3358.81,2160,0.0
2161,618,134,6,391.48,0.0,2348.88,2161,0.0
2162,618,475,5,624.01,0.0,3120.05,2162,0.0
2165,620,462,3,557.41,0.0,1672.23,2165,0.0
2166,620,317,7,161.08,0.0,1127.56,2166,0.0
2167,620,125,8,694.51,0.38,3444.77,2167,0.38
2168,621,269,3,678.76,0.0,2036.28,2168,0.0
2169,621,242,6,284.52,0.0,1707.12,2169,0.0
2170,621,170,5,1372.51,0.0,6862.55,2170,0.0
2171,621,1,1,1102.52,0.0,1102.52,2171,0.0
2172,621,442,8,21.52,0.0,172.16,2172,0.0
2173,621,453,1,1165.9,0.0,1165.9,2173,0.0
2175,623,169,4,792.64,0.26,2346.21,2175,0.26
2176,624,145,5,128.15,0.0,640.75,2176,0.0
2177,624,400,5,570.61,0.0,2853.05,2177,0.0
2178,624,27,8,728.88,0.0,5831.04,2178,0.0
2179,624,285,3,1469.73,0.07,4100.55,2179,0.07
2180,625,467,3,1020.97,0.0,3062.91,2180,0.0
2181,626,351,6,1135.84,0.0,6815.04,2181,0.0
2182,626,222,8,638.59,0.06,4802.2,2182,0.06
2183,626,481,8,226.26,0.0,1810.08,2183,0.0
2184,626,456,2,122.23,0.05,232.24,2184,0.05
2185,627,263,4,1034.6,0.0,4138.4,2185,0.0
2186,627,355,7,763.33,0.0,5343.31,2186,0.0
2187,627,270,4,976.84,0.0,3907.36,2187,0.0
2188,627,231,6,916.08,0.21,4342.22,2188,0.21
2189,628,246,3,822.59,0.0,2467.77,2189,0.0
2190,628,101,5,505.65,0.0,2528.25,2190,0.0
2191,628,436,2,657.87,0.0,1315.74,2191,0.0
2192,628,373,6,639.03,0.12,3374.08,2192,0.12
2193,628,267,1,592.25,0.0,592.25,2193,0.0
2194,628,455,1,789.92,0.39,481.85,2194,0.39
2195,629,332,5,1020.31,0.0,5101.55,2195,0.0
2196,629,159,8,38.29,0.0,306.32,2196,0.0
2197,629,320,7,474.47,0.0,3321.29,2197,0.0
2198,629,253,3,1039.29,0.0,3117.87,2198,0.0
2199,630,272,7,814.88,0.0,5704.16,2199,0.0
2200,630,17,2,679.59,0.0,1359.18,2200,0.0
2201,630,218,7,830.65,0.34,3837.6,2201,0.34
2202,630,436,5,1228.87,0.0,6144.35,2202,0.0
2203,631,63,2,790.57,0.0,1581.14,2203,0.0
2204,631,124,1,731.17,0.0,731.17,2204,0.0
2207,633,73,4,1436.46,0.0,5745.84,2207,0.0
2208,633,170,6,812.38,0.0,4874.28,2208,0.0
2209,633,244,8,143.68,0.07,1068.98,2209,0.07
2210,633,256,2,411.16,0.0,822.32,2210,0.0
2211,633,95,4,64.96,0.0,259.84,2211,0.0
2212,634,159,6,1466.53,0.0,8799.18,2212,0.0
2213,635,85,8,70.33,0.0,562.64,2213,0.0
2214,636,93,4,725.39,0.0,2901.56,2214,0.0
2215,636,164,4,862.6,0.0,3450.4,2215,0.0
2216,636,186,5,771.53,0.0,3857.65,2216,0.0
2217,636,142,5,785.23,0.0,3926.15,2217,0.0
2218,636,431,5,326.03,0.06,1532.34,2218,0.06
2219,637,252,2,1395.77,0.0,2791.54,2219,0.0
2220,637,225,6,518.79,0.19,2521.32,2220,0.19
2221,637,200,6,1461.49,0.0,8768.94,2221,0.0
2222,638,32,1,361.03,0.0,361.03,2222,0.0
2223,638,231,5,1259.82,0.0,6299.1,2223,0.0
2224,638,376,4,810.54,0.0,3242.16,2224,0.0
2225,639,87,3,985.57,0.0,2956.71,2225,0.0
2226,639,491,1,250.97,0.0,250.97,2226,0.0
2227,639,462,5,1435.92,0.0,7179.6,2227,0.0
2228,639,324,6,222.54,0.0,1335.24,2228,0.0
2229,639,420,3,1297.11,0.0,3891.33,2229,0.0
2230,640,126,4,1010.02,0.0,4040.08,2230,0.0
2231,640,93,8,793.86,0.28,4572.63,2231,0.28
2232,640,157,2,1203.65,0.0,2407.3,2232,0.0
2233,640,357,2,1098.68,0.0,2197.36,2233,0.0
2234,640,443,5,537.51,0.0,2687.55,2234,0.0
2235,640,309,3,931.27,0.0,2793.81,2235,0.0
2236,641,251,1,614.21,0.0,614.21,2236,0.0
2237,641,225,2,470.95,0.0,941.9,2237,0.0
2238,641,140,3,736.43,0.0,2209.29,2238,0.0
2239,641,220,3,308.19,0.0,924.57,2239,0.0
2240,641,345,8,513.7,0.0,4109.6,2240,0.0
2241,642,497,2,221.9,0.0,443.8,2241,0.0
2242,642,470,6,531.22,0.0,3187.32,2242,0.0
2243,643,18,2,980.07,0.0,1960.14,2243,0.0
2244,643,115,4,561.02,0.0,2244.08,2244,0.0
2245,643,9,6,1096.86,0.0,6581.16,2245,0.0
2246,643,374,2,1402.52,0.0,2805.04,2246,0.0
2247,644,336,1,1497.58,0.0,1497.58,2247,0.0
2248,644,436,7,1307.49,0.33,6132.13,2248,0.33
2249,644,285,7,1210.97,0.22,6611.9,2249,0.22
2250,644,279,7,682.23,0.0,4775.61,2250,0.0
2251,644,489,2,1442.53,0.0,2885.06,2251,0.0
2252,644,45,3,1291.24,0.0,3873.72,2252,0.0
2253,645,8,4,585.89,0.0,2343.56,2253,0.0
2254,645,149,7,127.22,0.0,890.54,2254,0.0
2255,645,125,1,359.53,0.0,359.53,2255,0.0
2262,647,331,4,1318.48,0.0,5273.92,2262,0.0
2263,647,140,3,36.18,0.0,108.54,2263,0.0
2264,647,497,8,314.19,0.0,2513.52,2264,0.0
2265,647,273,3,546.02,0.0,1638.06,2265,0.0
2267,648,145,3,1251.03,0.0,3753.09,2267,0.0
2268,649,433,4,897.25,0.26,2655.86,2268,0.26
2269,649,440,5,361.38,0.0,1806.9,2269,0.0
2270,649,243,8,1415.87,0.0,11326.96,2270,0.0
2271,649,416,4,64.09,0.0,256.36,2271,0.0
2272,650,140,5,1470.92,0.38,4559.85,2272,0.38
2273,650,383,4,771.11,0.4,1850.66,2273,0.4
2274,650,485,7,1330.9,0.22,7266.71,2274,0.22
2275,650,162,5,53.8,0.0,269.0,2275,0.0
2276,650,422,1,194.12,0.0,194.12,2276,0.0
2277,650,345,4,797.01,0.0,3188.04,2277,0.0
2278,651,110,3,220.52,0.0,661.56,2278,0.0
2279,651,155,2,13.04,0.0,26.08,2279,0.0
2280,652,422,6,166.5,0.0,999.0,2280,0.0
2281,652,327,2,470.19,0.0,940.38,2281,0.0
2282,652,316,4,908.98,0.0,3635.92,2282,0.0
2283,652,134,1,1098.26,0.0,1098.26,2283,0.0
2284,653,150,6,996.84,0.0,5981.04,2284,0.0
2285,653,366,2,1382.01,0.0,2764.02,2285,0.0
2286,653,283,8,652.34,0.0,5218.72,2286,0.0
2287,653,307,1,1048.93,0.0,1048.93,2287,0.0
2292,655,117,6,1215.66,0.0,7293.96,2292,0.0
2293,655,423,7,1211.56,0.0,8480.92,2293,0.0
2294,655,25,1,731.28,0.0,731.28,2294,0.0
2296,656,32,6,837.95,0.33,3368.56,2296,0.33
2297,656,27,2,650.67,0.0,1301.34,2297,0.0
2298,656,231,7,1026.98,0.0,7188.86,2298,0.0
2299,656,17,7,482.22,0.0,3375.54,2299,0.0
2300,657,469,4,458.52,0.0,1834.08,2300,0.0
2301,657,187,8,1151.94,0.0,9215.52,2301,0.0
2302,657,4,6,1209.47,0.0,7256.82,2302,0.0
2303,658,244,4,1247.85,0.0,4991.4,2303,0.0
2304,658,485,4,236.08,0.0,944.32,2304,0.0
2305,658,106,7,671.28,0.0,4698.96,2305,0.0
2306,658,241,7,915.35,0.0,6407.45,2306,0.0
2307,658,227,8,508.27,0.36,2602.34,2307,0.36
2308,658,303,2,406.09,0.0,812.18,2308,0.0
2309,659,312,7,916.2,0.0,6413.4,2309,0.0
2310,659,288,7,460.43,0.16,2707.33,2310,0.16
2311,659,399,5,952.27,0.0,4761.35,2311,0.0
2312,659,314,7,136.67,0.0,956.69,2312,0.0
2313,659,388,2,1299.56,0.0,2599.12,2313,0.0
2314,659,128,5,333.25,0.0,1666.25,2314,0.0
2315,660,380,5,456.45,0.0,2282.25,2315,0.0
2316,660,499,2,174.52,0.0,349.04,2316,0.0
2317,661,56,8,883.48,0.0,7067.84,2317,0.0
2318,661,293,1,153.24,0.0,153.24,2318,0.0
2319,661,177,1,1426.43,0.0,1426.43,2319,0.0
2320,661,136,8,915.02,0.0,7320.16,2320,0.0
2321,661,418,1,855.94,0.0,855.94,2321,0.0
2322,662,318,7,837.37,0.0,5861.59,2322,0.0
2323,662,340,7,1496.39,0.16,8798.77,2323,0.16
2324,662,178,6,946.34,0.0,5678.04,2324,0.0
2325,662,90,2,1220.45,0.0,2440.9,2325,0.0
2326,663,150,7,1440.94,0.0,10086.58,2326,0.0
2327,663,38,1,1030.21,0.0,1030.21,2327,0.0
2328,663,493,1,1220.23,0.0,1220.23,2328,0.0
2329,663,313,2,1463.53,0.09,2663.62,2329,0.09
2330,663,268,5,1083.44,0.0,5417.2,2330,0.0
2331,663,87,4,638.89,0.0,2555.56,2331,0.0
2332,664,263,3,886.35,0.0,2659.05,2332,0.0
2333,664,121,6,102.93,0.0,617.58,2333,0.0
2334,664,479,4,1338.0,0.0,5352.0,2334,0.0
2335,664,355,1,802.43,0.0,802.43,2335,0.0
2336,665,482,4,993.25,0.0,3973.0,2336,0.0
2337,665,161,6,773.96,0.0,4643.76,2337,0.0
2338,665,178,2,805.93,0.0,1611.86,2338,0.0
2339,665,357,5,1487.21,0.15,6320.64,2339,0.15
2340,665,231,5,82.97,0.0,414.85,2340,0.0
2342,667,76,3,35.47,0.09,96.83,2342,0.09
2343,667,398,1,161.5,0.0,161.5,2343,0.0
2349,669,265,5,558.3,0.0,2791.5,2349,0.0
2350,669,93,4,239.37,0.15,813.86,2350,0.15
2351,669,298,8,561.36,0.34,2963.98,2351,0.34
2352,669,19,2,1197.27,0.0,2394.54,2352,0.0
2353,669,119,7,177.36,0.0,1241.52,2353,0.0
2357,671,483,4,1394.26,0.0,5577.04,2357,0.0
2358,671,16,2,1222.9,0.0,2445.8,2358,0.0
2359,671,268,7,492.82,0.0,3449.74,2359,0.0
2360,671,267,8,1029.89,0.36,5273.04,2360,0.36
2361,672,175,4,342.52,0.0,1370.08,2361,0.0
2362,672,337,4,931.71,0.0,3726.84,2362,0.0
2363,672,197,4,668.32,0.0,2673.28,2363,0.0
2364,672,201,6,100.28,0.0,601.68,2364,0.0
2365,672,276,1,343.38,0.0,343.38,2365,0.0
2366,672,395,3,400.07,0.0,1200.21,2366,0.0
2367,673,493,6,1299.89,0.36,4991.58,2367,0.36
2368,673,489,8,110.84,0.0,886.72,2368,0.0
2369,673,268,2,611.13,0.0,1222.26,2369,0.0
2370,674,401,8,1380.51,0.0,11044.08,2370,0.0
2371,674,452,7,868.56,0.0,6079.92,2371,0.0
2372,675,228,6,1260.38,0.0,7562.28,2372,0.0
2373,675,371,3,784.56,0.0,2353.68,2373,0.0
2374,676,464,2,924.83,0.0,1849.66,2374,0.0
2375,676,54,6,451.22,0.1,2436.59,2375,0.1
2376,676,159,1,726.85,0.0,726.85,2376,0.0
2377,676,373,2,558.28,0.0,1116.56,2377,0.0
2378,676,50,7,269.8,0.0,1888.6,2378,0.0
2382,678,332,3,1112.3,0.0,3336.9,2382,0.0
2383,679,130,7,993.73,0.0,6956.11,2383,0.0
2384,679,478,6,1306.55,0.0,7839.3,2384,0.0
2385,679,188,3,1429.83,0.0,4289.49,2385,0.0
2386,679,149,4,563.43,0.0,2253.72,2386,0.0
2387,679,198,7,222.19,0.0,1555.33,2387,0.0
2388,679,364,5,1008.76,0.23,3883.73,2388,0.23
2389,680,18,5,1075.06,0.0,5375.3,2389,0.0
2390,680,264,8,813.36,0.0,6506.88,2390,0.0
2391,680,131,6,113.13,0.0,678.78,2391,0.0
2392,681,465,6,1137.7,0.0,6826.2,2392,0.0
2393,681,43,4,1262.64,0.0,5050.56,2393,0.0
2394,681,397,3,1263.99,0.0,3791.97,2394,0.0
2395,681,378,8,127.67,0.0,1021.36,2395,0.0
2396,681,14,7,689.05,0.0,4823.35,2396,0.0
2397,681,57,7,604.74,0.0,4233.18,2397,0.0
2398,682,49,2,872.96,0.0,1745.92,2398,0.0
2399,682,22,4,211.37,0.0,845.48,2399,0.0
2400,682,38,3,1334.95,0.0,4004.85,2400,0.0
2402,683,284,3,752.82,0.0,2258.46,2402,0.0
2404,684,263,4,755.78,0.14,2599.88,2404,0.14
2405,684,248,6,1140.23,0.0,6841.38,2405,0.0
2406,684,467,8,354.36,0.31,1956.07,2406,0.31
2407,684,368,2,754.71,0.0,1509.42,2407,0.0
2408,685,82,2,1491.86,0.0,2983.72,2408,0.0
2409,685,301,3,1367.75,0.0,4103.25,2409,0.0
2410,685,98,4,1407.03,0.0,5628.12,2410,0.0
2411,686,216,5,666.72,0.0,3333.6,2411,0.0
2412,686,15,3,1012.5,0.0,3037.5,2412,0.0
2413,687,145,8,1090.17,0.0,8721.36,2413,0.0
2414,687,206,8,963.03,0.0,7704.24,2414,0.0
2415,688,129,2,1168.81,0.0,2337.62,2415,0.0
2416,688,371,8,535.3,0.0,4282.4,2416,0.0
2418,688,453,6,601.89,0.0,3611.34,2418,0.0
2419,689,350,7,1108.6,0.0,7760.2,2419,0.0
2420,689,324,3,842.33,0.0,2526.99,2420,0.0
2421,690,484,3,1221.91,0.37,2309.41,2421,0.37
2422,690,305,5,220.62,0.0,1103.1,2422,0.0
2424,690,483,6,1089.54,0.0,6537.24,2424,0.0
2425,691,275,5,966.1,0.0,4830.5,2425,0.0
2427,691,294,5,1337.02,0.19,5414.93,2427,0.19
2428,691,440,4,116.52,0.0,466.08,2428,0.0
2429,691,482,1,1468.02,0.0,1468.02,2429,0.0
2430,691,170,7,456.98,0.0,3198.86,2430,0.0
2431,692,462,2,456.51,0.0,913.02,2431,0.0
2432,692,347,7,451.71,0.0,3161.97,2432,0.0
2433,692,314,2,809.75,0.0,1619.5,2433,0.0
2434,693,246,2,22.69,0.0,45.38,2434,0.0
2435,693,129,8,345.06,0.0,2760.48,2435,0.0
2436,693,309,1,783.38,0.0,783.38,2436,0.0
2437,694,119,6,130.35,0.11,696.07,2437,0.11
2438,694,43,2,1424.75,0.0,2849.5,2438,0.0
2439,694,110,5,1434.21,0.0,7171.05,2439,0.0
2440,694,24,6,1300.17,0.0,7801.02,2440,0.0
2442,694,184,7,385.15,0.0,2696.05,2442,0.0
2445,696,13,5,1056.85,0.0,5284.25,2445,0.0
2446,696,56,6,1300.77,0.0,7804.62,2446,0.0
2447,696,249,2,802.17,0.0,1604.34,2447,0.0
2448,696,485,7,819.21,0.0,5734.47,2448,0.0
2449,696,387,8,1312.5,0.0,10500.0,2449,0.0
2450,697,20,6,293.31,0.0,1759.86,2450,0.0
2451,697,401,1,69.86,0.0,69.86,2451,0.0
2452,697,428,7,1176.1,0.0,8232.7,2452,0.0
2453,697,384,2,309.37,0.0,618.74,2453,0.0
2454,698,322,3,924.24,0.0,2772.72,2454,0.0
2455,698,263,1,673.62,0.0,673.62,2455,0.0
2456,698,48,6,747.6,0.0,4485.6,2456,0.0
2457,699,458,2,930.98,0.0,1861.96,2457,0.0
2458,699,358,1,472.73,0.3,330.91,2458,0.3
2459,699,317,1,1259.91,0.13,1096.12,2459,0.13
2460,700,373,2,55.03,0.35,71.54,2460,0.35
2462,701,285,8,84.9,0.0,679.2,2462,0.0
2463,701,319,1,653.65,0.0,653.65,2463,0.0
2464,701,88,6,307.95,0.0,1847.7,2464,0.0
2465,701,104,2,980.88,0.0,1961.76,2465,0.0
2466,701,487,8,1399.71,0.36,7166.52,2466,0.36
2467,701,408,5,316.14,0.0,1580.7,2467,0.0
2468,702,491,3,1028.82,0.0,3086.46,2468,0.0
2469,702,474,2,1187.32,0.0,2374.64,2469,0.0
2470,702,333,1,1440.66,0.0,1440.66,2470,0.0
2471,702,177,7,1283.11,0.0,8981.77,2471,0.0
2472,702,286,3,938.8,0.0,2816.4,2472,0.0
2473,703,32,3,713.85,0.0,2141.55,2473,0.0
2474,704,189,4,440.05,0.0,1760.2,2474,0.0
2475,705,403,6,941.04,0.0,5646.24,2475,0.0
2476,705,420,4,1298.78,0.0,5195.12,2476,0.0
2477,706,190,4,645.44,0.0,2581.76,2477,0.0
2478,706,278,7,1008.81,0.0,7061.67,2478,0.0
2479,706,242,7,736.73,0.0,5157.11,2479,0.0
2480,706,312,3,654.84,0.0,1964.52,2480,0.0
2481,706,489,3,1108.23,0.0,3324.69,2481,0.0
2482,707,473,6,386.03,0.1,2084.56,2482,0.1
2483,707,129,6,1462.42,0.1,7897.07,2483,0.1
2484,707,5,5,1006.03,0.29,3571.41,2484,0.29
2485,707,250,4,783.55,0.0,3134.2,2485,0.0
2486,707,388,2,1046.18,0.0,2092.36,2486,0.0
2487,708,445,1,815.28,0.0,815.28,2487,0.0
2488,708,230,8,400.02,0.0,3200.16,2488,0.0
2489,708,408,8,480.01,0.0,3840.08,2489,0.0
2490,708,352,2,629.11,0.0,1258.22,2490,0.0
2491,708,299,4,951.66,0.0,3806.64,2491,0.0
2492,708,184,4,423.61,0.0,1694.44,2492,0.0
2493,709,300,4,447.47,0.0,1789.88,2493,0.0
2494,709,93,7,187.12,0.15,1113.36,2494,0.15
2495,709,184,7,535.73,0.17,3112.59,2495,0.17
2496,709,278,2,98.3,0.0,196.6,2496,0.0
2497,709,477,8,1179.48,0.0,9435.84,2497,0.0
2498,710,172,2,86.71,0.0,173.42,2498,0.0
2499,710,273,3,1253.32,0.0,3759.96,2499,0.0
2500,710,219,8,686.1,0.0,5488.8,2500,0.0
2501,710,431,1,376.51,0.0,376.51,2501,0.0
2502,710,49,6,669.63,0.0,4017.78,2502,0.0
2503,711,280,8,372.68,0.14,2564.04,2503,0.14
2504,711,476,1,1432.45,0.0,1432.45,2504,0.0
2505,711,40,4,1314.45,0.0,5257.8,2505,0.0
2506,711,395,4,1021.46,0.0,4085.84,2506,0.0
2507,711,221,1,703.93,0.0,703.93,2507,0.0
2510,713,75,3,1280.66,0.05,3649.88,2510,0.05
2511,713,146,6,194.89,0.0,1169.34,2511,0.0
2512,713,160,4,760.14,0.0,3040.56,2512,0.0
2513,713,339,4,721.65,0.0,2886.6,2513,0.0
2514,714,207,1,666.17,0.0,666.17,2514,0.0
2515,714,419,8,1321.93,0.0,10575.44,2515,0.0
2516,714,364,5,293.77,0.0,1468.85,2516,0.0
2517,714,173,3,919.57,0.0,2758.71,2517,0.0
2518,714,237,4,1015.61,0.0,4062.44,2518,0.0
2519,714,203,2,952.48,0.0,1904.96,2519,0.0
2520,715,292,5,12.85,0.0,64.25,2520,0.0
2521,715,298,1,431.26,0.0,431.26,2521,0.0
2522,715,371,2,1223.02,0.0,2446.04,2522,0.0
2523,716,118,2,1373.82,0.0,2747.64,2523,0.0
2524,716,15,4,1451.57,0.0,5806.28,2524,0.0
2525,716,244,1,302.38,0.0,302.38,2525,0.0
2526,716,443,2,945.93,0.0,1891.86,2526,0.0
2527,716,107,3,1466.82,0.0,4400.46,2527,0.0
2528,716,115,7,365.77,0.0,2560.39,2528,0.0
2531,718,329,2,416.87,0.0,833.74,2531,0.0
2532,718,290,4,1092.62,0.0,4370.48,2532,0.0
2533,718,379,7,686.33,0.0,4804.31,2533,0.0
2534,718,354,3,639.71,0.0,1919.13,2534,0.0
2535,718,436,3,56.39,0.0,169.17,2535,0.0
2536,719,52,2,360.13,0.0,720.26,2536,0.0
2537,719,463,4,681.17,0.0,2724.68,2537,0.0
2538,719,472,5,384.95,0.0,1924.75,2538,0.0
2539,719,372,6,224.99,0.0,1349.94,2539,0.0
2540,719,307,1,553.04,0.0,553.04,2540,0.0
2541,720,332,1,237.1,0.0,237.1,2541,0.0
2542,720,124,1,354.94,0.0,354.94,2542,0.0
2543,720,255,7,224.02,0.26,1160.42,2543,0.26
2544,720,469,8,253.04,0.0,2024.32,2544,0.0
2545,721,401,7,902.88,0.0,6320.16,2545,0.0
2546,721,348,6,1358.08,0.0,8148.48,2546,0.0
2549,723,302,3,1138.32,0.0,3414.96,2549,0.0
2550,723,106,2,270.64,0.0,541.28,2550,0.0
2551,723,58,3,37.18,0.0,111.54,2551,0.0
2552,723,218,5,213.03,0.0,1065.15,2552,0.0
2553,723,146,1,1122.65,0.35,729.72,2553,0.35
2554,724,491,6,1135.99,0.0,6815.94,2554,0.0
2555,724,355,5,502.26,0.08,2310.4,2555,0.08
2556,724,401,3,1233.89,0.0,3701.67,2556,0.0
2557,724,412,4,664.35,0.0,2657.4,2557,0.0
2558,725,306,6,104.19,0.0,625.14,2558,0.0
2559,726,63,6,564.34,0.0,3386.04,2559,0.0
2560,727,69,4,24.62,0.0,98.48,2560,0.0
2561,727,53,1,1498.05,0.0,1498.05,2561,0.0
2562,727,455,3,181.98,0.28,393.08,2562,0.28
2563,728,404,7,661.18,0.0,4628.26,2563,0.0
2564,728,13,4,1044.76,0.0,4179.04,2564,0.0
2565,728,156,6,453.12,0.0,2718.72,2565,0.0
2566,728,455,8,1037.39,0.0,8299.12,2566,0.0
2567,728,130,3,1215.92,0.0,3647.76,2567,0.0
2568,728,482,6,299.26,0.0,1795.56,2568,0.0
2569,729,324,4,771.04,0.1,2775.74,2569,0.1
2571,729,420,8,718.47,0.0,5747.76,2571,0.0
2572,729,176,6,1374.8,0.0,8248.8,2572,0.0
2573,729,359,8,584.62,0.0,4676.96,2573,0.0
2574,729,229,2,803.54,0.0,1607.08,2574,0.0
2575,730,235,5,825.7,0.0,4128.5,2575,0.0
2576,731,230,5,1318.8,0.0,6594.0,2576,0.0
2577,731,223,6,497.94,0.0,2987.64,2577,0.0
2578,731,355,3,1360.95,0.28,2939.65,2578,0.28
2579,731,439,8,1287.52,0.0,10300.16,2579,0.0
2580,731,25,4,83.02,0.0,332.08,2580,0.0
2581,731,296,4,268.47,0.0,1073.88,2581,0.0
2582,732,277,7,1469.89,0.36,6585.11,2582,0.36
2589,734,352,4,420.82,0.0,1683.28,2589,0.0
2590,734,322,4,715.73,0.0,2862.92,2590,0.0
2591,734,463,4,296.47,0.0,1185.88,2591,0.0
2592,735,129,3,709.86,0.0,2129.58,2592,0.0
2593,735,19,8,1215.78,0.33,6516.58,2593,0.33
2594,735,415,4,394.38,0.0,1577.52,2594,0.0
2595,736,322,8,1138.07,0.34,6009.01,2595,0.34
2596,736,135,6,921.9,0.0,5531.4,2596,0.0
2597,736,493,4,1111.04,0.0,4444.16,2597,0.0
2598,737,53,6,460.51,0.0,2763.06,2598,0.0
2599,737,14,4,1450.51,0.0,5802.04,2599,0.0
2600,737,108,8,492.81,0.0,3942.48,2600,0.0
2601,738,83,6,23.02,0.0,138.12,2601,0.0
2602,738,484,2,1269.24,0.0,2538.48,2602,0.0
2603,738,450,4,420.42,0.0,1681.68,2603,0.0
2604,738,269,5,1390.71,0.0,6953.55,2604,0.0
2605,738,277,2,635.88,0.0,1271.76,2605,0.0
2609,741,230,1,345.95,0.0,345.95,2609,0.0
2610,741,217,3,847.95,0.0,2543.85,2610,0.0
2611,741,128,3,926.26,0.0,2778.78,2611,0.0
2612,741,467,7,1038.09,0.22,5667.97,2612,0.22
2613,741,298,8,1114.25,0.0,8914.0,2613,0.0
2614,741,490,5,765.3,0.0,3826.5,2614,0.0
2615,742,38,6,747.85,0.0,4487.1,2615,0.0
2616,742,147,4,935.18,0.0,3740.72,2616,0.0
2617,742,462,4,1001.11,0.0,4004.44,2617,0.0
2618,742,430,3,1269.15,0.0,3807.45,2618,0.0
2619,742,375,7,1307.43,0.0,9152.01,2619,0.0
2620,742,432,3,725.2,0.0,2175.6,2620,0.0
2621,743,83,7,1402.72,0.0,9819.04,2621,0.0
2622,743,240,2,160.05,0.0,320.1,2622,0.0
2623,743,253,1,286.03,0.0,286.03,2623,0.0
2624,743,233,4,1312.5,0.0,5250.0,2624,0.0
2625,743,451,6,448.64,0.0,2691.84,2625,0.0
2626,743,31,8,248.22,0.0,1985.76,2626,0.0
2627,744,491,1,65.42,0.0,65.42,2627,0.0
2628,744,190,1,808.3,0.0,808.3,2628,0.0
2629,744,208,3,226.42,0.1,611.33,2629,0.1
2630,744,143,1,1472.6,0.0,1472.6,2630,0.0
2631,744,25,4,1084.69,0.17,3601.17,2631,0.17
2632,744,434,6,487.94,0.0,2927.64,2632,0.0
2633,745,451,3,153.02,0.0,459.06,2633,0.0
2634,746,302,3,325.0,0.0,975.0,2634,0.0
2635,746,184,8,894.12,0.0,7152.96,2635,0.0
2636,747,297,4,741.11,0.0,2964.44,2636,0.0
2637,747,73,1,420.2,0.0,420.2,2637,0.0
2638,747,434,4,1267.56,0.0,5070.24,2638,0.0
2639,747,264,8,915.51,0.0,7324.08,2639,0.0
2641,748,360,1,448.7,0.0,448.7,2641,0.0
2642,748,488,1,1204.92,0.0,1204.92,2642,0.0
2643,748,84,4,981.61,0.0,3926.44,2643,0.0
2644,749,68,1,1173.35,0.0,1173.35,2644,0.0
2645,749,256,5,1184.87,0.0,5924.35,2645,0.0
2646,749,152,8,369.72,0.0,2957.76,2646,0.0
2647,749,49,5,912.03,0.0,4560.15,2647,0.0
2648,749,183,8,51.69,0.0,413.52,2648,0.0
2649,750,356,2,961.77,0.0,1923.54,2649,0.0
2650,750,141,4,282.71,0.0,1130.84,2650,0.0
2651,750,386,3,987.67,0.29,2103.74,2651,0.29
2652,751,325,3,93.5,0.0,280.5,2652,0.0
2653,751,93,7,1142.38,0.0,7996.66,2653,0.0
2654,752,387,5,1038.47,0.33,3478.87,2654,0.33
2655,753,352,6,708.43,0.24,3230.44,2655,0.24
2656,753,474,5,1282.63,0.0,6413.15,2656,0.0
2657,753,242,3,1057.75,0.0,3173.25,2657,0.0
2658,753,115,2,321.87,0.0,643.74,2658,0.0
2659,754,389,7,810.66,0.4,3404.77,2659,0.4
2660,755,154,3,19.59,0.0,58.77,2660,0.0
2661,755,13,2,1160.78,0.0,2321.56,2661,0.0
2662,755,288,2,78.91,0.0,157.82,2662,0.0
2663,755,485,4,643.91,0.13,2240.81,2663,0.13
2664,756,298,4,897.86,0.0,3591.44,2664,0.0
2665,756,76,4,532.04,0.06,2000.47,2665,0.06
2666,756,6,8,334.68,0.0,2677.44,2666,0.0
2672,758,308,7,282.88,0.0,1980.16,2672,0.0
2673,758,131,5,384.66,0.0,1923.3,2673,0.0
2674,759,387,3,319.38,0.0,958.14,2674,0.0
2675,759,129,1,1365.9,0.0,1365.9,2675,0.0
2676,759,313,2,829.12,0.0,1658.24,2676,0.0
2677,759,256,7,467.83,0.0,3274.81,2677,0.0
2678,760,353,8,530.67,0.09,3863.28,2678,0.09
2679,760,434,7,443.37,0.12,2731.16,2679,0.12
2680,760,79,1,1436.57,0.0,1436.57,2680,0.0
2681,760,388,2,697.99,0.0,1395.98,2681,0.0
2682,760,439,7,614.78,0.0,4303.46,2682,0.0
2683,760,127,7,533.45,0.0,3734.15,2683,0.0
2689,762,174,1,1430.23,0.0,1430.23,2689,0.0
2690,762,346,4,478.75,0.0,1915.0,2690,0.0
2691,762,497,8,269.05,0.0,2152.4,2691,0.0
2692,762,432,2,819.04,0.22,1277.7,2692,0.22
2693,762,90,8,626.39,0.0,5011.12,2693,0.0
2694,763,172,5,1311.5,0.0,6557.5,2694,0.0
2695,764,2,2,36.16,0.0,72.32,2695,0.0
2696,765,217,8,1141.89,0.0,9135.12,2696,0.0
2697,765,196,4,1208.6,0.0,4834.4,2697,0.0
2698,765,422,5,289.98,0.12,1275.91,2698,0.12
2699,765,189,7,1187.25,0.0,8310.75,2699,0.0
2700,766,246,1,1028.18,0.0,1028.18,2700,0.0
2701,766,170,6,514.23,0.27,2252.33,2701,0.27
2702,766,478,8,69.77,0.15,474.44,2702,0.15
2704,768,201,7,517.96,0.24,2755.55,2704,0.24
2705,769,325,8,765.66,0.33,4103.94,2705,0.33
2706,769,209,5,1217.59,0.0,6087.95,2706,0.0
2707,769,415,5,871.08,0.0,4355.4,2707,0.0
2708,769,128,2,810.9,0.0,1621.8,2708,0.0
2709,769,457,4,523.53,0.0,2094.12,2709,0.0
2710,769,239,7,779.9,0.0,5459.3,2710,0.0
2711,770,393,6,1042.16,0.0,6252.96,2711,0.0
2712,770,360,6,486.92,0.0,2921.52,2712,0.0
2713,770,353,7,1033.77,0.38,4486.56,2713,0.38
2714,770,323,8,1382.56,0.0,11060.48,2714,0.0
2715,770,267,1,993.85,0.08,914.34,2715,0.08
2716,771,473,1,486.5,0.0,486.5,2716,0.0
2717,771,430,8,205.42,0.0,1643.36,2717,0.0
2718,771,439,8,597.68,0.0,4781.44,2718,0.0
2720,772,335,7,915.51,0.38,3973.31,2720,0.38
2721,772,167,1,371.4,0.0,371.4,2721,0.0
2722,772,377,8,1083.48,0.0,8667.84,2722,0.0
2723,772,494,8,1307.56,0.32,7113.13,2723,0.32
2724,772,87,7,893.22,0.15,5314.66,2724,0.15
2725,772,115,3,28.52,0.0,85.56,2725,0.0
2726,773,172,4,578.1,0.0,2312.4,2726,0.0
2727,773,409,3,639.89,0.0,1919.67,2727,0.0
2728,773,457,4,580.87,0.0,2323.48,2728,0.0
2729,773,105,2,965.49,0.0,1930.98,2729,0.0
2730,773,29,7,297.25,0.0,2080.75,2730,0.0
2731,773,147,4,330.24,0.0,1320.96,2731,0.0
2732,774,47,5,1395.18,0.0,6975.9,2732,0.0
2733,774,180,6,661.88,0.0,3971.28,2733,0.0
2734,774,179,7,678.42,0.1,4274.05,2734,0.1
2735,774,475,1,590.3,0.0,590.3,2735,0.0
2736,774,150,1,1339.97,0.0,1339.97,2736,0.0
2737,775,115,4,921.93,0.0,3687.72,2737,0.0
2738,775,61,2,584.3,0.0,1168.6,2738,0.0
2739,775,171,1,701.28,0.0,701.28,2739,0.0
2740,775,468,2,63.97,0.0,127.94,2740,0.0
2741,775,322,7,710.54,0.09,4526.14,2741,0.09
2742,776,249,5,662.48,0.0,3312.4,2742,0.0
2743,776,77,6,894.81,0.0,5368.86,2743,0.0
2744,776,249,8,808.42,0.0,6467.36,2744,0.0
2745,776,9,4,1316.73,0.0,5266.92,2745,0.0
2748,778,493,3,1397.3,0.0,4191.9,2748,0.0
2749,778,192,1,406.76,0.0,406.76,2749,0.0
2750,778,223,1,1348.77,0.0,1348.77,2750,0.0
2751,779,319,1,410.82,0.0,410.82,2751,0.0
2752,779,215,2,545.09,0.0,1090.18,2752,0.0
2753,779,126,6,746.36,0.34,2955.59,2753,0.34
2754,779,95,8,873.79,0.16,5871.87,2754,0.16
2755,779,162,8,448.17,0.0,3585.36,2755,0.0
2756,779,349,7,309.54,0.0,2166.78,2756,0.0
2757,780,288,5,919.44,0.0,4597.2,2757,0.0
2758,780,54,8,781.03,0.0,6248.24,2758,0.0
2759,780,71,1,292.9,0.0,292.9,2759,0.0
2760,780,340,1,194.48,0.0,194.48,2760,0.0
2761,780,489,1,815.67,0.0,815.67,2761,0.0
2762,780,279,6,1432.27,0.0,8593.62,2762,0.0
2763,781,259,1,186.05,0.07,173.03,2763,0.07
2764,781,475,2,764.46,0.0,1528.92,2764,0.0
2765,781,138,3,1471.16,0.0,4413.48,2765,0.0
2766,781,474,5,1096.0,0.0,5480.0,2766,0.0
2767,781,491,6,129.47,0.0,776.82,2767,0.0
2769,782,132,2,1129.23,0.0,2258.46,2769,0.0
2770,783,469,3,712.48,0.0,2137.44,2770,0.0
2771,784,155,2,1386.88,0.0,2773.76,2771,0.0
2772,785,222,7,440.21,0.0,3081.47,2772,0.0
2773,785,381,1,508.08,0.0,508.08,2773,0.0
2774,786,498,5,1489.37,0.0,7446.85,2774,0.0
2775,786,401,5,1267.77,0.0,6338.85,2775,0.0
2776,786,482,5,1121.85,0.0,5609.25,2776,0.0
2777,786,408,6,1447.24,0.0,8683.44,2777,0.0
2778,786,113,8,1182.29,0.0,9458.32,2778,0.0
2779,786,96,4,1119.33,0.22,3492.31,2779,0.22
2783,788,223,7,403.51,0.0,2824.57,2783,0.0
2784,788,322,8,883.01,0.0,7064.08,2784,0.0
2785,788,274,8,307.39,0.15,2090.25,2785,0.15
2786,788,114,4,105.22,0.0,420.88,2786,0.0
2787,788,483,2,746.08,0.0,1492.16,2787,0.0
2788,788,424,5,927.55,0.0,4637.75,2788,0.0
2789,789,135,8,1244.95,0.0,9959.6,2789,0.0
2790,790,471,1,898.91,0.0,898.91,2790,0.0
2791,790,432,8,491.73,0.0,3933.84,2791,0.0
2792,791,93,7,987.8,0.0,6914.6,2792,0.0
2793,791,48,2,1064.22,0.0,2128.44,2793,0.0
2794,791,143,3,1202.7,0.0,3608.1,2794,0.0
2795,791,182,5,1134.86,0.3,3972.01,2795,0.3
2796,792,249,1,1225.5,0.0,1225.5,2796,0.0
2797,792,378,4,681.41,0.0,2725.64,2797,0.0
2798,792,76,3,826.82,0.0,2480.46,2798,0.0
2799,792,474,7,262.75,0.25,1379.44,2799,0.25
2800,792,490,1,1473.81,0.0,1473.81,2800,0.0
2801,793,387,7,1260.49,0.0,8823.43,2801,0.0
2802,793,47,8,1229.18,0.21,7768.42,2802,0.21
2803,793,445,8,819.23,0.0,6553.84,2803,0.0
2804,793,286,5,1041.88,0.0,5209.4,2804,0.0
2805,793,168,6,325.49,0.0,1952.94,2805,0.0
2806,793,219,8,835.06,0.0,6680.48,2806,0.0
2811,795,227,4,53.33,0.0,213.32,2811,0.0
2812,795,279,2,1037.0,0.0,2074.0,2812,0.0
2813,795,54,2,1008.9,0.0,2017.8,2813,0.0
2814,795,232,4,1008.29,0.0,4033.16,2814,0.0
2815,796,464,3,872.78,0.0,2618.34,2815,0.0
2816,796,242,8,1178.92,0.0,9431.36,2816,0.0
2817,797,465,8,997.88,0.2,6386.43,2817,0.2
2818,797,446,4,1403.52,0.0,5614.08,2818,0.0
2819,797,417,2,140.97,0.0,281.94,2819,0.0
2820,798,328,7,185.4,0.0,1297.8,2820,0.0
2821,798,328,5,1011.8,0.0,5059.0,2821,0.0
2822,799,54,6,275.79,0.0,1654.74,2822,0.0
2823,799,109,3,1404.51,0.0,4213.53,2823,0.0
2824,799,36,3,490.19,0.3,1029.4,2824,0.3
2825,799,369,1,222.94,0.0,222.94,2825,0.0
2826,799,452,1,630.62,0.0,630.62,2826,0.0
2827,799,94,6,635.96,0.18,3128.92,2827,0.18
2828,800,386,1,149.19,0.0,149.19,2828,0.0
2835,802,393,7,93.53,0.0,654.71,2835,0.0
2842,804,224,2,1085.19,0.0,2170.38,2842,0.0
2843,804,187,8,758.73,0.0,6069.84,2843,0.0
2847,806,453,2,1155.72,0.0,2311.44,2847,0.0
2848,806,76,3,1249.09,0.0,3747.27,2848,0.0
2849,806,109,8,1362.86,0.0,10902.88,2849,0.0
2850,807,372,7,1485.58,0.2,8319.25,2850,0.2
2851,807,13,3,1409.16,0.0,4227.48,2851,0.0
2852,807,122,8,827.88,0.0,6623.04,2852,0.0
2853,807,321,7,646.97,0.0,4528.79,2853,0.0
2854,807,428,2,1340.05,0.27,1956.47,2854,0.27
2855,808,450,4,101.22,0.0,404.88,2855,0.0
2856,808,193,4,1166.31,0.0,4665.24,2856,0.0
2857,809,127,1,1180.5,0.39,720.1,2857,0.39
2858,809,141,3,907.35,0.0,2722.05,2858,0.0
2859,809,435,1,535.74,0.0,535.74,2859,0.0
2860,809,162,7,111.7,0.0,781.9,2860,0.0
2861,809,103,8,84.02,0.0,672.16,2861,0.0
2862,809,413,8,329.33,0.0,2634.64,2862,0.0
2863,810,148,2,1065.79,0.0,2131.58,2863,0.0
2864,810,133,5,411.84,0.0,2059.2,2864,0.0
2865,811,178,8,139.27,0.0,1114.16,2865,0.0
2866,811,455,3,1487.18,0.0,4461.54,2866,0.0
2867,811,408,7,43.2,0.0,302.4,2867,0.0
2868,811,438,7,126.93,0.0,888.51,2868,0.0
2869,812,122,6,1437.31,0.0,8623.86,2869,0.0
2870,813,385,7,727.92,0.0,5095.44,2870,0.0
2871,813,338,2,1101.42,0.0,2202.84,2871,0.0
2872,813,439,1,915.3,0.0,915.3,2872,0.0
2873,813,459,3,175.51,0.0,526.53,2873,0.0
2874,813,309,8,153.81,0.0,1230.48,2874,0.0
2875,813,197,1,141.53,0.0,141.53,2875,0.0
2876,814,22,8,52.67,0.0,421.36,2876,0.0
2877,814,314,8,83.64,0.0,669.12,2877,0.0
2878,814,373,6,817.62,0.0,4905.72,2878,0.0
2879,814,483,1,398.94,0.16,335.11,2879,0.16
2880,814,116,6,915.68,0.0,5494.08,2880,0.0
2887,816,153,1,73.61,0.0,73.61,2887,0.0
2888,816,102,7,492.62,0.0,3448.34,2888,0.0
2889,816,216,1,1413.57,0.0,1413.57,2889,0.0
2890,816,408,4,1348.07,0.0,5392.28,2890,0.0
2891,816,148,6,1305.56,0.0,7833.36,2891,0.0
2892,817,455,1,1300.75,0.0,1300.75,2892,0.0
2893,817,87,4,678.17,0.36,1736.12,2893,0.36
2894,817,326,1,1075.22,0.0,1075.22,2894,0.0
2895,818,42,1,1055.73,0.0,1055.73,2895,0.0
2896,818,6,7,540.64,0.0,3784.48,2896,0.0
2897,818,195,6,1248.31,0.0,7489.86,2897,0.0
2898,819,108,1,450.77,0.0,450.77,2898,0.0
2899,820,86,5,1243.4,0.0,6217.0,2899,0.0
2900,820,392,1,566.19,0.0,566.19,2900,0.0
2901,820,98,3,738.09,0.0,2214.27,2901,0.0
2902,820,94,1,262.47,0.0,262.47,2902,0.0
2903,820,183,4,338.09,0.0,1352.36,2903,0.0
2904,820,327,5,372.15,0.0,1860.75,2904,0.0
2905,821,117,7,882.1,0.0,6174.7,2905,0.0
2906,821,492,4,370.04,0.0,1480.16,2906,0.0
2907,821,226,8,869.31,0.0,6954.48,2907,0.0
2911,823,131,3,801.91,0.0,2405.73,2911,0.0
2912,823,398,6,1167.97,0.0,7007.82,2912,0.0
2913,823,77,1,833.54,0.0,833.54,2913,0.0
2914,823,435,2,812.86,0.0,1625.72,2914,0.0
2915,823,245,4,553.82,0.09,2015.9,2915,0.09
2916,824,372,5,18.11,0.0,90.55,2916,0.0
2917,825,410,1,310.03,0.0,310.03,2917,0.0
2918,825,365,3,646.07,0.0,1938.21,2918,0.0
2919,825,187,6,347.36,0.0,2084.16,2919,0.0
2920,825,338,2,1392.59,0.15,2367.4,2920,0.15
2921,825,350,1,420.92,0.0,420.92,2921,0.0
2922,825,51,6,1102.02,0.3,4628.48,2922,0.3
2923,826,217,8,49.69,0.0,397.52,2923,0.0
2924,827,260,1,43.66,0.0,43.66,2924,0.0
2925,827,483,1,764.96,0.12,673.16,2925,0.12
2926,827,289,1,430.52,0.0,430.52,2926,0.0
2927,827,154,5,106.8,0.0,534.0,2927,0.0
2928,827,142,3,1150.03,0.0,3450.09,2928,0.0
2929,827,43,3,1235.66,0.3,2594.89,2929,0.3
2930,828,40,7,872.92,0.0,6110.44,2930,0.0
2931,828,248,8,598.92,0.0,4791.36,2931,0.0
2932,828,231,6,1363.19,0.0,8179.14,2932,0.0
2933,828,395,8,1099.07,0.0,8792.56,2933,0.0
2934,828,10,4,669.98,0.0,2679.92,2934,0.0
2935,828,363,8,355.33,0.0,2842.64,2935,0.0
2936,829,173,4,946.76,0.29,2688.8,2936,0.29
2937,830,486,3,882.92,0.0,2648.76,2937,0.0
2938,830,455,7,1172.24,0.0,8205.68,2938,0.0
2939,831,176,2,1026.27,0.0,2052.54,2939,0.0
2940,831,139,6,516.06,0.0,3096.36,2940,0.0
2941,831,399,2,96.07,0.0,192.14,2941,0.0
2942,832,474,3,1164.96,0.0,3494.88,2942,0.0
2943,832,185,3,778.13,0.0,2334.39,2943,0.0
2944,832,181,3,975.25,0.0,2925.75,2944,0.0
2945,832,141,8,1255.2,0.19,8133.7,2945,0.19
2946,832,24,3,1427.77,0.0,4283.31,2946,0.0
2947,833,301,3,93.76,0.0,281.28,2947,0.0
2948,833,187,6,1130.34,0.0,6782.04,2948,0.0
2949,833,436,3,238.84,0.0,716.52,2949,0.0
2950,833,397,5,1224.14,0.11,5447.42,2950,0.11
2951,834,425,8,980.42,0.0,7843.36,2951,0.0
2952,834,206,2,412.65,0.0,825.3,2952,0.0
2953,834,343,6,12.86,0.0,77.16,2953,0.0
2954,834,383,3,991.28,0.0,2973.84,2954,0.0
2955,834,250,3,707.78,0.0,2123.34,2955,0.0
2956,835,415,4,1457.72,0.0,5830.88,2956,0.0
2959,837,291,5,64.73,0.0,323.65,2959,0.0
2960,837,108,8,245.43,0.07,1826.0,2960,0.07
2961,837,237,1,1140.67,0.0,1140.67,2961,0.0
2962,837,360,8,23.41,0.0,187.28,2962,0.0
2963,837,300,7,524.72,0.0,3673.04,2963,0.0
2964,837,251,6,369.03,0.0,2214.18,2964,0.0
2965,838,477,3,530.34,0.0,1591.02,2965,0.0
2966,838,75,8,1147.5,0.0,9180.0,2966,0.0
2967,838,254,1,84.13,0.0,84.13,2967,0.0
2968,838,204,1,46.76,0.0,46.76,2968,0.0
2969,838,401,1,1293.19,0.0,1293.19,2969,0.0
2974,840,325,7,1161.43,0.0,8130.01,2974,0.0
2975,840,76,4,690.21,0.0,2760.84,2975,0.0
2976,840,167,3,977.76,0.26,2170.63,2976,0.26
2977,840,487,8,1242.04,0.0,9936.32,2977,0.0
2982,842,269,5,137.02,0.0,685.1,2982,0.0
2983,842,436,6,1007.09,0.31,4169.35,2983,0.31
2987,844,197,4,1141.89,0.0,4567.56,2987,0.0
2988,844,304,7,874.63,0.0,6122.41,2988,0.0
2989,844,133,1,1091.57,0.0,1091.57,2989,0.0
2990,844,287,2,422.74,0.0,845.48,2990,0.0
2991,844,158,6,475.83,0.0,2854.98,2991,0.0
2992,844,182,3,878.48,0.0,2635.44,2992,0.0
2993,845,114,3,207.74,0.1,560.9,2993,0.1
2994,845,350,8,1227.61,0.0,9820.88,2994,0.0
2995,845,181,8,1193.46,0.0,9547.68,2995,0.0
2996,845,261,5,923.62,0.0,4618.1,2996,0.0
2997,845,259,6,1270.27,0.0,7621.62,2997,0.0
2998,845,311,3,207.58,0.0,622.74,2998,0.0
2999,846,202,6,1441.84,0.0,8651.04,2999,0.0
3000,846,426,6,481.26,0.0,2887.56,3000,0.0
3001,846,309,8,1054.89,0.0,8439.12,3001,0.0
3002,846,317,4,520.9,0.0,2083.6,3002,0.0
3003,846,334,8,144.06,0.0,1152.48,3003,0.0
3004,846,273,8,816.3,0.0,6530.4,3004,0.0
3005,847,149,1,776.27,0.0,776.27,3005,0.0
3006,847,262,8,51.62,0.12,363.4,3006,0.12
3007,847,119,4,961.95,0.0,3847.8,3007,0.0
3008,848,352,1,692.92,0.15,588.98,3008,0.15
3009,848,376,1,347.04,0.0,347.04,3009,0.0
3014,850,434,8,1222.24,0.35,6355.65,3014,0.35
3015,851,39,8,60.68,0.29,344.66,3015,0.29
3016,852,476,4,1459.0,0.16,4902.24,3016,0.16
3017,852,386,7,485.19,0.0,3396.33,3017,0.0
3018,852,242,4,890.94,0.0,3563.76,3018,0.0
3019,852,442,2,238.11,0.0,476.22,3019,0.0
3020,852,150,5,735.24,0.0,3676.2,3020,0.0
3021,853,134,5,71.33,0.0,356.65,3021,0.0
3022,853,448,8,1317.34,0.0,10538.72,3022,0.0
3023,854,52,7,618.28,0.0,4327.96,3023,0.0
3024,854,29,6,1406.81,0.0,8440.86,3024,0.0
3025,854,420,8,1492.4,0.35,7760.48,3025,0.35
3026,854,365,1,218.02,0.0,218.02,3026,0.0
3027,854,165,5,705.25,0.0,3526.25,3027,0.0
3031,856,318,3,439.66,0.0,1318.98,3031,0.0
3032,856,314,1,542.17,0.15,460.84,3032,0.15
3033,856,70,5,878.32,0.0,4391.6,3033,0.0
3034,856,183,6,1095.7,0.0,6574.2,3034,0.0
3035,856,129,1,1247.85,0.0,1247.85,3035,0.0
3036,857,76,7,1300.03,0.0,9100.21,3036,0.0
3037,857,445,1,912.77,0.0,912.77,3037,0.0
3039,857,441,3,1386.71,0.0,4160.13,3039,0.0
3040,857,321,5,654.51,0.0,3272.55,3040,0.0
3041,858,157,2,879.39,0.0,1758.78,3041,0.0
3042,858,252,2,447.17,0.37,563.43,3042,0.37
3043,858,82,1,1198.14,0.0,1198.14,3043,0.0
3045,860,69,1,768.99,0.26,569.05,3045,0.26
3047,860,170,5,150.26,0.0,751.3,3047,0.0
3048,861,100,1,83.83,0.0,83.83,3048,0.0
3049,861,231,2,1452.01,0.0,2904.02,3049,0.0
3050,861,351,4,1420.69,0.0,5682.76,3050,0.0
3051,861,404,7,1008.78,0.0,7061.46,3051,0.0
3052,861,269,5,1135.28,0.0,5676.4,3052,0.0
3053,862,191,7,1233.99,0.0,8637.93,3053,0.0
3054,862,37,2,1213.95,0.0,2427.9,3054,0.0
3055,862,289,8,733.77,0.25,4402.62,3055,0.25
3056,863,493,8,843.66,0.0,6749.28,3056,0.0
3057,863,419,2,427.87,0.0,855.74,3057,0.0
3058,863,373,2,1333.57,0.0,2667.14,3058,0.0
3059,863,409,6,801.72,0.0,4810.32,3059,0.0
3060,863,111,2,530.87,0.08,976.8,3060,0.08
3061,863,140,6,1204.38,0.0,7226.28,3061,0.0
3062,864,358,5,400.71,0.0,2003.55,3062,0.0
3063,865,191,5,423.32,0.0,2116.6,3063,0.0
3064,865,109,3,153.28,0.0,459.84,3064,0.0
3065,865,388,8,676.98,0.0,5415.84,3065,0.0
3066,865,463,1,1378.34,0.13,1199.16,3066,0.13
3067,865,43,3,152.76,0.0,458.28,3067,0.0
3068,865,284,3,1041.01,0.37,1967.51,3068,0.37
3071,867,48,6,1433.96,0.0,8603.76,3071,0.0
3072,867,137,2,1151.55,0.0,2303.1,3072,0.0
3073,867,70,7,1127.72,0.0,7894.04,3073,0.0
3074,867,282,3,1030.84,0.0,3092.52,3074,0.0
3075,867,417,3,1244.84,0.0,3734.52,3075,0.0
3076,868,115,2,156.67,0.23,241.27,3076,0.23
3077,869,154,8,452.37,0.0,3618.96,3077,0.0
3078,870,192,8,1153.18,0.22,7195.84,3078,0.22
3084,874,162,7,1445.13,0.0,10115.91,3084,0.0
3085,874,482,2,701.92,0.0,1403.84,3085,0.0
3086,874,277,3,831.42,0.0,2494.26,3086,0.0
3087,875,190,7,627.99,0.0,4395.93,3087,0.0
3088,875,353,8,1478.59,0.0,11828.72,3088,0.0
3089,875,384,3,278.24,0.0,834.72,3089,0.0
3090,875,185,1,277.07,0.1,249.36,3090,0.1
3091,875,472,3,152.3,0.0,456.9,3091,0.0
3093,876,324,8,192.65,0.0,1541.2,3093,0.0
3094,876,192,4,147.26,0.0,589.04,3094,0.0
3095,876,444,4,1003.24,0.0,4012.96,3095,0.0
3096,876,241,1,244.18,0.0,244.18,3096,0.0
3097,876,164,5,1455.71,0.0,7278.55,3097,0.0
3104,878,315,3,1118.92,0.0,3356.76,3104,0.0
3105,878,38,1,83.53,0.0,83.53,3105,0.0
3106,878,255,2,789.86,0.0,1579.72,3106,0.0
3107,878,231,3,1349.37,0.0,4048.11,3107,0.0
3108,879,18,2,1248.42,0.0,2496.84,3108,0.0
3109,879,310,6,173.18,0.0,1039.08,3109,0.0
3110,879,413,5,1379.09,0.0,6895.45,3110,0.0
3111,879,243,5,156.38,0.0,781.9,3111,0.0
3112,879,240,7,703.86,0.33,3301.1,3112,0.33
3113,879,351,4,1183.75,0.0,4735.0,3113,0.0
3114,880,377,2,379.94,0.0,759.88,3114,0.0
3115,880,95,1,1174.61,0.0,1174.61,3115,0.0
3116,880,86,2,21.87,0.0,43.74,3116,0.0
3117,880,410,1,374.13,0.0,374.13,3117,0.0
3118,881,216,8,709.42,0.0,5675.36,3118,0.0
3119,881,419,6,232.2,0.0,1393.2,3119,0.0
3120,881,407,4,465.92,0.0,1863.68,3120,0.0
3122,882,373,6,1008.15,0.0,6048.9,3122,0.0
3123,882,243,4,820.85,0.0,3283.4,3123,0.0
3124,882,124,4,591.7,0.0,2366.8,3124,0.0
3125,882,314,6,915.15,0.0,5490.9,3125,0.0
3128,884,90,8,952.68,0.17,6325.8,3128,0.17
3129,885,194,2,590.34,0.17,979.96,3129,0.17
3130,885,313,4,730.91,0.0,2923.64,3130,0.0
3131,885,294,4,682.43,0.0,2729.72,3131,0.0
3132,885,482,3,1163.51,0.0,3490.53,3132,0.0
3133,885,174,7,210.35,0.0,1472.45,3133,0.0
3135,886,389,4,928.8,0.0,3715.2,3135,0.0
3136,886,4,4,703.27,0.15,2391.12,3136,0.15
3137,886,475,7,352.03,0.0,2464.21,3137,0.0
3138,887,191,2,313.04,0.17,519.65,3138,0.17
3143,889,157,8,111.59,0.22,696.32,3143,0.22
3144,889,240,6,688.43,0.0,4130.58,3144,0.0
3145,889,428,1,770.46,0.0,770.46,3145,0.0
3146,889,215,8,655.87,0.0,5246.96,3146,0.0
3147,890,293,6,478.06,0.0,2868.36,3147,0.0
3148,890,63,2,138.1,0.0,276.2,3148,0.0
3149,891,435,4,991.64,0.0,3966.56,3149,0.0
3150,891,148,4,421.77,0.0,1687.08,3150,0.0
3151,891,101,2,1377.56,0.0,2755.12,3151,0.0
3152,891,471,2,1226.56,0.0,2453.12,3152,0.0
3153,891,211,1,987.88,0.39,602.61,3153,0.39
3154,892,60,1,166.16,0.14,142.9,3154,0.14
3155,892,332,2,1440.9,0.0,2881.8,3155,0.0
3156,893,33,1,1465.58,0.0,1465.58,3156,0.0
3157,893,41,1,498.52,0.0,498.52,3157,0.0
3158,893,270,2,279.94,0.0,559.88,3158,0.0
3161,895,86,8,633.8,0.0,5070.4,3161,0.0
3162,895,457,8,302.79,0.0,2422.32,3162,0.0
3163,895,279,3,1127.63,0.0,3382.89,3163,0.0
3165,896,462,7,223.23,0.0,1562.61,3165,0.0
3166,896,381,6,956.03,0.0,5736.18,3166,0.0
3167,896,167,7,1232.76,0.0,8629.32,3167,0.0
3168,897,1,3,763.28,0.07,2129.55,3168,0.07
3169,897,401,7,892.24,0.0,6245.68,3169,0.0
3170,897,432,1,433.92,0.0,433.92,3170,0.0
3171,897,314,7,556.35,0.0,3894.45,3171,0.0
3172,897,170,8,1477.64,0.0,11821.12,3172,0.0
3173,898,258,5,448.58,0.0,2242.9,3173,0.0
3174,898,168,1,1018.83,0.0,1018.83,3174,0.0
3175,898,73,1,50.02,0.0,50.02,3175,0.0
3177,898,115,7,205.84,0.0,1440.88,3177,0.0
3178,899,79,2,1194.83,0.0,2389.66,3178,0.0
3179,899,356,8,443.63,0.0,3549.04,3179,0.0
3180,899,446,7,1208.57,0.0,8459.99,3180,0.0
3181,899,341,2,1033.88,0.0,2067.76,3181,0.0
3182,899,235,2,120.61,0.0,241.22,3182,0.0
3183,899,189,8,717.72,0.0,5741.76,3183,0.0
3184,900,357,1,1463.5,0.05,1390.32,3184,0.05
3185,900,254,1,106.44,0.0,106.44,3185,0.0
3186,900,270,4,91.74,0.0,366.96,3186,0.0
3187,900,361,6,222.49,0.0,1334.94,3187,0.0
3188,900,125,7,1438.63,0.37,6344.36,3188,0.37
3189,901,272,4,124.61,0.0,498.44,3189,0.0
3190,901,140,5,1080.02,0.0,5400.1,3190,0.0
3191,901,41,5,768.95,0.0,3844.75,3191,0.0
3192,901,246,3,439.95,0.0,1319.85,3192,0.0
3193,901,150,8,1090.6,0.0,8724.8,3193,0.0
3194,901,25,2,238.68,0.0,477.36,3194,0.0
3195,902,6,4,719.35,0.0,2877.4,3195,0.0
3196,902,138,2,979.23,0.32,1331.75,3196,0.32
3197,902,427,6,604.86,0.0,3629.16,3197,0.0
3198,903,474,3,1140.21,0.0,3420.63,3198,0.0
3199,903,126,2,16.68,0.0,33.36,3199,0.0
3200,903,408,1,886.99,0.0,886.99,3200,0.0
3201,904,185,8,490.15,0.0,3921.2,3201,0.0
3203,904,186,4,1341.7,0.0,5366.8,3203,0.0
3204,904,465,7,948.51,0.08,6108.4,3204,0.08
3205,904,3,3,339.55,0.0,1018.65,3205,0.0
3206,904,353,5,61.23,0.0,306.15,3206,0.0
3209,906,143,5,897.93,0.0,4489.65,3209,0.0
3210,906,302,1,528.04,0.0,528.04,3210,0.0
3211,907,181,8,120.76,0.0,966.08,3211,0.0
3212,908,103,6,1161.7,0.0,6970.2,3212,0.0
3213,908,330,3,360.2,0.0,1080.6,3213,0.0
3214,908,78,1,801.0,0.38,496.62,3214,0.38
3215,909,28,7,473.99,0.0,3317.93,3215,0.0
3216,910,234,4,980.0,0.0,3920.0,3216,0.0
3217,910,353,3,928.78,0.0,2786.34,3217,0.0
3218,910,289,1,293.01,0.0,293.01,3218,0.0
3219,910,28,5,435.32,0.0,2176.6,3219,0.0
3220,910,140,3,128.14,0.23,296.0,3220,0.23
3221,910,82,2,690.56,0.0,1381.12,3221,0.0
3222,911,58,1,606.45,0.0,606.45,3222,0.0
3223,911,38,1,998.7,0.0,998.7,3223,0.0
3230,913,464,7,264.42,0.0,1850.94,3230,0.0
3231,913,93,5,798.52,0.0,3992.6,3231,0.0
3232,914,455,3,203.57,0.0,610.71,3232,0.0
3233,914,256,1,1286.14,0.12,1131.8,3233,0.12
3234,914,442,3,1200.77,0.0,3602.31,3234,0.0
3235,915,386,5,1111.73,0.0,5558.65,3235,0.0
3236,915,72,7,487.81,0.0,3414.67,3236,0.0
3237,915,126,1,1407.91,0.0,1407.91,3237,0.0
3238,915,103,1,806.85,0.0,806.85,3238,0.0
3239,915,455,8,390.39,0.0,3123.12,3239,0.0
3240,916,292,6,1228.14,0.0,7368.84,3240,0.0
3243,918,256,3,380.41,0.0,1141.23,3243,0.0
3244,918,159,7,898.33,0.0,6288.31,3244,0.0
3245,918,204,6,159.21,0.22,745.1,3245,0.22
3246,919,105,7,1088.22,0.0,7617.54,3246,0.0
3247,919,7,6,412.99,0.0,2477.94,3247,0.0
3248,919,46,3,462.37,0.0,1387.11,3248,0.0
3249,919,11,2,1159.35,0.0,2318.7,3249,0.0
3250,919,33,1,56.92,0.09,51.8,3250,0.09
3251,919,155,3,1464.43,0.16,3690.36,3251,0.16
3252,920,383,1,156.07,0.0,156.07,3252,0.0
3253,920,252,7,1259.73,0.0,8818.11,3253,0.0
3254,920,82,7,1285.76,0.0,9000.32,3254,0.0
3255,920,183,3,37.39,0.0,112.17,3255,0.0
3256,920,72,5,1112.91,0.0,5564.55,3256,0.0
3257,920,300,3,524.01,0.0,1572.03,3257,0.0
3258,921,340,5,576.2,0.29,2045.51,3258,0.29
3259,921,451,7,912.02,0.0,6384.14,3259,0.0
3260,921,117,7,958.17,0.0,6707.19,3260,0.0
3261,922,453,8,201.01,0.0,1608.08,3261,0.0
3262,922,182,4,218.3,0.0,873.2,3262,0.0
3263,923,242,4,1461.7,0.0,5846.8,3263,0.0
3269,925,343,3,359.67,0.0,1079.01,3269,0.0
3270,925,251,6,1179.91,0.0,7079.46,3270,0.0
3271,925,438,1,1203.28,0.0,1203.28,3271,0.0
3272,925,451,7,931.16,0.0,6518.12,3272,0.0
3273,926,354,6,22.57,0.0,135.42,3273,0.0
3274,927,486,4,1260.08,0.0,5040.32,3274,0.0
3275,927,18,8,552.65,0.37,2785.36,3275,0.37
3276,927,10,8,1136.6,0.0,9092.8,3276,0.0
3277,928,380,3,447.41,0.0,1342.23,3277,0.0
3278,928,405,1,1312.1,0.0,1312.1,3278,0.0
3279,929,395,5,1393.06,0.0,6965.3,3279,0.0
3280,929,497,8,785.55,0.0,6284.4,3280,0.0
3281,929,326,5,688.15,0.1,3096.68,3281,0.1
3282,930,455,1,1168.38,0.0,1168.38,3282,0.0
3283,930,220,6,97.9,0.12,516.91,3283,0.12
3284,931,90,2,98.81,0.0,197.62,3284,0.0
3285,932,366,8,1436.0,0.0,11488.0,3285,0.0
3286,932,55,1,303.62,0.0,303.62,3286,0.0
3287,932,335,2,554.54,0.0,1109.08,3287,0.0
3288,933,275,6,7.81,0.0,46.86,3288,0.0
3289,933,497,4,1401.99,0.0,5607.96,3289,0.0
3290,933,109,3,1241.57,0.0,3724.71,3290,0.0
3293,935,6,1,24.45,0.0,24.45,3293,0.0
3294,936,309,8,374.46,0.0,2995.68,3294,0.0
3295,937,442,1,1357.31,0.28,977.26,3295,0.28
3296,938,91,8,1419.16,0.0,11353.28,3296,0.0
3297,938,392,3,1149.9,0.0,3449.7,3297,0.0
3298,938,146,4,227.5,0.0,910.0,3298,0.0
3299,938,252,1,311.3,0.0,311.3,3299,0.0
3300,939,476,4,892.51,0.0,3570.04,3300,0.0
3301,939,282,3,155.12,0.0,465.36,3301,0.0
3302,940,448,7,674.13,0.0,4718.91,3302,0.0
3303,940,279,6,1402.23,0.0,8413.38,3303,0.0
3304,940,329,5,451.86,0.0,2259.3,3304,0.0
3305,940,270,7,831.98,0.0,5823.86,3305,0.0
3306,940,270,8,553.34,0.24,3364.31,3306,0.24
3307,941,203,1,129.58,0.0,129.58,3307,0.0
3308,942,242,5,1116.13,0.4,3348.39,3308,0.4
3309,943,98,4,1051.84,0.0,4207.36,3309,0.0
3310,944,77,2,815.04,0.0,1630.08,3310,0.0
3311,944,191,6,265.52,0.0,1593.12,3311,0.0
3312,944,302,3,883.38,0.0,2650.14,3312,0.0
3313,944,220,4,790.43,0.0,3161.72,3313,0.0
3314,944,77,7,82.94,0.0,580.58,3314,0.0
3315,945,211,1,1136.04,0.0,1136.04,3315,0.0
3316,945,7,8,1440.92,0.0,11527.36,3316,0.0
3317,945,131,8,761.36,0.16,5116.34,3317,0.16
3318,945,203,8,207.96,0.0,1663.68,3318,0.0
3319,945,497,8,863.27,0.0,6906.16,3319,0.0
3320,946,483,4,763.0,0.0,3052.0,3320,0.0
3321,946,131,1,183.71,0.0,183.71,3321,0.0
3322,947,40,1,1271.46,0.0,1271.46,3322,0.0
3323,947,208,2,8.63,0.0,17.26,3323,0.0
3324,947,434,2,1421.05,0.0,2842.1,3324,0.0
3325,947,263,6,306.79,0.0,1840.74,3325,0.0
3326,948,63,4,170.42,0.0,681.68,3326,0.0
3327,948,244,3,131.9,0.0,395.7,3327,0.0
3328,948,377,8,583.57,0.0,4668.56,3328,0.0
3329,948,346,6,813.78,0.0,4882.68,3329,0.0
3330,948,200,7,1269.66,0.23,6843.47,3330,0.23
3331,949,314,4,494.96,0.0,1979.84,3331,0.0
3332,949,276,4,244.33,0.0,977.32,3332,0.0
3333,950,280,3,527.86,0.0,1583.58,3333,0.0
3334,950,451,1,317.89,0.0,317.89,3334,0.0
3335,950,48,6,417.81,0.0,2506.86,3335,0.0
3336,950,363,3,169.19,0.0,507.57,3336,0.0
3337,950,13,1,408.55,0.0,408.55,3337,0.0
3338,950,377,2,1468.83,0.0,2937.66,3338,0.0
3343,952,3,5,969.97,0.0,4849.85,3343,0.0
3344,953,486,7,583.99,0.0,4087.93,3344,0.0
3345,953,279,6,201.99,0.0,1211.94,3345,0.0
3346,953,240,6,1389.26,0.0,8335.56,3346,0.0
3347,953,236,3,1039.92,0.0,3119.76,3347,0.0
3348,953,161,1,1182.43,0.0,1182.43,3348,0.0
3349,954,362,5,762.35,0.0,3811.75,3349,0.0
3350,955,72,3,829.7,0.0,2489.1,3350,0.0
3351,955,456,6,1058.13,0.0,6348.78,3351,0.0
3352,956,176,2,455.43,0.0,910.86,3352,0.0
3353,956,180,1,1109.53,0.0,1109.53,3353,0.0
3354,957,252,8,913.07,0.0,7304.56,3354,0.0
3355,957,317,8,675.96,0.0,5407.68,3355,0.0
3356,957,292,7,525.67,0.0,3679.69,3356,0.0
3357,958,179,7,1490.9,0.0,10436.3,3357,0.0
3358,958,423,7,460.02,0.0,3220.14,3358,0.0
3359,958,199,6,99.44,0.0,596.64,3359,0.0
3360,958,482,7,481.38,0.16,2830.51,3360,0.16
3361,958,492,6,977.58,0.37,3695.25,3361,0.37
3362,959,197,6,15.3,0.0,91.8,3362,0.0
3363,960,295,4,412.12,0.0,1648.48,3363,0.0
3364,960,192,4,240.34,0.0,961.36,3364,0.0
3365,960,270,7,1190.46,0.0,8333.22,3365,0.0
3366,960,48,2,53.64,0.0,107.28,3366,0.0
3367,960,488,4,1003.33,0.0,4013.32,3367,0.0
3368,960,500,1,478.67,0.0,478.67,3368,0.0
3372,962,190,8,385.39,0.0,3083.12,3372,0.0
3374,962,225,1,930.29,0.0,930.29,3374,0.0
3375,962,308,8,1494.5,0.0,11956.0,3375,0.0
3376,962,376,8,256.9,0.0,2055.2,3376,0.0
3382,964,55,6,1390.26,0.0,8341.56,3382,0.0
3383,964,393,5,640.7,0.0,3203.5,3383,0.0
3384,965,310,5,937.86,0.0,4689.3,3384,0.0
3385,966,169,7,680.86,0.0,4766.02,3385,0.0
3386,966,187,3,529.18,0.0,1587.54,3386,0.0
3387,966,193,4,1390.24,0.0,5560.96,3387,0.0
3388,966,134,6,1268.62,0.07,7078.9,3388,0.07
3389,966,324,7,781.38,0.22,4266.33,3389,0.22
3390,966,123,4,483.23,0.0,1932.92,3390,0.0
3391,967,493,4,1107.49,0.27,3233.87,3391,0.27
3392,967,278,2,48.01,0.0,96.02,3392,0.0
3393,967,443,1,949.14,0.07,882.7,3393,0.07
3394,967,221,7,664.36,0.0,4650.52,3394,0.0
3395,967,215,7,451.11,0.0,3157.77,3395,0.0
3396,968,1,1,982.62,0.0,982.62,3396,0.0
3397,968,215,7,1188.06,0.0,8316.42,3397,0.0
3398,969,286,1,249.03,0.0,249.03,3398,0.0
3399,969,77,7,953.94,0.0,6677.58,3399,0.0
3400,969,136,8,898.74,0.0,7189.92,3400,0.0
3402,969,462,4,1385.86,0.0,5543.44,3402,0.0
3403,970,401,4,1262.98,0.0,5051.92,3403,0.0
3404,970,246,2,1051.6,0.0,2103.2,3404,0.0
3405,970,373,5,407.46,0.0,2037.3,3405,0.0
3406,970,331,4,831.98,0.0,3327.92,3406,0.0
3407,970,88,7,180.0,0.0,1260.0,3407,0.0
3408,971,169,2,1013.44,0.0,2026.88,3408,0.0
3409,971,441,4,956.93,0.0,3827.72,3409,0.0
3410,971,270,2,511.99,0.0,1023.98,3410,0.0
3411,972,19,1,1234.72,0.26,913.69,3411,0.26
3412,972,153,6,677.43,0.0,4064.58,3412,0.0
3413,972,314,1,1351.52,0.0,1351.52,3413,0.0
3414,972,334,1,841.91,0.0,841.91,3414,0.0
3417,974,421,4,1226.43,0.0,4905.72,3417,0.0
3418,974,41,3,890.31,0.0,2670.93,3418,0.0
3419,974,189,1,802.36,0.0,802.36,3419,0.0
3420,974,442,4,1163.28,0.0,4653.12,3420,0.0
3421,974,356,8,644.89,0.0,5159.12,3421,0.0
3422,974,271,3,789.02,0.0,2367.06,3422,0.0
3423,975,239,2,658.19,0.0,1316.38,3423,0.0
3424,976,298,4,401.19,0.0,1604.76,3424,0.0
3425,976,259,4,1125.06,0.0,4500.24,3425,0.0
3431,978,157,8,639.1,0.0,5112.8,3431,0.0
3432,978,388,1,556.59,0.0,556.59,3432,0.0
3433,978,184,3,1447.04,0.31,2995.37,3433,0.31
3434,978,86,8,744.59,0.0,5956.72,3434,0.0
3435,978,65,3,636.41,0.0,1909.23,3435,0.0
3436,979,259,5,135.07,0.0,675.35,3436,0.0
3437,979,100,3,832.69,0.0,2498.07,3437,0.0
3438,979,238,8,858.15,0.0,6865.2,3438,0.0
3439,979,439,3,1055.34,0.0,3166.02,3439,0.0
3440,979,457,5,248.44,0.0,1242.2,3440,0.0
3441,980,418,1,1051.8,0.0,1051.8,3441,0.0
3442,981,30,8,979.89,0.0,7839.12,3442,0.0
3443,981,467,3,641.69,0.0,1925.07,3443,0.0
3444,981,242,6,270.74,0.37,1023.4,3444,0.37
3445,982,260,1,328.01,0.0,328.01,3445,0.0
3446,982,297,3,669.13,0.0,2007.39,3446,0.0
3447,982,367,5,633.6,0.0,3168.0,3447,0.0
3448,982,352,8,1048.73,0.0,8389.84,3448,0.0
3449,982,149,3,350.68,0.0,1052.04,3449,0.0
3450,982,331,3,877.26,0.0,2631.78,3450,0.0
3451,983,60,7,303.27,0.0,2122.89,3451,0.0
3452,983,39,3,895.98,0.32,1827.8,3452,0.32
3453,983,465,7,547.41,0.0,3831.87,3453,0.0
3454,984,337,5,18.17,0.15,77.22,3454,0.15
3455,984,275,2,1038.25,0.0,2076.5,3455,0.0
3456,984,429,1,387.54,0.0,387.54,3456,0.0
3459,986,234,8,58.64,0.0,469.12,3459,0.0
3460,986,267,8,652.18,0.07,4852.22,3460,0.07
3461,986,103,3,1080.56,0.0,3241.68,3461,0.0
3462,987,449,6,1248.76,0.0,7492.56,3462,0.0
3463,987,297,6,667.41,0.0,4004.46,3463,0.0
3464,987,42,7,539.16,0.0,3774.12,3464,0.0
3465,987,62,2,609.2,0.0,1218.4,3465,0.0
3466,987,225,1,729.25,0.0,729.25,3466,0.0
3467,987,493,8,138.18,0.0,1105.44,3467,0.0
3468,988,473,7,44.39,0.0,310.73,3468,0.0
3469,988,465,5,292.6,0.0,1463.0,3469,0.0
3470,988,309,4,160.51,0.0,642.04,3470,0.0
3471,988,147,7,1243.34,0.0,8703.38,3471,0.0
3472,989,55,5,158.06,0.0,790.3,3472,0.0
3473,989,340,1,109.35,0.0,109.35,3473,0.0
3474,989,259,1,1325.52,0.0,1325.52,3474,0.0
3475,989,54,4,188.51,0.0,754.04,3475,0.0
3476,989,245,3,1190.65,0.0,3571.95,3476,0.0
3477,990,498,6,712.3,0.0,4273.8,3477,0.0
3478,990,274,1,484.57,0.0,484.57,3478,0.0
3479,990,179,7,305.48,0.0,2138.36,3479,0.0
3480,990,255,1,1370.64,0.0,1370.64,3480,0.0
3481,991,255,4,716.99,0.0,2867.96,3481,0.0
3482,991,35,1,1224.42,0.22,955.05,3482,0.22
3483,992,469,6,482.2,0.0,2893.2,3483,0.0
3484,992,221,1,508.66,0.0,508.66,3484,0.0
3485,992,467,8,1412.08,0.0,11296.64,3485,0.0
3486,993,207,6,343.51,0.16,1731.29,3486,0.16
3487,993,364,3,1476.14,0.0,4428.42,3487,0.0
3488,993,391,3,1179.08,0.29,2511.44,3488,0.29
3489,993,195,6,690.87,0.0,4145.22,3489,0.0
3490,993,95,2,255.88,0.0,511.76,3490,0.0
3491,993,62,6,584.38,0.0,3506.28,3491,0.0
3493,994,111,4,783.16,0.29,2224.17,3493,0.29
3494,994,79,3,603.32,0.0,1809.96,3494,0.0
3495,994,255,3,739.32,0.0,2217.96,3495,0.0
3496,995,63,6,576.88,0.0,3461.28,3496,0.0
3497,995,305,7,1086.16,0.0,7603.12,3497,0.0
3498,995,275,4,166.38,0.0,665.52,3498,0.0
3499,995,281,1,466.34,0.0,466.34,3499,0.0
3500,995,42,7,227.32,0.0,1591.24,3500,0.0
3501,995,420,6,291.88,0.0,1751.28,3501,0.0
3502,996,280,4,1060.98,0.31,2928.3,3502,0.31
3503,997,417,3,1282.39,0.38,2385.25,3503,0.38
3504,997,194,3,1458.81,0.0,4376.43,3504,0.0
3505,998,304,3,100.02,0.0,300.06,3505,0.0
3506,999,220,6,1323.57,0.0,7941.42,3506,0.0
3507,999,389,2,1279.08,0.0,2558.16,3507,0.0
3508,1000,85,7,212.3,0.0,1486.1,3508,0.0
3509,1001,227,4,579.54,0.0,2318.16,3509,0.0
3510,1001,295,2,1191.54,0.0,2383.08,3510,0.0
3511,1001,369,2,1128.99,0.0,2257.98,3511,0.0
3512,1001,174,3,988.73,0.0,2966.19,3512,0.0
3513,1001,353,1,1441.15,0.25,1080.86,3513,0.25
3514,1001,500,5,532.04,0.0,2660.2,3514,0.0
3515,1002,76,2,338.72,0.0,677.44,3515,0.0
3516,1002,142,3,1216.88,0.0,3650.64,3516,0.0
3517,1002,276,1,428.76,0.0,428.76,3517,0.0
3518,1002,277,7,618.1,0.19,3504.63,3518,0.19
3519,1003,123,5,1150.07,0.0,5750.35,3519,0.0
3520,1003,94,1,1487.78,0.0,1487.78,3520,0.0
3521,1003,367,6,1450.62,0.0,8703.72,3521,0.0
3522,1004,125,4,934.48,0.0,3737.92,3522,0.0
3523,1004,337,5,33.58,0.0,167.9,3523,0.0
3524,1005,259,1,1193.98,0.0,1193.98,3524,0.0
3525,1005,208,7,517.83,0.34,2392.37,3525,0.34
3526,1005,312,4,353.21,0.0,1412.84,3526,0.0
3527,1005,68,3,953.49,0.0,2860.47,3527,0.0
3528,1006,249,4,1161.2,0.0,4644.8,3528,0.0
3529,1006,36,7,1074.24,0.09,6842.91,3529,0.09
3530,1006,342,1,1092.87,0.0,1092.87,3530,0.0
3531,1006,480,2,983.61,0.0,1967.22,3531,0.0
3532,1006,292,5,1017.11,0.35,3305.61,3532,0.35
3533,1006,136,8,1386.35,0.38,6876.3,3533,0.38
3534,1007,462,8,1266.93,0.0,10135.44,3534,0.0
3535,1007,451,5,399.15,0.0,1995.75,3535,0.0
3536,1007,114,4,21.67,0.21,68.48,3536,0.21
3537,1007,257,8,166.05,0.0,1328.4,3537,0.0
3538,1007,271,3,492.08,0.0,1476.24,3538,0.0
3539,1008,121,2,114.89,0.0,229.78,3539,0.0
3540,1008,289,7,793.68,0.0,5555.76,3540,0.0
3541,1009,478,1,265.27,0.0,265.27,3541,0.0
3542,1009,215,3,1353.18,0.0,4059.54,3542,0.0
3543,1009,7,4,17.5,0.0,70.0,3543,0.0
3544,1009,200,3,70.41,0.0,211.23,3544,0.0
3545,1009,206,3,1448.01,0.0,4344.03,3545,0.0
3546,1010,8,3,1184.91,0.0,3554.73,3546,0.0
3547,1010,138,1,259.0,0.0,259.0,3547,0.0
3548,1010,494,3,1298.43,0.0,3895.29,3548,0.0
3549,1010,459,4,83.25,0.0,333.0,3549,0.0
3550,1010,383,5,442.28,0.38,1371.07,3550,0.38
3552,1011,480,8,1261.96,0.0,10095.68,3552,0.0
3553,1012,173,5,1324.15,0.0,6620.75,3553,0.0
3554,1012,120,2,993.73,0.0,1987.46,3554,0.0
3555,1012,437,2,1058.1,0.0,2116.2,3555,0.0
3559,1014,117,6,18.11,0.33,72.8,3559,0.33
3560,1014,82,7,542.89,0.0,3800.23,3560,0.0
3561,1014,81,1,951.1,0.0,951.1,3561,0.0
3562,1014,395,4,1006.99,0.0,4027.96,3562,0.0
3564,1015,396,1,769.97,0.0,769.97,3564,0.0
3565,1016,59,2,1464.33,0.0,2928.66,3565,0.0
3566,1016,409,7,1015.47,0.0,7108.29,3566,0.0
3567,1016,188,4,457.37,0.22,1426.99,3567,0.22
3568,1017,472,1,344.04,0.0,344.04,3568,0.0
3569,1017,33,8,402.05,0.0,3216.4,3569,0.0
3570,1018,150,7,404.04,0.0,2828.28,3570,0.0
3571,1018,95,1,1431.54,0.0,1431.54,3571,0.0
3572,1019,223,8,1080.08,0.0,8640.64,3572,0.0
3573,1020,83,4,266.58,0.0,1066.32,3573,0.0
3574,1021,397,5,1126.45,0.24,4280.51,3574,0.24
3575,1021,480,3,422.62,0.0,1267.86,3575,0.0
3576,1022,447,1,870.15,0.0,870.15,3576,0.0
3577,1022,55,6,1253.43,0.3,5264.41,3577,0.3
3578,1022,268,7,302.17,0.0,2115.19,3578,0.0
3579,1022,202,4,1458.49,0.0,5833.96,3579,0.0
3580,1022,321,6,1089.25,0.0,6535.5,3580,0.0
3581,1022,377,6,832.89,0.0,4997.34,3581,0.0
3591,1025,66,8,275.5,0.0,2204.0,3591,0.0
3592,1025,333,3,1230.14,0.0,3690.42,3592,0.0
3593,1025,292,5,809.9,0.0,4049.5,3593,0.0
3595,1026,331,6,1292.24,0.0,7753.44,3595,0.0
3597,1027,239,1,1364.37,0.0,1364.37,3597,0.0
3598,1027,300,3,300.69,0.0,902.07,3598,0.0
3599,1027,420,7,931.02,0.12,5735.08,3599,0.12
3600,1027,286,6,1448.35,0.0,8690.1,3600,0.0
3601,1028,202,6,165.77,0.0,994.62,3601,0.0
3602,1029,386,3,567.7,0.0,1703.1,3602,0.0
3603,1029,327,4,1161.67,0.0,4646.68,3603,0.0
3604,1030,196,1,529.57,0.0,529.57,3604,0.0
3605,1031,88,1,930.06,0.0,930.06,3605,0.0
3606,1031,263,4,620.48,0.0,2481.92,3606,0.0
3607,1031,209,5,894.94,0.0,4474.7,3607,0.0
3608,1031,35,1,1461.39,0.0,1461.39,3608,0.0
3609,1031,158,7,1337.64,0.0,9363.48,3609,0.0
3610,1031,340,3,232.89,0.16,586.88,3610,0.16
3611,1032,397,2,1472.74,0.17,2444.75,3611,0.17
3612,1032,96,5,625.68,0.0,3128.4,3612,0.0
3613,1033,459,3,83.5,0.0,250.5,3613,0.0
3614,1033,459,6,347.81,0.0,2086.86,3614,0.0
3615,1034,367,7,1192.16,0.0,8345.12,3615,0.0
3616,1034,191,7,914.36,0.0,6400.52,3616,0.0
3617,1034,127,8,579.75,0.0,4638.0,3617,0.0
3618,1034,42,3,408.86,0.0,1226.58,3618,0.0
3619,1035,356,2,125.8,0.0,251.6,3619,0.0
3620,1036,309,5,1494.89,0.0,7474.45,3620,0.0
3621,1036,330,2,620.08,0.0,1240.16,3621,0.0
3622,1037,494,3,630.37,0.0,1891.11,3622,0.0
3623,1038,46,8,536.06,0.0,4288.48,3623,0.0
3624,1038,184,5,468.08,0.0,2340.4,3624,0.0
3625,1038,305,1,1255.19,0.0,1255.19,3625,0.0
3626,1039,90,8,705.65,0.0,5645.2,3626,0.0
3627,1039,257,1,532.95,0.11,474.33,3627,0.11
3628,1039,484,1,218.05,0.0,218.05,3628,0.0
3629,1039,190,1,157.68,0.31,108.8,3629,0.31
3630,1039,75,6,34.86,0.0,209.16,3630,0.0
3631,1039,478,1,466.21,0.0,466.21,3631,0.0
3632,1040,151,3,1107.8,0.0,3323.4,3632,0.0
3633,1040,93,1,849.66,0.0,849.66,3633,0.0
3634,1040,81,5,238.39,0.0,1191.95,3634,0.0
3635,1040,241,6,337.26,0.0,2023.56,3635,0.0
3636,1040,429,8,931.63,0.14,6409.61,3636,0.14
3637,1041,26,1,1319.9,0.0,1319.9,3637,0.0
3638,1041,123,8,15.92,0.0,127.36,3638,0.0
3639,1041,432,4,1003.31,0.0,4013.24,3639,0.0
3640,1041,269,2,567.64,0.0,1135.28,3640,0.0
3641,1041,369,4,180.81,0.0,723.24,3641,0.0
3642,1042,1,4,939.89,0.0,3759.56,3642,0.0
3643,1042,64,2,591.77,0.0,1183.54,3643,0.0
3644,1042,232,2,1177.49,0.0,2354.98,3644,0.0
3645,1042,249,6,445.69,0.0,2674.14,3645,0.0
3646,1042,251,1,1043.6,0.33,699.21,3646,0.33
3647,1042,186,8,935.91,0.0,7487.28,3647,0.0
3648,1043,61,1,587.97,0.0,587.97,3648,0.0
3649,1044,487,8,895.9,0.0,7167.2,3649,0.0
3650,1044,269,4,1288.44,0.0,5153.76,3650,0.0
3651,1044,143,1,1324.07,0.0,1324.07,3651,0.0
3652,1045,369,4,176.04,0.0,704.16,3652,0.0
3653,1045,456,5,395.44,0.0,1977.2,3653,0.0
3654,1045,72,2,330.57,0.0,661.14,3654,0.0
3655,1046,195,1,403.23,0.0,403.23,3655,0.0
3656,1046,67,6,1140.59,0.0,6843.54,3656,0.0
3657,1047,358,1,31.12,0.0,31.12,3657,0.0
3658,1047,483,2,815.93,0.07,1517.63,3658,0.07
3659,1047,70,1,935.72,0.0,935.72,3659,0.0
3660,1047,292,5,1071.34,0.0,5356.7,3660,0.0
3661,1048,420,3,1196.41,0.0,3589.23,3661,0.0
3662,1048,295,7,62.91,0.28,317.07,3662,0.28
3663,1048,407,3,338.69,0.0,1016.07,3663,0.0
3664,1048,303,4,93.47,0.0,373.88,3664,0.0
3665,1048,307,8,830.64,0.0,6645.12,3665,0.0
3666,1049,64,6,1380.13,0.0,8280.78,3666,0.0
3667,1049,480,8,298.08,0.35,1550.02,3667,0.35
3668,1049,416,5,271.48,0.06,1275.96,3668,0.06
3669,1049,34,5,107.06,0.07,497.83,3669,0.07
3670,1049,185,3,122.57,0.0,367.71,3670,0.0
3671,1050,384,1,583.51,0.0,583.51,3671,0.0
3672,1050,3,4,646.03,0.0,2584.12,3672,0.0
3673,1051,476,4,958.4,0.0,3833.6,3673,0.0
3674,1051,318,8,840.01,0.0,6720.08,3674,0.0
3675,1051,276,2,151.57,0.0,303.14,3675,0.0
3676,1051,361,3,1252.69,0.0,3758.07,3676,0.0
3677,1052,114,5,797.3,0.0,3986.5,3677,0.0
3678,1052,490,4,1085.41,0.0,4341.64,3678,0.0
3679,1052,21,6,1135.86,0.0,6815.16,3679,0.0
3681,1054,494,2,152.3,0.0,304.6,3681,0.0
3682,1054,122,5,48.55,0.39,148.08,3682,0.39
3683,1054,352,4,86.95,0.0,347.8,3683,0.0
3684,1054,451,1,1096.73,0.0,1096.73,3684,0.0
3685,1054,229,7,669.5,0.0,4686.5,3685,0.0
3686,1054,217,1,1366.64,0.0,1366.64,3686,0.0
3687,1055,158,8,827.2,0.0,6617.6,3687,0.0
3688,1055,203,1,463.81,0.0,463.81,3688,0.0
3689,1055,231,6,340.74,0.0,2044.44,3689,0.0
3690,1055,27,4,1302.59,0.0,5210.36,3690,0.0
3691,1055,168,5,776.6,0.0,3883.0,3691,0.0
3692,1055,425,8,1281.8,0.21,8100.98,3692,0.21
3693,1056,128,1,1411.29,0.06,1326.61,3693,0.06
3694,1056,238,2,818.17,0.05,1554.52,3694,0.05
3695,1057,103,2,1148.74,0.0,2297.48,3695,0.0
3696,1057,487,6,653.09,0.0,3918.54,3696,0.0
3697,1057,439,5,746.88,0.0,3734.4,3697,0.0
3698,1057,463,6,1306.14,0.0,7836.84,3698,0.0
3699,1058,269,1,256.98,0.0,256.98,3699,0.0
3700,1058,445,3,511.7,0.3,1074.57,3700,0.3
3701,1059,74,6,1480.36,0.0,8882.16,3701,0.0
3702,1060,485,1,1419.83,0.29,1008.08,3702,0.29
3703,1060,402,3,1289.67,0.0,3869.01,3703,0.0
3704,1060,433,3,351.73,0.0,1055.19,3704,0.0
3705,1060,322,6,618.75,0.0,3712.5,3705,0.0
3706,1060,136,2,1293.9,0.0,2587.8,3706,0.0
3707,1061,470,3,1175.96,0.0,3527.88,3707,0.0
3708,1061,403,3,431.31,0.0,1293.93,3708,0.0
3709,1061,293,4,197.04,0.0,788.16,3709,0.0
3710,1061,173,2,845.13,0.0,1690.26,3710,0.0
3711,1061,47,5,1126.62,0.0,5633.1,3711,0.0
3712,1061,12,6,891.99,0.0,5351.94,3712,0.0
3713,1062,208,1,1007.5,0.0,1007.5,3713,0.0
3714,1062,343,2,24.57,0.0,49.14,3714,0.0
3715,1063,41,7,993.79,0.26,5147.83,3715,0.26
3716,1064,412,5,771.36,0.0,3856.8,3716,0.0
3717,1064,240,6,107.41,0.0,644.46,3717,0.0
3718,1064,2,2,1398.55,0.34,1846.09,3718,0.34
3719,1064,345,7,445.38,0.0,3117.66,3719,0.0
3720,1065,181,6,454.59,0.0,2727.54,3720,0.0
3721,1065,381,6,979.58,0.14,5054.63,3721,0.14
3722,1066,305,8,861.28,0.0,6890.24,3722,0.0
3723,1066,71,6,959.98,0.0,5759.88,3723,0.0
3724,1067,409,1,30.68,0.0,30.68,3724,0.0
3725,1067,402,1,366.7,0.0,366.7,3725,0.0
3726,1068,276,5,1449.8,0.0,7249.0,3726,0.0
3727,1068,142,2,1219.32,0.0,2438.64,3727,0.0
3728,1068,94,2,1357.3,0.0,2714.6,3728,0.0
3729,1068,17,7,1053.82,0.0,7376.74,3729,0.0
3730,1068,358,5,394.17,0.0,1970.85,3730,0.0
3731,1069,332,1,1427.17,0.0,1427.17,3731,0.0
3732,1069,107,1,1298.79,0.0,1298.79,3732,0.0
3733,1070,324,8,1395.16,0.0,11161.28,3733,0.0
3734,1071,390,7,466.42,0.0,3264.94,3734,0.0
3735,1071,34,5,1046.15,0.0,5230.75,3735,0.0
3736,1071,469,8,1449.45,0.0,11595.6,3736,0.0
3737,1072,57,2,539.01,0.0,1078.02,3737,0.0
3739,1072,167,7,757.95,0.0,5305.65,3739,0.0
3740,1073,483,8,1016.38,0.0,8131.04,3740,0.0
3741,1073,120,4,1243.66,0.0,4974.64,3741,0.0
3742,1073,262,4,39.42,0.0,157.68,3742,0.0
3743,1073,300,5,385.8,0.0,1929.0,3743,0.0
3744,1073,32,1,817.36,0.0,817.36,3744,0.0
3745,1073,473,6,705.69,0.0,4234.14,3745,0.0
3750,1075,492,6,811.97,0.0,4871.82,3750,0.0
3751,1075,313,1,126.14,0.0,126.14,3751,0.0
3752,1075,341,7,959.15,0.37,4229.85,3752,0.37
3753,1075,467,5,620.26,0.0,3101.3,3753,0.0
3754,1075,484,7,1180.27,0.0,8261.89,3754,0.0
3756,1077,254,7,68.74,0.37,303.14,3756,0.37
3757,1077,283,1,958.28,0.09,872.03,3757,0.09
3758,1078,28,1,1377.78,0.0,1377.78,3758,0.0
3759,1078,259,5,438.03,0.0,2190.15,3759,0.0
3760,1078,119,1,1192.41,0.0,1192.41,3760,0.0
3761,1078,66,4,353.46,0.0,1413.84,3761,0.0
3762,1079,392,5,171.34,0.0,856.7,3762,0.0
3763,1079,200,6,557.94,0.0,3347.64,3763,0.0
3764,1080,165,5,674.26,0.0,3371.3,3764,0.0
3765,1081,210,2,1229.5,0.0,2459.0,3765,0.0
3766,1081,288,6,736.49,0.0,4418.94,3766,0.0
3767,1081,268,1,709.43,0.0,709.43,3767,0.0
3768,1081,122,7,661.34,0.0,4629.38,3768,0.0
3769,1082,267,2,1449.26,0.0,2898.52,3769,0.0
3770,1082,455,4,843.43,0.0,3373.72,3770,0.0
3771,1082,458,2,1238.81,0.0,2477.62,3771,0.0
3772,1082,178,2,1157.36,0.32,1574.01,3772,0.32
3773,1082,195,4,1269.91,0.0,5079.64,3773,0.0
3774,1083,77,5,1023.9,0.16,4300.38,3774,0.16
3775,1083,40,6,921.36,0.0,5528.16,3775,0.0
3776,1083,427,8,125.77,0.0,1006.16,3776,0.0
3779,1084,212,3,363.37,0.12,959.3,3779,0.12
3780,1084,159,3,575.94,0.0,1727.82,3780,0.0
3781,1085,91,3,1150.21,0.0,3450.63,3781,0.0
3782,1085,418,2,596.85,0.27,871.4,3782,0.27
3783,1085,448,4,164.48,0.0,657.92,3783,0.0
3784,1086,47,5,1159.33,0.06,5448.85,3784,0.06
3785,1086,88,1,897.85,0.0,897.85,3785,0.0
3786,1087,56,6,1238.16,0.38,4605.96,3786,0.38
3787,1087,356,3,916.34,0.0,2749.02,3787,0.0
3788,1087,308,3,305.68,0.34,605.25,3788,0.34
3789,1087,123,1,1198.28,0.0,1198.28,3789,0.0
3790,1088,36,6,1260.89,0.29,5371.39,3790,0.29
3791,1088,318,8,803.18,0.0,6425.44,3791,0.0
3792,1088,283,6,823.41,0.0,4940.46,3792,0.0
3793,1088,306,4,546.9,0.25,1640.7,3793,0.25
3794,1089,189,6,40.97,0.0,245.82,3794,0.0
3799,1092,136,1,1136.04,0.15,965.63,3799,0.15
3800,1092,397,3,705.12,0.0,2115.36,3800,0.0
3801,1092,230,2,1239.68,0.0,2479.36,3801,0.0
3802,1092,46,1,1144.84,0.0,1144.84,3802,0.0
3803,1092,82,4,1373.76,0.0,5495.04,3803,0.0
3804,1092,393,8,130.59,0.0,1044.72,3804,0.0
3805,1093,172,2,1451.38,0.0,2902.76,3805,0.0
3806,1093,122,8,1097.43,0.4,5267.66,3806,0.4
3807,1093,448,8,1467.43,0.0,11739.44,3807,0.0
3808,1093,121,7,527.49,0.0,3692.43,3808,0.0
3809,1094,355,3,994.21,0.0,2982.63,3809,0.0
3810,1094,394,3,977.0,0.32,1993.08,3810,0.32
3811,1095,336,6,387.23,0.0,2323.38,3811,0.0
3812,1095,291,4,1489.35,0.0,5957.4,3812,0.0
3813,1095,283,3,319.0,0.0,957.0,3813,0.0
3814,1096,401,5,436.79,0.06,2052.91,3814,0.06
3815,1096,202,3,1266.07,0.0,3798.21,3815,0.0
3816,1097,37,8,255.21,0.0,2041.68,3816,0.0
3817,1097,11,5,1208.25,0.0,6041.25,3817,0.0
3818,1097,327,3,435.92,0.0,1307.76,3818,0.0
3819,1097,84,8,653.27,0.0,5226.16,3819,0.0
3820,1097,451,5,1022.56,0.0,5112.8,3820,0.0
3821,1098,48,3,323.41,0.0,970.23,3821,0.0
3822,1098,56,5,583.12,0.0,2915.6,3822,0.0
3823,1098,148,7,1048.53,0.0,7339.71,3823,0.0
3824,1098,6,1,123.86,0.0,123.86,3824,0.0
3825,1099,374,7,1061.39,0.0,7429.73,3825,0.0
3826,1099,429,8,116.74,0.0,933.92,3826,0.0
3827,1100,148,3,662.75,0.0,1988.25,3827,0.0
3828,1100,21,6,410.82,0.0,2464.92,3828,0.0
3829,1100,63,1,819.21,0.0,819.21,3829,0.0
3830,1100,191,8,530.64,0.0,4245.12,3830,0.0
3831,1100,425,2,1217.45,0.23,1874.87,3831,0.23
3832,1101,143,1,1158.64,0.0,1158.64,3832,0.0
3833,1101,296,1,220.38,0.0,220.38,3833,0.0
3834,1101,131,4,677.24,0.0,2708.96,3834,0.0
3835,1101,259,6,477.8,0.0,2866.8,3835,0.0
3836,1102,428,4,1400.51,0.26,4145.51,3836,0.26
3837,1102,431,3,213.14,0.0,639.42,3837,0.0
3838,1103,440,8,1108.97,0.0,8871.76,3838,0.0
3839,1103,499,5,515.85,0.0,2579.25,3839,0.0
3840,1103,211,1,895.8,0.0,895.8,3840,0.0
3841,1103,461,6,1013.87,0.0,6083.22,3841,0.0
3842,1104,273,2,1090.38,0.15,1853.65,3842,0.15
3845,1106,65,2,580.9,0.0,1161.8,3845,0.0
3846,1106,376,4,466.18,0.0,1864.72,3846,0.0
3847,1106,187,1,345.57,0.0,345.57,3847,0.0
3854,1108,129,8,1189.98,0.0,9519.84,3854,0.0
3855,1109,26,5,63.14,0.0,315.7,3855,0.0
3856,1110,382,6,1096.85,0.0,6581.1,3856,0.0
3857,1111,330,4,848.46,0.0,3393.84,3857,0.0
3858,1111,227,8,950.98,0.0,7607.84,3858,0.0
3859,1111,43,2,943.02,0.0,1886.04,3859,0.0
3860,1111,95,4,1447.74,0.0,5790.96,3860,0.0
3861,1111,258,8,959.38,0.0,7675.04,3861,0.0
3862,1112,432,7,662.37,0.0,4636.59,3862,0.0
3863,1112,166,5,1179.21,0.0,5896.05,3863,0.0
3864,1112,212,4,465.48,0.14,1601.25,3864,0.14
3865,1112,92,1,451.75,0.0,451.75,3865,0.0
3866,1112,5,5,1491.0,0.38,4622.1,3866,0.38
3867,1113,170,3,394.94,0.0,1184.82,3867,0.0
3868,1113,77,7,1493.78,0.0,10456.46,3868,0.0
3869,1113,158,6,1483.22,0.0,8899.32,3869,0.0
3870,1113,445,4,256.73,0.1,924.23,3870,0.1
3871,1113,248,7,948.89,0.0,6642.23,3871,0.0
3872,1113,40,8,255.23,0.0,2041.84,3872,0.0
3873,1114,444,4,1076.52,0.0,4306.08,3873,0.0
3874,1115,256,1,932.43,0.25,699.32,3874,0.25
3875,1115,408,4,24.82,0.21,78.43,3875,0.21
3876,1115,63,6,299.46,0.0,1796.76,3876,0.0
3877,1115,326,2,412.19,0.0,824.38,3877,0.0
3878,1116,351,2,265.08,0.0,530.16,3878,0.0
3879,1117,100,2,301.16,0.0,602.32,3879,0.0
3880,1117,60,7,1359.52,0.0,9516.64,3880,0.0
3881,1117,350,8,743.27,0.0,5946.16,3881,0.0
3882,1117,121,7,973.14,0.0,6811.98,3882,0.0
3883,1117,358,4,1071.53,0.0,4286.12,3883,0.0
3884,1118,237,5,992.92,0.38,3078.05,3884,0.38
3885,1118,128,1,129.09,0.0,129.09,3885,0.0
3886,1118,326,3,1242.09,0.0,3726.27,3886,0.0
3887,1118,438,8,235.48,0.0,1883.84,3887,0.0
3888,1118,399,3,122.72,0.0,368.16,3888,0.0
3889,1118,88,6,634.76,0.0,3808.56,3889,0.0
3890,1119,117,8,884.61,0.0,7076.88,3890,0.0
3892,1119,444,4,123.79,0.0,495.16,3892,0.0
3893,1120,183,6,191.87,0.0,1151.22,3893,0.0
3894,1121,483,2,840.1,0.0,1680.2,3894,0.0
3895,1121,25,1,1117.66,0.0,1117.66,3895,0.0
3896,1121,114,1,847.2,0.19,686.23,3896,0.19
3897,1121,206,3,755.96,0.0,2267.88,3897,0.0
3898,1121,474,4,569.6,0.0,2278.4,3898,0.0
3899,1122,328,1,957.9,0.32,651.37,3899,0.32
3900,1123,346,1,864.78,0.0,864.78,3900,0.0
3901,1123,42,5,243.09,0.0,1215.45,3901,0.0
3902,1123,91,4,1497.01,0.0,5988.04,3902,0.0
3903,1123,386,1,420.57,0.0,420.57,3903,0.0
3904,1123,2,2,162.18,0.0,324.36,3904,0.0
3905,1123,352,8,1440.52,0.0,11524.16,3905,0.0
3912,1125,230,3,422.2,0.32,861.29,3912,0.32
3913,1126,163,1,675.1,0.0,675.1,3913,0.0
3914,1126,19,5,1251.69,0.0,6258.45,3914,0.0
3915,1126,201,2,1372.58,0.32,1866.71,3915,0.32
3916,1126,369,3,126.92,0.0,380.76,3916,0.0
3917,1127,411,3,590.79,0.0,1772.37,3917,0.0
3918,1127,72,4,1238.24,0.0,4952.96,3918,0.0
3919,1127,44,8,1065.93,0.0,8527.44,3919,0.0
3920,1127,189,3,107.83,0.0,323.49,3920,0.0
3921,1127,64,7,135.41,0.0,947.87,3921,0.0
3922,1128,203,8,990.82,0.0,7926.56,3922,0.0
3923,1128,439,3,945.11,0.0,2835.33,3923,0.0
3924,1128,409,4,480.46,0.0,1921.84,3924,0.0
3926,1130,493,5,814.23,0.0,4071.15,3926,0.0
3927,1130,236,7,290.18,0.0,2031.26,3927,0.0
3928,1130,54,5,1484.57,0.0,7422.85,3928,0.0
3929,1130,237,6,1095.05,0.39,4007.88,3929,0.39
3930,1130,189,2,231.99,0.0,463.98,3930,0.0
3931,1130,480,5,756.62,0.0,3783.1,3931,0.0
3932,1131,79,6,338.05,0.0,2028.3,3932,0.0
3933,1131,330,7,331.68,0.0,2321.76,3933,0.0
3934,1132,291,7,1166.24,0.0,8163.68,3934,0.0
3935,1132,145,6,232.52,0.0,1395.12,3935,0.0
3936,1132,264,2,661.61,0.0,1323.22,3936,0.0
3937,1133,12,8,851.74,0.0,6813.92,3937,0.0
3938,1133,375,6,649.61,0.0,3897.66,3938,0.0
3939,1133,8,7,1055.31,0.0,7387.17,3939,0.0
3940,1133,196,6,1495.03,0.0,8970.18,3940,0.0
3941,1133,169,3,1441.38,0.0,4324.14,3941,0.0
3942,1134,145,8,1309.04,0.0,10472.32,3942,0.0
3943,1134,144,7,545.79,0.0,3820.53,3943,0.0
3944,1134,84,7,730.29,0.0,5112.03,3944,0.0
3945,1134,101,1,847.29,0.14,728.67,3945,0.14
3946,1135,318,8,480.12,0.0,3840.96,3946,0.0
3947,1136,312,1,1099.97,0.0,1099.97,3947,0.0
3948,1136,450,6,786.95,0.0,4721.7,3948,0.0
3949,1136,119,1,482.54,0.0,482.54,3949,0.0
3950,1136,436,3,228.68,0.19,555.69,3950,0.19
3951,1136,259,8,709.69,0.21,4485.24,3951,0.21
3959,1139,231,8,885.29,0.18,5807.5,3959,0.18
3960,1139,393,2,745.25,0.0,1490.5,3960,0.0
3961,1139,114,3,745.82,0.0,2237.46,3961,0.0
3962,1140,180,8,611.15,0.0,4889.2,3962,0.0
3963,1140,129,7,1385.62,0.0,9699.34,3963,0.0
3964,1140,268,5,546.95,0.0,2734.75,3964,0.0
3965,1140,352,3,78.49,0.0,235.47,3965,0.0
3966,1141,77,8,1325.35,0.0,10602.8,3966,0.0
3967,1141,20,8,860.88,0.23,5303.02,3967,0.23
3968,1141,331,1,1045.95,0.0,1045.95,3968,0.0
3969,1141,186,8,20.74,0.0,165.92,3969,0.0
3970,1141,24,1,587.31,0.0,587.31,3970,0.0
3971,1142,220,8,1025.57,0.0,8204.56,3971,0.0
3972,1142,89,1,1165.74,0.0,1165.74,3972,0.0
3973,1142,228,7,498.46,0.0,3489.22,3973,0.0
3974,1142,294,6,57.58,0.0,345.48,3974,0.0
3975,1142,261,5,403.69,0.0,2018.45,3975,0.0
3976,1143,375,1,1333.8,0.0,1333.8,3976,0.0
3977,1143,248,7,431.57,0.12,2658.47,3977,0.12
3978,1143,3,5,1123.47,0.0,5617.35,3978,0.0
3979,1143,443,5,150.46,0.0,752.3,3979,0.0
3980,1143,488,7,1237.14,0.0,8659.98,3980,0.0
3981,1143,224,8,48.71,0.0,389.68,3981,0.0
3982,1144,338,8,469.37,0.0,3754.96,3982,0.0
3983,1144,16,6,700.43,0.0,4202.58,3983,0.0
3984,1145,284,3,351.1,0.0,1053.3,3984,0.0
3985,1146,36,1,1439.67,0.0,1439.67,3985,0.0
3987,1146,189,8,1420.65,0.0,11365.2,3987,0.0
3988,1146,94,6,1498.76,0.0,8992.56,3988,0.0
3989,1146,429,7,227.44,0.0,1592.08,3989,0.0
3990,1146,112,5,769.52,0.0,3847.6,3990,0.0
3991,1147,472,6,1455.91,0.0,8735.46,3991,0.0
3992,1147,319,3,610.79,0.0,1832.37,3992,0.0
3993,1147,430,2,895.99,0.15,1523.18,3993,0.15
3994,1147,424,1,359.99,0.0,359.99,3994,0.0
3995,1147,33,5,632.34,0.0,3161.7,3995,0.0
3996,1147,429,7,1151.18,0.19,6527.19,3996,0.19
3997,1148,381,2,510.46,0.0,1020.92,3997,0.0
3998,1148,102,2,435.22,0.0,870.44,3998,0.0
3999,1148,202,1,751.69,0.0,751.69,3999,0.0
4000,1149,253,4,185.67,0.0,742.68,4000,0.0
4001,1149,490,3,1030.43,0.0,3091.29,4001,0.0
4002,1149,270,2,1322.49,0.0,2644.98,4002,0.0
4003,1149,84,2,462.8,0.0,925.6,4003,0.0
4004,1150,233,4,1353.91,0.0,5415.64,4004,0.0
4005,1150,426,8,1079.4,0.0,8635.2,4005,0.0
4006,1150,398,8,1436.95,0.0,11495.6,4006,0.0
4007,1150,223,2,262.53,0.12,462.05,4007,0.12
4008,1150,310,3,1000.51,0.0,3001.53,4008,0.0
4009,1151,422,1,1247.62,0.0,1247.62,4009,0.0
4010,1152,208,6,870.28,0.0,5221.68,4010,0.0
4011,1152,437,8,1466.93,0.0,11735.44,4011,0.0
4013,1152,78,8,1169.31,0.0,9354.48,4013,0.0
4014,1152,487,3,814.19,0.0,2442.57,4014,0.0
4015,1152,109,1,1133.11,0.0,1133.11,4015,0.0
4016,1153,56,1,210.84,0.0,210.84,4016,0.0
4017,1153,76,6,1209.79,0.0,7258.74,4017,0.0
4018,1153,352,3,1074.02,0.0,3222.06,4018,0.0
4019,1153,471,6,879.79,0.0,5278.74,4019,0.0
4020,1153,309,3,449.42,0.0,1348.26,4020,0.0
4021,1154,87,6,554.23,0.0,3325.38,4021,0.0
4022,1154,168,5,789.71,0.0,3948.55,4022,0.0
4023,1154,188,5,555.94,0.37,1751.21,4023,0.37
4024,1154,305,5,160.92,0.0,804.6,4024,0.0
4025,1155,157,3,479.69,0.0,1439.07,4025,0.0
4026,1155,316,6,342.86,0.0,2057.16,4026,0.0
4027,1156,196,8,101.16,0.0,809.28,4027,0.0
4028,1156,480,7,728.01,0.0,5096.07,4028,0.0
4029,1156,494,5,1333.48,0.0,6667.4,4029,0.0
4030,1156,335,4,780.04,0.0,3120.16,4030,0.0
4031,1157,289,3,1389.54,0.0,4168.62,4031,0.0
4032,1158,112,4,40.92,0.0,163.68,4032,0.0
4033,1158,472,8,330.72,0.0,2645.76,4033,0.0
4034,1158,222,2,749.3,0.0,1498.6,4034,0.0
4035,1158,425,5,156.86,0.0,784.3,4035,0.0
4036,1159,470,5,686.71,0.28,2472.16,4036,0.28
4037,1160,444,3,673.76,0.0,2021.28,4037,0.0
4038,1160,322,5,1217.75,0.0,6088.75,4038,0.0
4039,1160,399,5,786.61,0.0,3933.05,4039,0.0
4040,1160,407,8,639.62,0.0,5116.96,4040,0.0
4041,1161,250,4,1315.72,0.0,5262.88,4041,0.0
4042,1161,238,6,1205.61,0.0,7233.66,4042,0.0
4043,1161,351,1,306.34,0.0,306.34,4043,0.0
4044,1162,377,2,946.07,0.0,1892.14,4044,0.0
4045,1162,474,4,789.65,0.0,3158.6,4045,0.0
4046,1162,18,2,1292.31,0.0,2584.62,4046,0.0
4047,1162,239,2,1150.7,0.0,2301.4,4047,0.0
4048,1162,376,2,706.48,0.0,1412.96,4048,0.0
4054,1164,427,6,1265.75,0.0,7594.5,4054,0.0
4055,1164,38,3,881.62,0.0,2644.86,4055,0.0
4056,1164,265,3,1260.91,0.0,3782.73,4056,0.0
4057,1164,357,1,1467.16,0.0,1467.16,4057,0.0
4058,1164,321,4,1052.85,0.31,2905.87,4058,0.31
4059,1164,255,5,1203.62,0.0,6018.1,4059,0.0
4060,1165,17,8,370.34,0.0,2962.72,4060,0.0
4061,1165,396,5,451.15,0.0,2255.75,4061,0.0
4063,1167,365,6,652.73,0.0,3916.38,4063,0.0
4064,1167,268,7,554.27,0.26,2871.12,4064,0.26
4065,1167,150,4,974.59,0.0,3898.36,4065,0.0
4066,1167,16,1,1111.83,0.0,1111.83,4066,0.0
4067,1167,56,5,1083.42,0.0,5417.1,4067,0.0
4068,1167,71,5,545.15,0.0,2725.75,4068,0.0
4069,1168,423,4,656.03,0.0,2624.12,4069,0.0
4070,1168,347,2,948.7,0.0,1897.4,4070,0.0
4076,1170,32,2,100.71,0.0,201.42,4076,0.0
4077,1171,241,3,511.96,0.0,1535.88,4077,0.0
4078,1172,59,2,199.52,0.26,295.29,4078,0.26
4079,1172,357,3,1208.37,0.1,3262.6,4079,0.1
4080,1173,349,8,239.87,0.0,1918.96,4080,0.0
4081,1173,174,1,1208.27,0.0,1208.27,4081,0.0
4082,1173,146,5,300.77,0.0,1503.85,4082,0.0
4083,1173,426,5,1195.61,0.0,5978.05,4083,0.0
4085,1174,157,1,302.7,0.0,302.7,4085,0.0
4086,1174,428,3,1306.32,0.0,3918.96,4086,0.0
4087,1174,94,4,166.3,0.0,665.2,4087,0.0
4088,1175,88,5,784.35,0.0,3921.75,4088,0.0
4089,1175,65,2,953.51,0.0,1907.02,4089,0.0
4090,1175,32,3,18.75,0.0,56.25,4090,0.0
4091,1175,435,4,1487.4,0.0,5949.6,4091,0.0
4092,1176,453,7,1358.0,0.38,5893.72,4092,0.38
4093,1176,234,4,1458.97,0.0,5835.88,4093,0.0
4094,1176,2,4,520.47,0.0,2081.88,4094,0.0
4095,1177,322,1,1125.27,0.0,1125.27,4095,0.0
4096,1177,451,6,207.3,0.0,1243.8,4096,0.0
4097,1177,54,3,160.43,0.0,481.29,4097,0.0
4098,1177,57,7,420.16,0.0,2941.12,4098,0.0
4099,1177,266,2,1340.99,0.0,2681.98,4099,0.0
4100,1178,93,4,781.13,0.0,3124.52,4100,0.0
4101,1178,479,5,707.92,0.0,3539.6,4101,0.0
4102,1178,38,1,246.72,0.0,246.72,4102,0.0
4103,1178,485,7,907.65,0.0,6353.55,4103,0.0
4104,1179,479,6,108.55,0.0,651.3,4104,0.0
4105,1179,279,1,704.11,0.05,668.9,4105,0.05
4106,1179,168,1,685.98,0.0,685.98,4106,0.0
4107,1179,313,8,310.41,0.0,2483.28,4107,0.0
4108,1180,178,4,609.53,0.0,2438.12,4108,0.0
4109,1180,174,8,468.56,0.0,3748.48,4109,0.0
4110,1180,114,8,158.7,0.0,1269.6,4110,0.0
4111,1180,130,4,124.55,0.0,498.2,4111,0.0
4112,1180,366,7,645.56,0.35,2937.3,4112,0.35
4113,1180,257,3,303.42,0.0,910.26,4113,0.0
4114,1181,79,2,1010.76,0.0,2021.52,4114,0.0
4115,1181,298,1,788.92,0.0,788.92,4115,0.0
4116,1181,8,2,438.36,0.0,876.72,4116,0.0
4117,1182,107,3,881.66,0.0,2644.98,4117,0.0
4118,1182,322,8,113.03,0.12,795.73,4118,0.12
4119,1182,78,1,63.76,0.0,63.76,4119,0.0
4120,1182,30,2,358.61,0.0,717.22,4120,0.0
4121,1182,1,5,1155.27,0.06,5429.77,4121,0.06
4122,1182,335,5,146.44,0.0,732.2,4122,0.0
4123,1183,383,5,27.64,0.0,138.2,4123,0.0
4124,1183,295,5,1132.57,0.0,5662.85,4124,0.0
4125,1183,185,1,371.47,0.0,371.47,4125,0.0
4126,1183,327,5,955.56,0.0,4777.8,4126,0.0
4127,1183,80,4,420.35,0.0,1681.4,4127,0.0
4128,1183,124,7,409.65,0.09,2609.47,4128,0.09
4129,1184,243,6,695.86,0.0,4175.16,4129,0.0
4130,1184,68,2,1408.37,0.0,2816.74,4130,0.0
4131,1185,84,2,221.81,0.0,443.62,4131,0.0
4132,1185,336,8,1008.11,0.0,8064.88,4132,0.0
4133,1185,414,8,71.05,0.0,568.4,4133,0.0
4134,1185,287,6,859.0,0.0,5154.0,4134,0.0
4135,1185,450,8,328.93,0.0,2631.44,4135,0.0
4136,1186,197,8,1087.47,0.31,6002.83,4136,0.31
4137,1187,44,5,1324.26,0.0,6621.3,4137,0.0
4138,1187,77,6,1018.23,0.0,6109.38,4138,0.0
4139,1187,5,5,559.87,0.0,2799.35,4139,0.0
4140,1188,442,8,1480.94,0.0,11847.52,4140,0.0
4141,1189,465,2,634.55,0.0,1269.1,4141,0.0
4142,1189,196,6,417.27,0.0,2503.62,4142,0.0
4143,1189,495,7,462.02,0.0,3234.14,4143,0.0
4144,1189,391,8,1362.88,0.0,10903.04,4144,0.0
4145,1189,461,7,1412.34,0.0,9886.38,4145,0.0
4146,1189,139,2,1274.19,0.0,2548.38,4146,0.0
4147,1190,359,5,1091.81,0.0,5459.05,4147,0.0
4148,1190,456,7,1221.97,0.0,8553.79,4148,0.0
4149,1190,482,4,160.63,0.0,642.52,4149,0.0
4150,1190,234,1,908.2,0.0,908.2,4150,0.0
4151,1190,83,2,1141.3,0.0,2282.6,4151,0.0
4152,1190,70,5,52.41,0.0,262.05,4152,0.0
4153,1191,66,5,531.38,0.0,2656.9,4153,0.0
4154,1191,457,1,1393.42,0.0,1393.42,4154,0.0
4155,1191,15,3,1393.94,0.0,4181.82,4155,0.0
4156,1191,175,3,673.83,0.35,1313.97,4156,0.35
4157,1192,308,1,11.14,0.0,11.14,4157,0.0
4158,1192,22,5,964.7,0.0,4823.5,4158,0.0
4159,1192,182,6,562.58,0.0,3375.48,4159,0.0
4160,1193,36,1,493.95,0.0,493.95,4160,0.0
4161,1193,385,2,60.53,0.0,121.06,4161,0.0
4162,1193,207,8,137.29,0.0,1098.32,4162,0.0
4163,1193,192,8,907.2,0.19,5878.66,4163,0.19
4164,1193,23,4,1050.34,0.0,4201.36,4164,0.0
4165,1193,272,1,749.21,0.0,749.21,4165,0.0
4166,1194,159,1,698.23,0.0,698.23,4166,0.0
4167,1194,329,7,887.37,0.0,6211.59,4167,0.0
4168,1194,417,5,73.97,0.0,369.85,4168,0.0
4169,1194,337,7,626.89,0.0,4388.23,4169,0.0
4170,1194,306,1,192.82,0.23,148.47,4170,0.23
4171,1195,428,5,1154.75,0.0,5773.75,4171,0.0
4176,1197,446,4,336.62,0.0,1346.48,4176,0.0
4177,1198,317,7,814.05,0.0,5698.35,4177,0.0
4178,1199,44,5,452.78,0.0,2263.9,4178,0.0
4179,1199,442,6,342.04,0.0,2052.24,4179,0.0
4180,1199,493,6,1199.71,0.0,7198.26,4180,0.0
4181,1199,216,5,541.33,0.0,2706.65,4181,0.0
4182,1199,341,3,1191.61,0.0,3574.83,4182,0.0
4183,1199,98,7,473.43,0.0,3314.01,4183,0.0
4189,1201,360,1,1213.99,0.0,1213.99,4189,0.0
4190,1201,20,3,986.11,0.35,1922.91,4190,0.35
4191,1201,52,8,1008.88,0.0,8071.04,4191,0.0
4192,1201,226,4,411.89,0.0,1647.56,4192,0.0
4193,1201,66,2,827.69,0.0,1655.38,4193,0.0
4194,1201,209,6,62.51,0.0,375.06,4194,0.0
4195,1202,155,6,1328.32,0.0,7969.92,4195,0.0
4196,1202,133,2,236.15,0.0,472.3,4196,0.0
4197,1202,158,4,973.95,0.0,3895.8,4197,0.0
4198,1202,270,1,1244.38,0.2,995.5,4198,0.2
4199,1202,5,7,1467.64,0.0,10273.48,4199,0.0
4200,1203,303,6,605.05,0.0,3630.3,4200,0.0
4201,1203,407,2,295.23,0.0,590.46,4201,0.0
4202,1203,118,3,75.61,0.12,199.61,4202,0.12
4203,1203,435,5,843.0,0.0,4215.0,4203,0.0
4204,1204,25,4,677.13,0.12,2383.5,4204,0.12
4205,1204,158,6,251.81,0.0,1510.86,4205,0.0
4206,1204,442,5,277.81,0.0,1389.05,4206,0.0
4207,1204,170,8,1283.34,0.0,10266.72,4207,0.0
4208,1205,430,1,1494.95,0.1,1345.46,4208,0.1
4209,1205,490,4,777.29,0.0,3109.16,4209,0.0
4210,1205,450,8,745.23,0.0,5961.84,4210,0.0
4211,1206,394,3,123.45,0.0,370.35,4211,0.0
4212,1206,346,8,97.87,0.0,782.96,4212,0.0
4213,1206,323,6,452.59,0.0,2715.54,4213,0.0
4214,1206,194,7,431.01,0.0,3017.07,4214,0.0
4215,1206,452,4,1275.61,0.0,5102.44,4215,0.0
4220,1208,132,2,80.68,0.0,161.36,4220,0.0
4221,1208,247,6,1456.89,0.15,7430.14,4221,0.15
4222,1209,208,5,1090.77,0.0,5453.85,4222,0.0
4223,1209,440,4,812.09,0.0,3248.36,4223,0.0
4224,1210,380,6,854.67,0.0,5128.02,4224,0.0
4225,1210,41,3,720.24,0.0,2160.72,4225,0.0
4226,1210,111,2,818.89,0.0,1637.78,4226,0.0
4227,1210,200,1,1045.2,0.0,1045.2,4227,0.0
4228,1210,330,2,778.99,0.0,1557.98,4228,0.0
4229,1210,484,7,204.83,0.0,1433.81,4229,0.0
4230,1211,145,7,292.1,0.1,1840.23,4230,0.1
4231,1211,298,7,844.32,0.0,5910.24,4231,0.0
4232,1212,4,5,1416.49,0.0,7082.45,4232,0.0
4233,1213,163,7,887.87,0.2,4972.07,4233,0.2
4234,1213,42,1,194.11,0.0,194.11,4234,0.0
4235,1213,88,4,1455.53,0.3,4075.48,4235,0.3
4238,1215,156,6,629.4,0.0,3776.4,4238,0.0
4239,1215,74,6,1489.38,0.0,8936.28,4239,0.0
4240,1215,184,5,1264.75,0.0,6323.75,4240,0.0
4242,1215,486,1,407.72,0.0,407.72,4242,0.0
4243,1215,364,1,387.91,0.0,387.91,4243,0.0
4244,1216,42,5,1407.69,0.0,7038.45,4244,0.0
4245,1216,3,8,996.12,0.0,7968.96,4245,0.0
4246,1217,4,8,966.6,0.0,7732.8,4246,0.0
4247,1217,464,6,1337.35,0.0,8024.1,4247,0.0
4248,1217,210,7,567.9,0.0,3975.3,4248,0.0
4249,1217,409,8,1051.59,0.0,8412.72,4249,0.0
4250,1217,316,3,1255.01,0.0,3765.03,4250,0.0
4251,1217,170,1,776.83,0.0,776.83,4251,0.0
4252,1218,115,5,41.79,0.0,208.95,4252,0.0
4253,1218,430,1,657.4,0.0,657.4,4253,0.0
4254,1218,103,3,1079.45,0.0,3238.35,4254,0.0
4255,1219,394,5,632.81,0.0,3164.05,4255,0.0
4256,1219,467,7,1456.71,0.0,10196.97,4256,0.0
4257,1220,273,4,619.61,0.0,2478.44,4257,0.0
4258,1220,124,3,1172.97,0.0,3518.91,4258,0.0
4259,1220,219,1,498.14,0.0,498.14,4259,0.0
4260,1220,306,6,1479.91,0.0,8879.46,4260,0.0
4265,1222,386,2,929.77,0.0,1859.54,4265,0.0
4266,1222,72,3,131.4,0.0,394.2,4266,0.0
4267,1222,309,1,1313.13,0.0,1313.13,4267,0.0
4268,1222,235,5,892.82,0.0,4464.1,4268,0.0
4269,1223,403,1,357.8,0.09,325.6,4269,0.09
4270,1223,297,3,721.59,0.0,2164.77,4270,0.0
4271,1223,379,2,1297.08,0.0,2594.16,4271,0.0
4272,1223,230,1,1250.64,0.0,1250.64,4272,0.0
4273,1223,53,6,865.38,0.0,5192.28,4273,0.0
4274,1223,327,1,1013.96,0.26,750.33,4274,0.26
4275,1224,472,7,1404.72,0.0,9833.04,4275,0.0
4276,1225,53,2,1295.15,0.0,2590.3,4276,0.0
4277,1226,264,2,990.0,0.0,1980.0,4277,0.0
4278,1226,112,4,699.23,0.0,2796.92,4278,0.0
4279,1226,334,5,1024.43,0.0,5122.15,4279,0.0
4280,1226,351,7,866.58,0.0,6066.06,4280,0.0
4281,1227,231,4,704.57,0.0,2818.28,4281,0.0
4282,1227,292,8,803.88,0.29,4566.04,4282,0.29
4283,1227,133,2,689.29,0.0,1378.58,4283,0.0
4284,1227,293,7,375.33,0.0,2627.31,4284,0.0
4285,1228,139,8,1303.15,0.0,10425.2,4285,0.0
4286,1228,115,8,196.12,0.0,1568.96,4286,0.0
4287,1229,45,1,1407.48,0.0,1407.48,4287,0.0
4288,1229,304,2,1476.73,0.0,2953.46,4288,0.0
4289,1229,360,2,1495.15,0.0,2990.3,4289,0.0
4290,1229,100,2,183.25,0.0,366.5,4290,0.0
4291,1229,469,8,356.1,0.0,2848.8,4291,0.0
4292,1230,433,7,193.64,0.0,1355.48,4292,0.0
4293,1231,269,2,750.72,0.0,1501.44,4293,0.0
4294,1231,200,8,298.68,0.0,2389.44,4294,0.0
4295,1231,253,4,1089.96,0.0,4359.84,4295,0.0
4296,1231,408,4,848.03,0.28,2442.33,4296,0.28
4297,1231,478,4,955.13,0.0,3820.52,4297,0.0
4304,1233,25,4,1454.19,0.0,5816.76,4304,0.0
4305,1234,240,5,1002.23,0.0,5011.15,4305,0.0
4306,1234,212,3,656.23,0.0,1968.69,4306,0.0
4307,1234,113,4,951.33,0.4,2283.19,4307,0.4
4308,1234,355,7,845.03,0.0,5915.21,4308,0.0
4309,1234,390,5,231.1,0.0,1155.5,4309,0.0
4310,1235,324,5,420.07,0.0,2100.35,4310,0.0
4311,1235,266,2,1335.03,0.0,2670.06,4311,0.0
4312,1236,317,3,883.13,0.0,2649.39,4312,0.0
4313,1236,241,6,1211.26,0.0,7267.56,4313,0.0
4314,1236,357,6,1431.32,0.0,8587.92,4314,0.0
4315,1236,67,3,1179.18,0.34,2334.78,4315,0.34
4316,1236,411,5,133.89,0.0,669.45,4316,0.0
4317,1236,104,3,1056.14,0.0,3168.42,4317,0.0
4318,1237,301,5,441.96,0.0,2209.8,4318,0.0
4319,1238,359,1,710.23,0.0,710.23,4319,0.0
4320,1238,426,8,1491.3,0.0,11930.4,4320,0.0
4321,1238,221,5,1166.56,0.0,5832.8,4321,0.0
4322,1238,9,3,1448.47,0.0,4345.41,4322,0.0
4323,1238,15,7,1476.42,0.0,10334.94,4323,0.0
4324,1238,3,1,795.19,0.0,795.19,4324,0.0
4325,1239,54,6,1376.34,0.0,8258.04,4325,0.0
4326,1239,67,2,372.69,0.0,745.38,4326,0.0
4332,1241,25,1,204.58,0.0,204.58,4332,0.0
4333,1241,475,3,894.09,0.0,2682.27,4333,0.0
4334,1241,395,8,1108.65,0.0,8869.2,4334,0.0
4335,1242,463,8,683.75,0.0,5470.0,4335,0.0
4336,1242,394,3,785.57,0.0,2356.71,4336,0.0
4337,1242,13,7,1165.55,0.0,8158.85,4337,0.0
4338,1243,331,7,328.15,0.0,2297.05,4338,0.0
4339,1243,237,3,76.12,0.0,228.36,4339,0.0
4340,1244,390,4,449.27,0.0,1797.08,4340,0.0
4341,1244,138,3,793.92,0.14,2048.31,4341,0.14
4342,1245,432,4,126.13,0.0,504.52,4342,0.0
4343,1245,278,3,546.29,0.14,1409.43,4343,0.14
4344,1245,268,3,324.48,0.0,973.44,4344,0.0
4345,1245,47,5,1356.74,0.35,4409.4,4345,0.35
4346,1245,459,4,29.88,0.0,119.52,4346,0.0
4347,1245,349,1,564.19,0.0,564.19,4347,0.0
4348,1246,237,4,463.6,0.0,1854.4,4348,0.0
4349,1246,406,1,356.55,0.09,324.46,4349,0.09
4350,1246,380,4,772.49,0.0,3089.96,4350,0.0
4351,1246,475,7,635.09,0.0,4445.63,4351,0.0
4352,1247,173,4,100.55,0.0,402.2,4352,0.0
4353,1248,254,7,359.83,0.0,2518.81,4353,0.0
4354,1248,163,5,516.15,0.27,1883.95,4354,0.27
4355,1248,476,8,84.71,0.18,555.7,4355,0.18
4356,1248,436,6,805.38,0.18,3962.47,4356,0.18
4357,1249,90,5,1495.22,0.0,7476.1,4357,0.0
4358,1249,293,1,1001.41,0.0,1001.41,4358,0.0
4359,1249,28,7,512.13,0.0,3584.91,4359,0.0
4360,1249,166,2,917.8,0.0,1835.6,4360,0.0
4361,1249,60,7,309.71,0.0,2167.97,4361,0.0
4362,1249,187,7,379.22,0.0,2654.54,4362,0.0
4363,1250,134,7,641.68,0.0,4491.76,4363,0.0
4364,1250,366,5,1173.12,0.0,5865.6,4364,0.0
4365,1250,282,7,1110.54,0.0,7773.78,4365,0.0
4366,1251,263,2,562.35,0.0,1124.7,4366,0.0
4367,1252,54,8,1249.59,0.0,9996.72,4367,0.0
4368,1252,12,1,707.69,0.0,707.69,4368,0.0
4369,1252,303,3,311.66,0.0,934.98,4369,0.0
4370,1252,11,2,1225.06,0.0,2450.12,4370,0.0
4371,1253,373,1,340.55,0.0,340.55,4371,0.0
4372,1253,246,8,1296.88,0.0,10375.04,4372,0.0
4373,1254,471,2,1345.04,0.0,2690.08,4373,0.0
4374,1254,243,6,895.11,0.35,3490.93,4374,0.35
4375,1255,183,5,380.9,0.09,1733.1,4375,0.09
4376,1255,185,6,685.84,0.0,4115.04,4376,0.0
4377,1255,51,1,520.53,0.0,520.53,4377,0.0
4378,1255,241,2,272.32,0.0,544.64,4378,0.0
4381,1257,232,8,963.44,0.26,5703.56,4381,0.26
4382,1257,466,5,1119.8,0.0,5599.0,4382,0.0
4383,1257,242,5,919.62,0.0,4598.1,4383,0.0
4384,1257,171,5,725.62,0.0,3628.1,4384,0.0
4385,1257,209,3,962.32,0.0,2886.96,4385,0.0
4386,1257,162,5,180.14,0.0,900.7,4386,0.0
4387,1258,33,1,951.71,0.0,951.71,4387,0.0
4388,1258,448,7,200.5,0.0,1403.5,4388,0.0
4389,1258,282,4,1491.22,0.0,5964.88,4389,0.0
4390,1258,440,4,286.04,0.0,1144.16,4390,0.0
4391,1258,466,4,330.75,0.0,1323.0,4391,0.0
4392,1259,263,3,1442.07,0.0,4326.21,4392,0.0
4393,1259,322,3,35.67,0.0,107.01,4393,0.0
4394,1259,132,4,1042.28,0.0,4169.12,4394,0.0
4395,1259,316,3,1319.96,0.0,3959.88,4395,0.0
4396,1260,129,5,327.39,0.0,1636.95,4396,0.0
4397,1260,294,2,1313.78,0.19,2128.32,4397,0.19
4398,1260,425,1,204.26,0.0,204.26,4398,0.0
4399,1260,353,1,37.28,0.0,37.28,4399,0.0
4404,1262,285,4,853.27,0.0,3413.08,4404,0.0
4405,1262,79,7,1475.8,0.07,9607.46,4405,0.07
4406,1262,233,5,1305.53,0.0,6527.65,4406,0.0
4407,1262,406,1,990.72,0.0,990.72,4407,0.0
4408,1262,214,2,790.6,0.0,1581.2,4408,0.0
4409,1263,401,7,9.55,0.0,66.85,4409,0.0
4410,1263,436,3,182.92,0.0,548.76,4410,0.0
4411,1263,233,5,1018.99,0.0,5094.95,4411,0.0
4412,1264,95,3,933.69,0.0,2801.07,4412,0.0
4413,1264,267,3,970.23,0.0,2910.69,4413,0.0
4414,1264,23,5,270.93,0.0,1354.65,4414,0.0
4415,1264,496,4,769.87,0.0,3079.48,4415,0.0
4416,1264,411,6,182.56,0.0,1095.36,4416,0.0
4417,1265,301,8,1419.23,0.0,11353.84,4417,0.0
4418,1265,416,2,87.67,0.0,175.34,4418,0.0
4420,1265,326,3,799.85,0.23,1847.65,4420,0.23
4421,1265,358,2,1083.62,0.0,2167.24,4421,0.0
4422,1266,202,4,978.76,0.0,3915.04,4422,0.0
4423,1266,335,8,305.7,0.0,2445.6,4423,0.0
4424,1266,393,2,1131.9,0.19,1833.68,4424,0.19
4425,1266,71,2,717.69,0.38,889.94,4425,0.38
4426,1266,253,5,1346.61,0.18,5521.1,4426,0.18
4427,1266,181,3,1313.55,0.0,3940.65,4427,0.0
4428,1267,495,5,256.97,0.29,912.24,4428,0.29
4429,1267,252,6,998.16,0.0,5988.96,4429,0.0
4430,1267,346,4,850.73,0.0,3402.92,4430,0.0
4431,1267,46,5,51.91,0.0,259.55,4431,0.0
4432,1268,148,4,977.26,0.0,3909.04,4432,0.0
4433,1269,477,6,1155.81,0.0,6934.86,4433,0.0
4434,1269,425,1,350.6,0.0,350.6,4434,0.0
4435,1269,85,3,948.41,0.0,2845.23,4435,0.0
4436,1269,236,3,426.16,0.0,1278.48,4436,0.0
4437,1270,167,1,1156.26,0.0,1156.26,4437,0.0
4438,1270,377,8,264.6,0.0,2116.8,4438,0.0
4439,1270,17,2,934.9,0.0,1869.8,4439,0.0
4440,1270,30,5,212.79,0.1,957.56,4440,0.1
4441,1271,346,3,507.19,0.0,1521.57,4441,0.0
4445,1273,223,5,767.85,0.35,2495.51,4445,0.35
4446,1274,96,5,1455.73,0.0,7278.65,4446,0.0
4447,1274,256,7,1038.13,0.0,7266.91,4447,0.0
4448,1275,171,2,463.9,0.05,881.41,4448,0.05
4449,1275,157,2,1209.11,0.0,2418.22,4449,0.0
4450,1275,438,2,361.34,0.3,505.88,4450,0.3
4451,1275,289,4,621.27,0.0,2485.08,4451,0.0
4452,1275,308,2,489.64,0.0,979.28,4452,0.0
4453,1275,391,5,787.93,0.0,3939.65,4453,0.0
4454,1276,237,5,846.24,0.0,4231.2,4454,0.0
4455,1276,428,5,930.69,0.0,4653.45,4455,0.0
4456,1276,71,4,691.83,0.0,2767.32,4456,0.0
4457,1276,494,4,501.12,0.0,2004.48,4457,0.0
4458,1276,184,1,295.07,0.0,295.07,4458,0.0
4459,1276,125,6,1122.99,0.0,6737.94,4459,0.0
4460,1277,161,1,129.43,0.0,129.43,4460,0.0
4461,1277,23,4,1258.39,0.21,3976.51,4461,0.21
4462,1277,20,2,824.28,0.0,1648.56,4462,0.0
4463,1277,187,5,1486.02,0.0,7430.1,4463,0.0
4464,1277,342,4,284.35,0.0,1137.4,4464,0.0
4465,1277,443,6,47.98,0.0,287.88,4465,0.0
4466,1278,1,3,1260.47,0.0,3781.41,4466,0.0
4467,1278,462,5,357.91,0.0,1789.55,4467,0.0
4468,1278,467,4,1006.15,0.0,4024.6,4468,0.0
4469,1279,89,3,1146.69,0.0,3440.07,4469,0.0
4470,1279,422,8,995.05,0.0,7960.4,4470,0.0
4471,1279,327,4,340.61,0.0,1362.44,4471,0.0
4472,1280,439,7,986.4,0.0,6904.8,4472,0.0
4473,1280,379,3,447.13,0.0,1341.39,4473,0.0
4474,1280,264,5,463.81,0.0,2319.05,4474,0.0
4475,1280,195,8,268.39,0.0,2147.12,4475,0.0
4476,1280,36,2,1129.02,0.36,1445.15,4476,0.36
4477,1280,36,8,1119.24,0.0,8953.92,4477,0.0
4480,1282,219,8,1098.03,0.0,8784.24,4480,0.0
4481,1282,171,4,5.24,0.0,20.96,4481,0.0
4482,1282,261,4,1426.39,0.0,5705.56,4482,0.0
4483,1282,294,2,79.87,0.0,159.74,4483,0.0
4484,1282,31,6,1266.72,0.0,7600.32,4484,0.0
4485,1283,214,8,928.45,0.0,7427.6,4485,0.0
4486,1283,355,7,1168.36,0.0,8178.52,4486,0.0
4487,1283,429,1,1232.43,0.0,1232.43,4487,0.0
4488,1284,223,8,57.14,0.0,457.12,4488,0.0
4489,1284,338,2,470.26,0.0,940.52,4489,0.0
4490,1284,469,3,1112.07,0.0,3336.21,4490,0.0
4491,1284,458,1,324.67,0.0,324.67,4491,0.0
4492,1284,41,5,1190.56,0.0,5952.8,4492,0.0
4493,1285,57,5,300.78,0.0,1503.9,4493,0.0
4494,1285,282,3,1370.3,0.0,4110.9,4494,0.0
4495,1285,250,8,575.29,0.13,4004.02,4495,0.13
4496,1285,344,1,517.18,0.0,517.18,4496,0.0
4497,1285,243,8,626.38,0.0,5011.04,4497,0.0
4498,1286,291,8,827.48,0.0,6619.84,4498,0.0
4499,1286,459,6,1160.55,0.0,6963.3,4499,0.0
4500,1287,484,3,968.26,0.0,2904.78,4500,0.0
4501,1288,177,1,787.97,0.3,551.58,4501,0.3
4502,1288,175,3,218.98,0.0,656.94,4502,0.0
4503,1288,172,2,1338.55,0.0,2677.1,4503,0.0
4504,1288,237,8,142.22,0.0,1137.76,4504,0.0
4505,1288,482,3,134.4,0.06,379.01,4505,0.06
4506,1289,263,1,1384.56,0.2,1107.65,4506,0.2
4507,1289,127,1,1340.77,0.0,1340.77,4507,0.0
4508,1289,231,8,1284.88,0.0,10279.04,4508,0.0
4509,1289,379,8,274.78,0.0,2198.24,4509,0.0
4510,1289,288,8,206.34,0.0,1650.72,4510,0.0
4511,1289,327,1,912.87,0.0,912.87,4511,0.0
4512,1290,289,8,1275.42,0.0,10203.36,4512,0.0
4513,1290,222,8,1315.98,0.19,8527.55,4513,0.19
4514,1290,136,2,890.82,0.0,1781.64,4514,0.0
4515,1290,336,5,727.08,0.0,3635.4,4515,0.0
4516,1290,41,1,970.48,0.0,970.48,4516,0.0
4517,1291,303,2,1097.0,0.0,2194.0,4517,0.0
4518,1292,184,2,473.76,0.0,947.52,4518,0.0
4519,1292,484,5,1212.17,0.0,6060.85,4519,0.0
4520,1292,75,7,661.95,0.0,4633.65,4520,0.0
4521,1293,101,2,1010.15,0.0,2020.3,4521,0.0
4522,1293,302,2,1050.17,0.0,2100.34,4522,0.0
4523,1293,317,4,782.96,0.0,3131.84,4523,0.0
4524,1293,285,4,504.57,0.0,2018.28,4524,0.0
4525,1294,415,7,105.18,0.0,736.26,4525,0.0
4526,1294,247,8,1181.79,0.0,9454.32,4526,0.0
4527,1295,348,8,906.67,0.0,7253.36,4527,0.0
4528,1295,93,3,1092.2,0.26,2424.68,4528,0.26
4529,1296,187,5,1409.1,0.0,7045.5,4529,0.0
4530,1296,183,5,152.91,0.0,764.55,4530,0.0
4531,1296,451,3,477.75,0.0,1433.25,4531,0.0
4532,1296,153,6,1386.45,0.0,8318.7,4532,0.0
4533,1296,366,6,301.34,0.0,1808.04,4533,0.0
4534,1296,59,6,1060.28,0.0,6361.68,4534,0.0
4535,1297,393,8,985.89,0.0,7887.12,4535,0.0
4536,1298,222,2,956.73,0.0,1913.46,4536,0.0
4540,1300,100,2,1481.68,0.2,2370.69,4540,0.2
4541,1300,90,4,826.77,0.0,3307.08,4541,0.0
4542,1301,345,7,1241.97,0.0,8693.79,4542,0.0
4543,1301,372,7,344.86,0.0,2414.02,4543,0.0
4544,1302,207,8,253.29,0.0,2026.32,4544,0.0
4545,1302,142,6,1022.12,0.0,6132.72,4545,0.0
4546,1302,203,5,162.2,0.0,811.0,4546,0.0
4547,1302,28,3,661.71,0.0,1985.13,4547,0.0
4548,1303,398,1,717.49,0.0,717.49,4548,0.0
4549,1303,377,4,385.82,0.0,1543.28,4549,0.0
4550,1303,306,8,1465.57,0.25,8793.42,4550,0.25
4551,1303,280,8,725.13,0.0,5801.04,4551,0.0
4552,1303,388,4,1487.08,0.0,5948.32,4552,0.0
4553,1303,252,1,615.71,0.26,455.63,4553,0.26
4554,1304,84,7,404.25,0.2,2263.8,4554,0.2
4555,1305,30,1,728.83,0.0,728.83,4555,0.0
4556,1305,452,4,1256.1,0.0,5024.4,4556,0.0
4557,1305,494,2,97.05,0.0,194.1,4557,0.0
4558,1305,99,3,1121.08,0.0,3363.24,4558,0.0
4559,1305,63,8,770.75,0.0,6166.0,4559,0.0
4560,1306,367,4,1437.48,0.0,5749.92,4560,0.0
4561,1306,496,1,693.82,0.0,693.82,4561,0.0
4562,1307,5,5,785.78,0.0,3928.9,4562,0.0
4563,1307,291,6,1299.05,0.0,7794.3,4563,0.0
4564,1307,213,1,817.84,0.0,817.84,4564,0.0
4565,1307,362,7,1011.27,0.08,6512.58,4565,0.08
4566,1307,53,6,591.61,0.0,3549.66,4566,0.0
4567,1308,443,4,1118.18,0.0,4472.72,4567,0.0
4568,1308,182,3,1252.58,0.0,3757.74,4568,0.0
4569,1308,445,6,28.89,0.24,131.74,4569,0.24
4570,1308,414,5,58.9,0.0,294.5,4570,0.0
4571,1309,207,7,809.25,0.0,5664.75,4571,0.0
4572,1309,109,3,1386.39,0.0,4159.17,4572,0.0
4573,1309,59,2,82.12,0.0,164.24,4573,0.0
4574,1310,373,7,379.11,0.0,2653.77,4574,0.0
4575,1311,346,2,736.78,0.0,1473.56,4575,0.0
4576,1311,79,1,366.45,0.0,366.45,4576,0.0
4578,1311,384,2,1024.33,0.39,1249.68,4578,0.39
4579,1311,329,5,385.63,0.0,1928.15,4579,0.0
4580,1312,341,6,6.58,0.0,39.48,4580,0.0
4581,1312,65,2,761.0,0.0,1522.0,4581,0.0
4582,1313,483,7,1398.56,0.0,9789.92,4582,0.0
4583,1313,263,6,1341.1,0.0,8046.6,4583,0.0
4584,1313,277,7,1288.96,0.0,9022.72,4584,0.0
4585,1314,293,5,1324.24,0.0,6621.2,4585,0.0
4586,1314,228,4,1197.58,0.0,4790.32,4586,0.0
4591,1316,464,5,987.06,0.0,4935.3,4591,0.0
4592,1317,289,5,135.28,0.0,676.4,4592,0.0
4593,1317,29,8,641.05,0.0,5128.4,4593,0.0
4594,1317,9,7,1081.44,0.0,7570.08,4594,0.0
4595,1317,407,7,336.1,0.11,2093.9,4595,0.11
4596,1317,318,1,977.32,0.0,977.32,4596,0.0
4598,1318,439,7,72.13,0.36,323.14,4598,0.36
4599,1318,193,3,305.91,0.0,917.73,4599,0.0
4601,1318,25,7,310.97,0.0,2176.79,4601,0.0
4602,1318,350,3,644.39,0.0,1933.17,4602,0.0
4603,1319,269,4,615.1,0.0,2460.4,4603,0.0
4604,1319,64,2,90.29,0.0,180.58,4604,0.0
4605,1319,138,2,1495.12,0.0,2990.24,4605,0.0
4606,1320,284,2,730.68,0.0,1461.36,4606,0.0
4607,1320,466,8,7.73,0.0,61.84,4607,0.0
4608,1320,103,4,924.08,0.0,3696.32,4608,0.0
4609,1320,69,1,132.7,0.0,132.7,4609,0.0
4610,1320,22,1,120.65,0.0,120.65,4610,0.0
4611,1320,208,6,80.37,0.0,482.22,4611,0.0
4612,1321,461,1,302.84,0.26,224.1,4612,0.26
4613,1322,309,5,239.18,0.0,1195.9,4613,0.0
4614,1323,273,3,1052.36,0.0,3157.08,4614,0.0
4615,1323,164,3,1471.51,0.0,4414.53,4615,0.0
4616,1323,316,2,914.95,0.0,1829.9,4616,0.0
4617,1324,65,4,1325.8,0.0,5303.2,4617,0.0
4618,1325,497,4,1112.05,0.0,4448.2,4618,0.0
4625,1327,109,7,1206.64,0.0,8446.48,4625,0.0
4626,1327,378,6,196.75,0.0,1180.5,4626,0.0
4627,1327,54,4,447.56,0.19,1450.09,4627,0.19
4628,1328,491,7,720.2,0.0,5041.4,4628,0.0
4629,1329,214,5,653.02,0.0,3265.1,4629,0.0
4630,1329,458,4,689.76,0.34,1820.97,4630,0.34
4631,1329,447,1,74.65,0.0,74.65,4631,0.0
4632,1329,454,7,1380.02,0.0,9660.14,4632,0.0
4633,1329,294,6,1498.78,0.0,8992.68,4633,0.0
4634,1329,153,5,799.29,0.0,3996.45,4634,0.0
4635,1330,413,1,1250.79,0.37,788.0,4635,0.37
4636,1330,487,8,832.19,0.0,6657.52,4636,0.0
4637,1330,335,4,520.9,0.0,2083.6,4637,0.0
4638,1330,475,1,583.63,0.32,396.87,4638,0.32
4639,1330,12,3,544.2,0.0,1632.6,4639,0.0
4640,1331,211,2,326.7,0.0,653.4,4640,0.0
4641,1331,313,2,504.22,0.0,1008.44,4641,0.0
4642,1331,3,7,748.3,0.0,5238.1,4642,0.0
4643,1331,485,8,691.7,0.32,3762.85,4643,0.32
4644,1331,116,1,1115.47,0.0,1115.47,4644,0.0
4645,1332,483,4,314.7,0.0,1258.8,4645,0.0
4646,1332,148,6,827.87,0.18,4073.12,4646,0.18
4647,1332,159,7,542.87,0.0,3800.09,4647,0.0
4648,1332,272,1,811.85,0.0,811.85,4648,0.0
4649,1332,117,6,911.33,0.0,5467.98,4649,0.0
4650,1332,478,2,990.26,0.0,1980.52,4650,0.0
4651,1333,497,3,860.5,0.0,2581.5,4651,0.0
4652,1333,19,8,665.67,0.0,5325.36,4652,0.0
4653,1333,495,1,514.06,0.0,514.06,4653,0.0
4655,1334,374,4,131.42,0.0,525.68,4655,0.0
4656,1334,498,5,957.73,0.0,4788.65,4656,0.0
4657,1335,268,5,462.0,0.0,2310.0,4657,0.0
4658,1335,185,5,1141.58,0.0,5707.9,4658,0.0
4659,1336,309,6,780.6,0.24,3559.54,4659,0.24
4660,1337,121,4,188.66,0.0,754.64,4660,0.0
4661,1337,51,6,663.48,0.0,3980.88,4661,0.0
4662,1338,311,8,1267.59,0.0,10140.72,4662,0.0
4663,1338,5,2,949.24,0.0,1898.48,4663,0.0
4664,1338,431,1,186.94,0.0,186.94,4664,0.0
4666,1338,41,6,519.91,0.0,3119.46,4666,0.0
4667,1338,258,2,688.24,0.0,1376.48,4667,0.0
4672,1340,255,4,620.44,0.0,2481.76,4672,0.0
4673,1340,78,2,1377.58,0.37,1735.75,4673,0.37
4674,1340,325,4,702.14,0.0,2808.56,4674,0.0
4675,1340,31,8,745.29,0.0,5962.32,4675,0.0
4676,1340,458,2,1488.9,0.0,2977.8,4676,0.0
4677,1340,308,4,114.03,0.0,456.12,4677,0.0
4678,1341,228,2,1308.77,0.0,2617.54,4678,0.0
4679,1341,281,5,1293.46,0.0,6467.3,4679,0.0
4680,1341,381,1,1338.37,0.0,1338.37,4680,0.0
4681,1341,284,6,71.12,0.0,426.72,4681,0.0
4682,1341,371,5,354.93,0.0,1774.65,4682,0.0
4683,1341,411,6,769.07,0.0,4614.42,4683,0.0
4684,1342,244,6,926.17,0.0,5557.02,4684,0.0
4685,1342,93,6,414.82,0.0,2488.92,4685,0.0
4686,1342,342,2,1472.39,0.0,2944.78,4686,0.0
4687,1342,460,5,174.2,0.0,871.0,4687,0.0
4688,1342,366,8,844.17,0.0,6753.36,4688,0.0
4689,1342,195,8,1164.32,0.0,9314.56,4689,0.0
4690,1343,186,8,1141.68,0.0,9133.44,4690,0.0
4691,1343,169,8,953.65,0.0,7629.2,4691,0.0
4692,1344,35,8,8.14,0.0,65.12,4692,0.0
4693,1344,3,2,315.87,0.36,404.31,4693,0.36
4694,1344,192,4,823.93,0.0,3295.72,4694,0.0
4695,1344,268,1,1197.74,0.07,1113.9,4695,0.07
4696,1344,411,5,931.6,0.0,4658.0,4696,0.0
4697,1344,339,5,327.09,0.0,1635.45,4697,0.0
4703,1346,480,7,191.5,0.0,1340.5,4703,0.0
4704,1346,351,7,840.19,0.0,5881.33,4704,0.0
4705,1346,375,2,1256.67,0.0,2513.34,4705,0.0
4706,1346,486,4,34.8,0.0,139.2,4706,0.0
4707,1346,2,5,180.86,0.0,904.3,4707,0.0
4708,1347,312,2,414.5,0.28,596.88,4708,0.28
4709,1347,476,1,337.56,0.0,337.56,4709,0.0
4710,1347,268,6,1004.39,0.0,6026.34,4710,0.0
4711,1347,94,4,530.78,0.15,1804.65,4711,0.15
4712,1347,147,4,626.58,0.0,2506.32,4712,0.0
4713,1347,20,7,665.69,0.11,4147.25,4713,0.11
4714,1348,148,7,507.9,0.0,3555.3,4714,0.0
4715,1348,354,5,1201.65,0.0,6008.25,4715,0.0
4716,1348,26,8,794.5,0.0,6356.0,4716,0.0
4717,1348,486,7,843.41,0.0,5903.87,4717,0.0
4718,1349,382,2,761.7,0.0,1523.4,4718,0.0
4719,1349,442,7,1235.51,0.0,8648.57,4719,0.0
4720,1349,165,7,712.17,0.0,4985.19,4720,0.0
4721,1349,55,5,124.09,0.0,620.45,4721,0.0
4722,1349,253,3,542.51,0.0,1627.53,4722,0.0
4723,1349,244,5,810.31,0.0,4051.55,4723,0.0
4724,1350,36,1,429.7,0.0,429.7,4724,0.0
4725,1351,164,8,1044.57,0.0,8356.56,4725,0.0
4726,1351,224,2,1131.28,0.0,2262.56,4726,0.0
4727,1351,319,1,523.37,0.0,523.37,4727,0.0
4728,1351,40,4,50.68,0.0,202.72,4728,0.0
4729,1351,363,1,942.31,0.0,942.31,4729,0.0
4730,1352,413,6,1256.68,0.0,7540.08,4730,0.0
4731,1352,268,2,146.55,0.0,293.1,4731,0.0
4732,1352,409,6,312.64,0.0,1875.84,4732,0.0
4733,1353,141,7,572.45,0.0,4007.15,4733,0.0
4734,1353,27,4,1177.37,0.0,4709.48,4734,0.0
4735,1353,146,3,641.51,0.0,1924.53,4735,0.0
4736,1353,271,7,60.27,0.0,421.89,4736,0.0
4737,1353,195,5,818.42,0.06,3846.57,4737,0.06
4738,1353,272,5,597.97,0.0,2989.85,4738,0.0
4739,1354,260,1,60.98,0.0,60.98,4739,0.0
4740,1355,294,3,1399.42,0.0,4198.26,4740,0.0
4741,1356,2,8,179.61,0.0,1436.88,4741,0.0
4742,1356,461,2,465.43,0.0,930.86,4742,0.0
4743,1356,328,2,1439.73,0.0,2879.46,4743,0.0
4744,1357,356,7,1082.15,0.39,4620.78,4744,0.39
4745,1357,306,3,797.66,0.0,2392.98,4745,0.0
4746,1357,25,5,1318.35,0.0,6591.75,4746,0.0
4747,1357,35,6,606.49,0.0,3638.94,4747,0.0
4748,1357,147,6,1314.46,0.0,7886.76,4748,0.0
4749,1358,329,3,255.84,0.0,767.52,4749,0.0
4751,1360,37,1,929.42,0.0,929.42,4751,0.0
4752,1360,85,8,1043.01,0.0,8344.08,4752,0.0
4753,1360,438,1,1056.62,0.0,1056.62,4753,0.0
4754,1361,494,7,1382.1,0.0,9674.7,4754,0.0
4755,1361,196,8,1297.33,0.0,10378.64,4755,0.0
4756,1361,293,4,176.91,0.0,707.64,4756,0.0
4760,1363,209,4,478.65,0.0,1914.6,4760,0.0
4761,1363,497,4,205.08,0.35,533.21,4761,0.35
4762,1364,239,3,1396.56,0.0,4189.68,4762,0.0
4763,1365,287,5,215.35,0.0,1076.75,4763,0.0
4764,1365,379,7,938.74,0.0,6571.18,4764,0.0
4765,1365,181,3,843.91,0.0,2531.73,4765,0.0
4766,1366,80,4,666.6,0.39,1626.5,4766,0.39
4767,1367,51,5,1370.99,0.0,6854.95,4767,0.0
4768,1367,222,7,1418.61,0.0,9930.27,4768,0.0
4769,1367,353,5,229.36,0.36,733.95,4769,0.36
4770,1367,215,6,1360.46,0.26,6040.44,4770,0.26
4771,1367,128,4,367.93,0.0,1471.72,4771,0.0
4772,1367,252,3,848.97,0.0,2546.91,4772,0.0
4773,1368,273,4,282.72,0.0,1130.88,4773,0.0
4774,1368,152,8,742.57,0.0,5940.56,4774,0.0
4775,1368,13,5,436.54,0.0,2182.7,4775,0.0
4776,1369,389,5,162.19,0.13,705.53,4776,0.13
4777,1369,410,8,76.38,0.0,611.04,4777,0.0
4778,1370,286,3,1487.2,0.0,4461.6,4778,0.0
4779,1370,244,6,503.8,0.0,3022.8,4779,0.0
4780,1370,73,4,1247.24,0.0,4988.96,4780,0.0
4781,1370,324,2,207.63,0.0,415.26,4781,0.0
4782,1371,289,5,673.23,0.0,3366.15,4782,0.0
4783,1371,53,2,852.27,0.0,1704.54,4783,0.0
4784,1371,438,2,908.18,0.0,1816.36,4784,0.0
4785,1371,221,3,406.79,0.0,1220.37,4785,0.0
4786,1371,469,4,1025.72,0.0,4102.88,4786,0.0
4787,1372,277,4,1300.86,0.27,3798.51,4787,0.27
4788,1372,195,1,509.99,0.2,407.99,4788,0.2
4789,1372,483,6,984.74,0.0,5908.44,4789,0.0
4790,1373,357,5,1222.36,0.0,6111.8,4790,0.0
4791,1374,206,2,807.29,0.0,1614.58,4791,0.0
4792,1374,412,2,1235.7,0.0,2471.4,4792,0.0
4793,1374,137,7,208.75,0.07,1358.96,4793,0.07
4794,1374,416,7,355.84,0.0,2490.88,4794,0.0
4795,1374,52,8,1067.66,0.2,6833.02,4795,0.2
4796,1375,311,1,724.29,0.23,557.7,4796,0.23
4797,1375,42,7,1310.82,0.0,9175.74,4797,0.0
4798,1375,443,2,157.43,0.0,314.86,4798,0.0
4799,1375,359,4,1310.33,0.0,5241.32,4799,0.0
4800,1376,460,7,622.05,0.23,3352.85,4800,0.23
4801,1377,154,7,1055.84,0.0,7390.88,4801,0.0
4802,1377,488,3,18.62,0.0,55.86,4802,0.0
4803,1377,412,2,963.77,0.0,1927.54,4803,0.0
4804,1377,432,7,778.76,0.0,5451.32,4804,0.0
4805,1377,412,1,598.83,0.0,598.83,4805,0.0
4806,1378,185,4,245.17,0.0,980.68,4806,0.0
4807,1378,166,6,1151.13,0.13,6008.9,4807,0.13
4808,1378,483,5,730.37,0.0,3651.85,4808,0.0
4809,1378,395,7,534.95,0.33,2508.92,4809,0.33
4810,1378,389,1,682.17,0.0,682.17,4810,0.0
4811,1379,444,3,766.74,0.0,2300.22,4811,0.0
4812,1379,294,1,504.7,0.0,504.7,4812,0.0
4813,1380,220,8,796.01,0.0,6368.08,4813,0.0
4814,1380,482,4,559.75,0.2,1791.2,4814,0.2
4815,1380,199,6,687.81,0.39,2517.38,4815,0.39
4816,1380,332,3,879.36,0.22,2057.7,4816,0.22
4817,1380,185,5,1123.12,0.0,5615.6,4817,0.0
4818,1381,52,2,1188.63,0.0,2377.26,4818,0.0
4819,1381,88,7,52.94,0.0,370.58,4819,0.0
4821,1382,285,1,806.36,0.0,806.36,4821,0.0
4822,1383,207,6,211.57,0.0,1269.42,4822,0.0
4823,1383,67,7,780.13,0.0,5460.91,4823,0.0
4825,1384,178,2,933.53,0.0,1867.06,4825,0.0
4826,1384,318,8,995.72,0.0,7965.76,4826,0.0
4827,1384,206,4,284.38,0.0,1137.52,4827,0.0
4828,1384,366,2,628.72,0.0,1257.44,4828,0.0
4829,1385,464,5,174.35,0.0,871.75,4829,0.0
4830,1385,166,8,771.96,0.0,6175.68,4830,0.0
4831,1385,410,4,1300.9,0.0,5203.6,4831,0.0
4832,1385,126,3,360.67,0.0,1082.01,4832,0.0
4833,1385,263,8,162.9,0.0,1303.2,4833,0.0
4834,1386,391,2,827.85,0.0,1655.7,4834,0.0
4835,1386,333,6,625.19,0.0,3751.14,4835,0.0
4836,1387,275,2,1110.0,0.0,2220.0,4836,0.0
4837,1387,146,4,61.04,0.0,244.16,4837,0.0
4838,1387,3,1,853.69,0.0,853.69,4838,0.0
4839,1387,437,1,907.12,0.0,907.12,4839,0.0
4840,1388,393,4,1417.72,0.0,5670.88,4840,0.0
4842,1389,373,8,854.09,0.0,6832.72,4842,0.0
4843,1389,226,3,133.6,0.0,400.8,4843,0.0
4844,1389,209,8,1091.0,0.0,8728.0,4844,0.0
4854,1392,286,1,1485.67,0.0,1485.67,4854,0.0
4855,1392,77,3,847.24,0.35,1652.12,4855,0.35
4856,1392,36,8,590.57,0.0,4724.56,4856,0.0
4857,1392,418,8,1184.38,0.0,9475.04,4857,0.0
4858,1392,228,7,669.27,0.0,4684.89,4858,0.0
4859,1393,108,3,1204.08,0.0,3612.24,4859,0.0
4864,1395,169,4,748.86,0.0,2995.44,4864,0.0
4865,1395,331,5,1250.77,0.0,6253.85,4865,0.0
4866,1395,247,1,338.24,0.0,338.24,4866,0.0
4867,1395,417,2,70.15,0.0,140.3,4867,0.0
4868,1396,465,5,1452.96,0.0,7264.8,4868,0.0
4869,1396,140,4,787.6,0.0,3150.4,4869,0.0
4870,1397,10,5,797.51,0.0,3987.55,4870,0.0
4871,1397,29,3,756.71,0.0,2270.13,4871,0.0
4872,1397,89,3,1318.67,0.26,2927.45,4872,0.26
4876,1399,226,6,382.35,0.0,2294.1,4876,0.0
4877,1399,427,6,1299.39,0.0,7796.34,4877,0.0
4878,1399,11,4,1320.16,0.0,5280.64,4878,0.0
4879,1400,429,7,1099.59,0.0,7697.13,4879,0.0
4880,1400,427,8,1457.94,0.0,11663.52,4880,0.0
4881,1400,322,3,533.89,0.0,1601.67,4881,0.0
4882,1400,435,8,1010.76,0.1,7277.47,4882,0.1
4883,1401,176,4,449.28,0.0,1797.12,4883,0.0
4884,1401,408,3,1413.02,0.0,4239.06,4884,0.0
4885,1401,195,5,663.64,0.0,3318.2,4885,0.0
4886,1401,105,5,371.65,0.0,1858.25,4886,0.0
4887,1402,476,8,369.84,0.38,1834.41,4887,0.38
4888,1402,191,5,1063.63,0.0,5318.15,4888,0.0
4889,1403,61,4,558.54,0.0,2234.16,4889,0.0
4890,1404,496,6,950.48,0.0,5702.88,4890,0.0
4891,1404,165,6,1171.19,0.0,7027.14,4891,0.0
4892,1404,142,6,1318.54,0.0,7911.24,4892,0.0
4893,1404,493,4,1296.4,0.0,5185.6,4893,0.0
4894,1404,39,5,1428.31,0.0,7141.55,4894,0.0
4895,1405,305,6,905.62,0.0,5433.72,4895,0.0
4896,1405,399,2,546.18,0.0,1092.36,4896,0.0
4897,1405,278,4,1028.31,0.0,4113.24,4897,0.0
4898,1405,260,8,449.31,0.0,3594.48,4898,0.0
4899,1405,209,8,828.58,0.0,6628.64,4899,0.0
4900,1405,32,4,944.26,0.0,3777.04,4900,0.0
4905,1407,222,7,1232.17,0.05,8193.93,4905,0.05
4906,1407,143,6,825.96,0.0,4955.76,4906,0.0
4907,1407,393,4,1453.22,0.0,5812.88,4907,0.0
4908,1408,10,6,471.95,0.1,2548.53,4908,0.1
4909,1408,288,8,60.27,0.0,482.16,4909,0.0
4910,1408,228,8,1015.21,0.0,8121.68,4910,0.0
4911,1408,280,2,1195.96,0.0,2391.92,4911,0.0
4912,1408,278,7,711.08,0.0,4977.56,4912,0.0
4913,1409,111,3,1258.77,0.0,3776.31,4913,0.0
4914,1409,326,3,1184.96,0.0,3554.88,4914,0.0
4915,1409,128,1,609.14,0.0,609.14,4915,0.0
4916,1409,377,3,566.12,0.0,1698.36,4916,0.0
4923,1411,27,5,977.49,0.0,4887.45,4923,0.0
4924,1411,350,5,1487.46,0.17,6172.96,4924,0.17
4925,1411,47,6,570.97,0.0,3425.82,4925,0.0
4926,1412,377,7,689.98,0.21,3815.59,4926,0.21
4927,1413,410,8,460.39,0.0,3683.12,4927,0.0
4928,1413,48,8,65.35,0.0,522.8,4928,0.0
4929,1413,344,3,1345.83,0.0,4037.49,4929,0.0
4930,1413,413,5,325.94,0.34,1075.6,4930,0.34
4931,1413,78,7,968.75,0.0,6781.25,4931,0.0
4932,1413,194,7,1258.44,0.0,8809.08,4932,0.0
4933,1414,56,2,1011.51,0.0,2023.02,4933,0.0
4934,1415,497,5,53.71,0.0,268.55,4934,0.0
4935,1416,183,8,265.94,0.0,2127.52,4935,0.0
4936,1416,229,3,978.58,0.0,2935.74,4936,0.0
4937,1416,90,8,44.7,0.0,357.6,4937,0.0
4938,1416,190,5,997.76,0.0,4988.8,4938,0.0
4939,1417,168,5,1107.83,0.0,5539.15,4939,0.0
4940,1418,12,6,83.88,0.0,503.28,4940,0.0
4941,1419,389,5,118.57,0.0,592.85,4941,0.0
4948,1421,373,2,231.29,0.0,462.58,4948,0.0
4949,1421,29,5,1194.78,0.0,5973.9,4949,0.0
4950,1421,433,4,1352.2,0.0,5408.8,4950,0.0
4951,1421,436,8,446.73,0.0,3573.84,4951,0.0
4952,1422,61,3,148.27,0.0,444.81,4952,0.0
4953,1422,308,6,823.2,0.0,4939.2,4953,0.0
4954,1423,320,3,1342.88,0.0,4028.64,4954,0.0
4955,1423,353,6,32.4,0.0,194.4,4955,0.0
4956,1423,53,3,481.64,0.0,1444.92,4956,0.0
4960,1425,200,3,394.23,0.0,1182.69,4960,0.0
4961,1425,95,7,922.29,0.0,6456.03,4961,0.0
4962,1425,256,7,1068.49,0.0,7479.43,4962,0.0
4964,1426,311,6,1282.85,0.0,7697.1,4964,0.0
4965,1426,177,2,967.73,0.0,1935.46,4965,0.0
4966,1426,468,8,997.96,0.0,7983.68,4966,0.0
4967,1427,288,1,1013.07,0.0,1013.07,4967,0.0
4968,1427,443,3,859.28,0.0,2577.84,4968,0.0
4969,1427,435,2,1288.11,0.0,2576.22,4969,0.0
4970,1427,499,3,1302.97,0.0,3908.91,4970,0.0
4971,1428,184,4,1202.09,0.0,4808.36,4971,0.0
4972,1428,284,6,192.27,0.0,1153.62,4972,0.0
4973,1428,371,1,1392.78,0.0,1392.78,4973,0.0
4974,1429,74,2,1227.06,0.0,2454.12,4974,0.0
4975,1430,325,3,582.99,0.0,1748.97,4975,0.0
4976,1430,363,1,1349.62,0.0,1349.62,4976,0.0
4977,1430,459,1,1156.96,0.13,1006.56,4977,0.13
4978,1430,232,2,138.82,0.0,277.64,4978,0.0
4979,1430,115,1,1029.68,0.0,1029.68,4979,0.0
4980,1431,414,5,270.03,0.0,1350.15,4980,0.0
4981,1431,402,5,946.23,0.0,4731.15,4981,0.0
4982,1431,262,4,709.91,0.0,2839.64,4982,0.0
4987,1433,284,2,911.59,0.0,1823.18,4987,0.0
4990,1435,134,8,551.08,0.0,4408.64,4990,0.0
4991,1435,392,1,1397.36,0.0,1397.36,4991,0.0
4992,1435,44,6,627.74,0.0,3766.44,4992,0.0
4993,1435,470,1,824.96,0.0,824.96,4993,0.0
4994,1435,494,1,1084.38,0.38,672.32,4994,0.38
4996,1436,377,3,836.14,0.0,2508.42,4996,0.0
4997,1436,290,6,1397.16,0.0,8382.96,4997,0.0
4998,1436,343,1,786.83,0.0,786.83,4998,0.0
4999,1436,463,6,283.73,0.0,1702.38,4999,0.0
5000,1436,394,3,234.05,0.0,702.15,5000,0.0
5001,1436,326,5,1360.47,0.0,6802.35,5001,0.0
5002,1437,443,8,423.0,0.0,3384.0,5002,0.0
5003,1437,205,4,1109.16,0.0,4436.64,5003,0.0
5004,1437,145,4,796.39,0.26,2357.31,5004,0.26
5005,1437,162,6,560.67,0.0,3364.02,5005,0.0
5006,1438,241,1,922.68,0.3,645.88,5006,0.3
5007,1438,59,7,681.86,0.0,4773.02,5007,0.0
5008,1438,41,5,1141.66,0.0,5708.3,5008,0.0
5009,1438,400,8,569.26,0.0,4554.08,5009,0.0
5010,1438,333,6,571.13,0.0,3426.78,5010,0.0
5011,1439,202,2,353.87,0.0,707.74,5011,0.0
5012,1439,396,6,95.91,0.0,575.46,5012,0.0
5013,1440,321,2,1433.51,0.0,2867.02,5013,0.0
5014,1440,229,4,462.15,0.0,1848.6,5014,0.0
5015,1440,477,7,742.84,0.0,5199.88,5015,0.0
5016,1440,165,1,439.7,0.0,439.7,5016,0.0
5017,1440,447,2,448.6,0.0,897.2,5017,0.0
5018,1440,394,2,1368.61,0.0,2737.22,5018,0.0
5019,1441,418,1,469.57,0.25,352.18,5019,0.25
5020,1441,447,1,1215.15,0.0,1215.15,5020,0.0
5021,1442,76,4,952.48,0.0,3809.92,5021,0.0
5022,1442,132,3,821.81,0.0,2465.43,5022,0.0
5023,1442,49,3,595.51,0.0,1786.53,5023,0.0
5024,1442,354,6,338.32,0.0,2029.92,5024,0.0
5025,1442,362,7,941.89,0.0,6593.23,5025,0.0
5026,1442,468,2,200.43,0.0,400.86,5026,0.0
5027,1443,160,4,94.33,0.0,377.32,5027,0.0
5028,1444,16,8,521.44,0.0,4171.52,5028,0.0
5029,1444,360,4,651.93,0.0,2607.72,5029,0.0
5030,1444,380,5,1087.06,0.0,5435.3,5030,0.0
5032,1446,306,8,1317.84,0.0,10542.72,5032,0.0
5033,1446,427,4,617.48,0.0,2469.92,5033,0.0
5034,1446,402,1,1171.26,0.18,960.43,5034,0.18
5035,1447,464,4,448.4,0.0,1793.6,5035,0.0
5036,1447,196,2,143.16,0.0,286.32,5036,0.0
5037,1447,196,6,1391.5,0.12,7347.12,5037,0.12
5038,1447,314,3,345.66,0.0,1036.98,5038,0.0
5039,1448,387,1,309.03,0.0,309.03,5039,0.0
5040,1448,135,2,366.34,0.0,732.68,5040,0.0
5041,1448,139,5,1329.77,0.0,6648.85,5041,0.0
5042,1448,388,2,570.54,0.0,1141.08,5042,0.0
5043,1449,471,8,321.34,0.0,2570.72,5043,0.0
5044,1449,98,4,329.08,0.0,1316.32,5044,0.0
5045,1449,297,8,727.98,0.0,5823.84,5045,0.0
5046,1449,350,7,173.74,0.0,1216.18,5046,0.0
5047,1450,355,5,865.38,0.0,4326.9,5047,0.0
5048,1450,310,5,613.34,0.0,3066.7,5048,0.0
5049,1450,74,7,1052.9,0.35,4790.7,5049,0.35
5050,1451,188,4,1094.55,0.0,4378.2,5050,0.0
5051,1451,208,1,726.43,0.0,726.43,5051,0.0
5052,1451,200,5,337.17,0.0,1685.85,5052,0.0
5053,1452,66,3,813.67,0.0,2441.01,5053,0.0
5054,1452,63,1,446.26,0.0,446.26,5054,0.0
5055,1452,371,5,182.26,0.0,911.3,5055,0.0
5056,1452,323,2,477.16,0.35,620.31,5056,0.35
5057,1452,91,5,558.06,0.0,2790.3,5057,0.0
5058,1452,281,7,48.89,0.0,342.23,5058,0.0
5059,1453,263,2,166.5,0.0,333.0,5059,0.0
5060,1453,266,3,471.74,0.0,1415.22,5060,0.0
5061,1453,328,7,462.57,0.0,3237.99,5061,0.0
5062,1453,115,3,845.72,0.0,2537.16,5062,0.0
5063,1454,451,5,1244.88,0.0,6224.4,5063,0.0
5064,1455,376,5,566.76,0.0,2833.8,5064,0.0
5065,1455,136,6,722.4,0.0,4334.4,5065,0.0
5066,1455,65,3,1092.57,0.0,3277.71,5066,0.0
5067,1455,477,4,714.9,0.0,2859.6,5067,0.0
5071,1458,78,5,499.1,0.0,2495.5,5071,0.0
5072,1458,79,1,893.26,0.0,893.26,5072,0.0
5073,1458,431,2,43.28,0.0,86.56,5073,0.0
5074,1459,365,5,298.62,0.0,1493.1,5074,0.0
5075,1460,277,2,419.09,0.0,838.18,5075,0.0
5076,1461,244,6,1201.6,0.0,7209.6,5076,0.0
5077,1461,337,4,343.48,0.0,1373.92,5077,0.0
5078,1461,191,2,268.13,0.0,536.26,5078,0.0
5079,1461,260,1,407.54,0.0,407.54,5079,0.0
5080,1461,456,7,92.46,0.08,595.44,5080,0.08
5082,1463,199,1,1105.49,0.0,1105.49,5082,0.0
5083,1463,37,3,890.61,0.14,2297.77,5083,0.14
5084,1463,266,4,745.62,0.0,2982.48,5084,0.0
5085,1463,436,2,1240.51,0.0,2481.02,5085,0.0
5086,1463,151,6,567.02,0.0,3402.12,5086,0.0
5087,1464,347,3,1433.3,0.0,4299.9,5087,0.0
5088,1464,85,5,263.79,0.0,1318.95,5088,0.0
5089,1464,422,7,844.02,0.0,5908.14,5089,0.0
5090,1464,451,2,816.86,0.0,1633.72,5090,0.0
5091,1464,66,5,83.09,0.0,415.45,5091,0.0
5092,1464,118,5,614.97,0.0,3074.85,5092,0.0
5093,1465,209,6,1340.44,0.0,8042.64,5093,0.0
5094,1465,320,3,675.34,0.18,1661.34,5094,0.18
5098,1467,198,3,1038.22,0.0,3114.66,5098,0.0
5099,1467,53,7,1125.5,0.17,6539.16,5099,0.17
5103,1469,478,1,233.65,0.0,233.65,5103,0.0
5104,1470,420,7,1086.48,0.0,7605.36,5104,0.0
5105,1470,29,4,47.49,0.0,189.96,5105,0.0
5106,1470,394,3,20.25,0.35,39.49,5106,0.35
5107,1470,116,6,1382.92,0.0,8297.52,5107,0.0
5108,1470,159,4,358.67,0.0,1434.68,5108,0.0
5109,1471,169,1,286.17,0.0,286.17,5109,0.0
5110,1471,339,6,127.34,0.0,764.04,5110,0.0
5111,1471,44,5,1268.77,0.0,6343.85,5111,0.0
5112,1471,217,4,1424.25,0.0,5697.0,5112,0.0
5113,1471,72,1,775.62,0.0,775.62,5113,0.0
5114,1472,21,5,550.13,0.0,2750.65,5114,0.0
5115,1472,410,1,540.9,0.0,540.9,5115,0.0
5116,1472,99,5,339.17,0.0,1695.85,5116,0.0
5117,1473,163,2,624.13,0.0,1248.26,5117,0.0
5119,1474,322,1,638.11,0.0,638.11,5119,0.0
5120,1474,100,6,1249.64,0.0,7497.84,5120,0.0
5121,1474,442,2,389.41,0.0,778.82,5121,0.0
5122,1474,163,5,631.94,0.0,3159.7,5122,0.0
5123,1474,54,5,872.14,0.0,4360.7,5123,0.0
5124,1475,148,6,166.22,0.25,747.99,5124,0.25
5125,1476,23,1,549.45,0.0,549.45,5125,0.0
5126,1476,314,7,767.24,0.0,5370.68,5126,0.0
5127,1476,213,2,350.89,0.0,701.78,5127,0.0
5128,1476,279,1,1284.7,0.0,1284.7,5128,0.0
5129,1476,327,2,161.38,0.0,322.76,5129,0.0
5130,1476,302,1,883.51,0.0,883.51,5130,0.0
5131,1477,214,5,33.39,0.0,166.95,5131,0.0
5132,1478,278,2,1314.2,0.0,2628.4,5132,0.0
5133,1478,117,6,109.53,0.0,657.18,5133,0.0
5134,1478,327,1,1467.98,0.0,1467.98,5134,0.0
5135,1479,184,1,1004.98,0.0,1004.98,5135,0.0
5136,1479,163,5,1137.53,0.15,4834.5,5136,0.15
5137,1479,106,4,774.57,0.08,2850.42,5137,0.08
5138,1480,276,8,1152.6,0.0,9220.8,5138,0.0
5140,1480,73,7,202.07,0.0,1414.49,5140,0.0
5142,1481,279,2,140.37,0.0,280.74,5142,0.0
5143,1481,22,3,815.22,0.0,2445.66,5143,0.0
5144,1481,306,7,694.48,0.0,4861.36,5144,0.0
5145,1482,97,5,518.38,0.0,2591.9,5145,0.0
5146,1482,126,3,236.04,0.0,708.12,5146,0.0
5147,1482,34,2,1180.06,0.0,2360.12,5147,0.0
5148,1482,135,7,534.6,0.27,2731.81,5148,0.27
5149,1482,103,1,1014.9,0.0,1014.9,5149,0.0
5150,1483,190,1,1264.55,0.0,1264.55,5150,0.0
5151,1483,189,8,1048.42,0.0,8387.36,5151,0.0
5152,1483,163,1,1411.88,0.0,1411.88,5152,0.0
5153,1483,51,7,601.15,0.0,4208.05,5153,0.0
5154,1483,408,5,202.74,0.0,1013.7,5154,0.0
5155,1484,348,7,1089.89,0.0,7629.23,5155,0.0
5156,1484,46,1,72.75,0.0,72.75,5156,0.0
5157,1484,318,1,824.81,0.0,824.81,5157,0.0
5158,1484,172,7,181.89,0.0,1273.23,5158,0.0
5159,1484,159,1,318.75,0.0,318.75,5159,0.0
5160,1484,141,2,317.02,0.0,634.04,5160,0.0
5161,1485,100,8,907.49,0.0,7259.92,5161,0.0
5162,1485,258,6,305.68,0.0,1834.08,5162,0.0
5163,1485,440,2,1200.82,0.0,2401.64,5163,0.0
5164,1485,350,8,32.58,0.0,260.64,5164,0.0
5165,1486,59,5,854.42,0.0,4272.1,5165,0.0
5166,1487,239,3,705.42,0.35,1375.57,5166,0.35
5167,1487,398,6,964.74,0.0,5788.44,5167,0.0
5168,1487,496,5,1247.85,0.0,6239.25,5168,0.0
5169,1488,350,6,973.22,0.0,5839.32,5169,0.0
5170,1488,159,5,261.39,0.0,1306.95,5170,0.0
5171,1488,294,1,751.55,0.0,751.55,5171,0.0
5172,1488,160,3,53.85,0.0,161.55,5172,0.0
5173,1488,211,7,1215.34,0.15,7231.27,5173,0.15
5174,1489,478,8,1298.68,0.0,10389.44,5174,0.0
5175,1489,226,7,140.44,0.0,983.08,5175,0.0
5176,1489,496,1,1223.86,0.0,1223.86,5176,0.0
5177,1489,482,3,472.13,0.0,1416.39,5177,0.0
5178,1490,174,5,999.05,0.0,4995.25,5178,0.0
5179,1490,197,6,421.46,0.0,2528.76,5179,0.0
5180,1490,344,7,867.81,0.0,6074.67,5180,0.0
5181,1490,154,3,1401.89,0.0,4205.67,5181,0.0
5182,1491,493,7,1320.77,0.25,6934.04,5182,0.25
5183,1491,186,8,927.32,0.0,7418.56,5183,0.0
5184,1492,78,4,569.79,0.0,2279.16,5184,0.0
5185,1492,297,5,561.65,0.0,2808.25,5185,0.0
5186,1492,111,2,1396.44,0.0,2792.88,5186,0.0
5187,1492,24,4,114.78,0.0,459.12,5187,0.0
5188,1493,271,7,278.26,0.0,1947.82,5188,0.0
5189,1493,263,1,1063.55,0.0,1063.55,5189,0.0
5190,1493,145,8,170.81,0.0,1366.48,5190,0.0
5191,1493,117,3,1174.15,0.0,3522.45,5191,0.0
5192,1493,167,8,531.51,0.0,4252.08,5192,0.0
5193,1493,331,5,1395.75,0.0,6978.75,5193,0.0
5194,1494,112,6,420.95,0.0,2525.7,5194,0.0
5195,1494,474,8,369.05,0.0,2952.4,5195,0.0
5196,1494,450,6,777.72,0.0,4666.32,5196,0.0
5197,1494,328,4,1334.8,0.0,5339.2,5197,0.0
5198,1494,93,7,673.17,0.0,4712.19,5198,0.0
5199,1495,132,8,984.84,0.0,7878.72,5199,0.0
5200,1495,33,8,222.67,0.0,1781.36,5200,0.0
5201,1495,463,5,184.43,0.25,691.61,5201,0.25
5202,1495,11,1,1383.47,0.0,1383.47,5202,0.0
5203,1495,468,4,582.65,0.0,2330.6,5203,0.0
5204,1496,468,4,185.46,0.1,667.66,5204,0.1
5205,1496,403,3,1365.35,0.0,4096.05,5205,0.0
5206,1496,218,6,857.18,0.0,5143.08,5206,0.0
5207,1497,174,8,632.08,0.0,5056.64,5207,0.0
5208,1497,150,5,1331.13,0.0,6655.65,5208,0.0
5209,1497,360,5,109.41,0.0,547.05,5209,0.0
5210,1497,141,6,421.62,0.0,2529.72,5210,0.0
5211,1498,404,5,322.4,0.0,1612.0,5211,0.0
5212,1498,500,1,415.55,0.0,415.55,5212,0.0
5214,1500,397,7,290.16,0.0,2031.12,5214,0.0
5215,1500,95,6,881.8,0.3,3703.56,5215,0.3
5216,1500,293,6,152.83,0.21,724.41,5216,0.21
5217,1501,282,8,761.8,0.0,6094.4,5217,0.0
5218,1501,497,3,1352.9,0.0,4058.7,5218,0.0
5219,1501,362,1,1064.7,0.0,1064.7,5219,0.0
5220,1501,309,3,517.52,0.0,1552.56,5220,0.0
5221,1501,392,7,710.69,0.0,4974.83,5221,0.0
5222,1502,52,5,1439.54,0.15,6118.04,5222,0.15
5223,1502,165,1,217.06,0.0,217.06,5223,0.0
5224,1502,439,6,47.9,0.0,287.4,5224,0.0
5225,1502,243,5,360.93,0.0,1804.65,5225,0.0
5226,1502,338,3,573.32,0.0,1719.96,5226,0.0
5227,1502,287,2,479.25,0.0,958.5,5227,0.0
5228,1503,196,7,163.24,0.0,1142.68,5228,0.0
5229,1503,178,6,82.29,0.0,493.74,5229,0.0
5230,1503,41,1,308.81,0.37,194.55,5230,0.37
5231,1503,115,7,248.33,0.0,1738.31,5231,0.0
5232,1504,286,8,531.36,0.2,3400.7,5232,0.2
5234,1505,194,3,1190.92,0.0,3572.76,5234,0.0
5235,1505,456,4,380.27,0.0,1521.08,5235,0.0
5236,1505,290,2,777.44,0.0,1554.88,5236,0.0
5237,1505,433,4,685.07,0.0,2740.28,5237,0.0
5238,1505,483,7,788.72,0.0,5521.04,5238,0.0
5242,1507,285,1,225.77,0.0,225.77,5242,0.0
5243,1507,259,4,775.4,0.0,3101.6,5243,0.0
5244,1507,240,6,393.41,0.0,2360.46,5244,0.0
5245,1507,371,1,1329.87,0.0,1329.87,5245,0.0
5246,1507,191,1,1482.25,0.0,1482.25,5246,0.0
5247,1508,48,1,191.53,0.35,124.49,5247,0.35
5248,1508,233,4,673.46,0.23,2074.26,5248,0.23
5249,1508,200,5,1196.58,0.0,5982.9,5249,0.0
5250,1509,381,1,1394.14,0.0,1394.14,5250,0.0
5251,1509,465,3,803.74,0.0,2411.22,5251,0.0
5252,1509,5,2,24.33,0.0,48.66,5252,0.0
5259,1511,65,3,1226.2,0.0,3678.6,5259,0.0
5262,1513,37,5,278.72,0.0,1393.6,5262,0.0
5263,1513,373,7,301.82,0.0,2112.74,5263,0.0
5264,1513,254,4,1020.34,0.0,4081.36,5264,0.0
5265,1513,157,6,199.7,0.0,1198.2,5265,0.0
5266,1514,171,1,1228.77,0.0,1228.77,5266,0.0
5268,1514,456,5,841.44,0.08,3870.62,5268,0.08
5269,1514,131,5,594.53,0.0,2972.65,5269,0.0
5270,1514,250,3,1400.4,0.0,4201.2,5270,0.0
5271,1515,200,7,880.2,0.0,6161.4,5271,0.0
5272,1515,216,8,388.16,0.0,3105.28,5272,0.0
5273,1515,349,1,898.08,0.0,898.08,5273,0.0
5274,1516,158,5,701.54,0.0,3507.7,5274,0.0
5275,1517,145,2,1458.19,0.34,1924.81,5275,0.34
5276,1517,166,7,1192.46,0.0,8347.22,5276,0.0
5277,1517,285,2,976.26,0.0,1952.52,5277,0.0
5278,1517,132,8,432.72,0.0,3461.76,5278,0.0
5279,1518,53,4,1332.48,0.0,5329.92,5279,0.0
5280,1519,494,3,310.47,0.0,931.41,5280,0.0
5281,1520,369,3,1217.15,0.0,3651.45,5281,0.0
5282,1520,439,6,1404.14,0.25,6318.63,5282,0.25
5283,1520,33,7,57.35,0.0,401.45,5283,0.0
5284,1520,497,1,232.6,0.0,232.6,5284,0.0
5285,1520,448,6,1474.23,0.0,8845.38,5285,0.0
5286,1520,141,5,953.45,0.0,4767.25,5286,0.0
5287,1521,59,8,1125.53,0.0,9004.24,5287,0.0
5288,1522,120,2,1411.82,0.0,2823.64,5288,0.0
5289,1523,463,3,641.11,0.0,1923.33,5289,0.0
5290,1523,249,8,405.3,0.0,3242.4,5290,0.0
5291,1523,470,8,378.33,0.34,1997.58,5291,0.34
5292,1523,375,8,1269.42,0.0,10155.36,5292,0.0
5293,1523,34,8,885.43,0.33,4745.9,5293,0.33
5294,1523,73,7,878.06,0.0,6146.42,5294,0.0
5297,1525,290,6,537.44,0.0,3224.64,5297,0.0
5298,1526,266,4,877.49,0.16,2948.37,5298,0.16
5299,1526,446,2,756.47,0.0,1512.94,5299,0.0
5300,1526,91,6,445.3,0.0,2671.8,5300,0.0
5301,1527,343,5,849.22,0.0,4246.1,5301,0.0
5302,1527,17,5,449.24,0.0,2246.2,5302,0.0
5303,1527,433,7,230.75,0.0,1615.25,5303,0.0
5304,1527,479,3,1316.41,0.0,3949.23,5304,0.0
5305,1528,94,1,1142.51,0.0,1142.51,5305,0.0
5306,1529,460,6,31.6,0.0,189.6,5306,0.0
5307,1529,270,7,1202.48,0.24,6397.19,5307,0.24
5308,1530,401,7,376.3,0.0,2634.1,5308,0.0
5309,1530,187,2,13.39,0.1,24.1,5309,0.1
5310,1530,489,3,986.98,0.0,2960.94,5310,0.0
5311,1530,376,4,1245.28,0.0,4981.12,5311,0.0
5312,1531,81,2,971.47,0.0,1942.94,5312,0.0
5314,1532,271,6,1333.01,0.0,7998.06,5314,0.0
5315,1532,456,4,383.01,0.0,1532.04,5315,0.0
5316,1532,114,3,1261.48,0.0,3784.44,5316,0.0
5318,1532,466,3,573.12,0.0,1719.36,5318,0.0
5319,1533,310,3,1127.85,0.0,3383.55,5319,0.0
5320,1533,286,7,250.45,0.37,1104.48,5320,0.37
5321,1533,287,7,345.27,0.0,2416.89,5321,0.0
5322,1534,60,2,433.32,0.0,866.64,5322,0.0
5323,1534,70,5,441.26,0.0,2206.3,5323,0.0
5324,1535,372,5,706.48,0.0,3532.4,5324,0.0
5325,1535,480,7,36.19,0.0,253.33,5325,0.0
5326,1536,458,4,194.52,0.0,778.08,5326,0.0
5327,1536,109,8,992.37,0.0,7938.96,5327,0.0
5328,1536,343,7,377.7,0.0,2643.9,5328,0.0
5329,1536,182,2,286.56,0.0,573.12,5329,0.0
5330,1537,311,1,501.71,0.0,501.71,5330,0.0
5331,1537,391,4,31.71,0.0,126.84,5331,0.0
5332,1537,287,3,951.9,0.31,1970.43,5332,0.31
5334,1538,306,4,970.28,0.1,3493.01,5334,0.1
5335,1538,90,7,295.84,0.0,2070.88,5335,0.0
5336,1538,393,5,30.24,0.0,151.2,5336,0.0
5337,1538,166,2,1433.41,0.0,2866.82,5337,0.0
5338,1538,238,4,550.79,0.0,2203.16,5338,0.0
5339,1539,281,6,1458.23,0.0,8749.38,5339,0.0
5340,1539,242,4,606.16,0.0,2424.64,5340,0.0
5341,1540,74,4,542.2,0.0,2168.8,5341,0.0
5342,1540,157,2,944.16,0.0,1888.32,5342,0.0
5343,1540,217,1,839.38,0.09,763.84,5343,0.09
5344,1541,220,4,1488.8,0.0,5955.2,5344,0.0
5345,1541,111,7,1419.8,0.0,9938.6,5345,0.0
5346,1542,429,7,1211.31,0.0,8479.17,5346,0.0
5348,1542,318,5,1289.49,0.0,6447.45,5348,0.0
5349,1542,53,2,250.9,0.0,501.8,5349,0.0
5350,1542,79,1,836.96,0.0,836.96,5350,0.0
5351,1543,219,3,1310.01,0.12,3458.43,5351,0.12
5352,1543,16,5,1337.83,0.0,6689.15,5352,0.0
5353,1543,468,2,1381.72,0.0,2763.44,5353,0.0
5354,1543,433,8,917.68,0.0,7341.44,5354,0.0
5355,1543,214,1,1300.69,0.0,1300.69,5355,0.0
5356,1543,451,4,1016.69,0.0,4066.76,5356,0.0
5357,1544,19,5,478.62,0.0,2393.1,5357,0.0
5358,1544,458,1,759.86,0.0,759.86,5358,0.0
5359,1544,206,1,679.99,0.33,455.59,5359,0.33
5360,1545,92,2,369.23,0.0,738.46,5360,0.0
5361,1545,332,8,1175.85,0.0,9406.8,5361,0.0
5362,1545,279,7,1384.62,0.0,9692.34,5362,0.0
5363,1545,152,1,173.09,0.0,173.09,5363,0.0
5364,1545,398,6,563.23,0.34,2230.39,5364,0.34
5365,1545,397,5,1131.63,0.0,5658.15,5365,0.0
5366,1546,229,3,388.97,0.0,1166.91,5366,0.0
5367,1546,449,4,681.94,0.0,2727.76,5367,0.0
5368,1546,248,3,1301.9,0.0,3905.7,5368,0.0
5369,1546,450,5,1068.21,0.0,5341.05,5369,0.0
5370,1547,271,5,716.64,0.0,3583.2,5370,0.0
5372,1547,39,4,270.8,0.0,1083.2,5372,0.0
5373,1547,229,8,58.05,0.0,464.4,5373,0.0
5374,1547,310,3,826.98,0.0,2480.94,5374,0.0
5375,1548,408,7,911.44,0.0,6380.08,5375,0.0
5376,1548,75,6,21.64,0.0,129.84,5376,0.0
5377,1548,255,3,926.09,0.0,2778.27,5377,0.0
5386,1551,100,6,10.59,0.0,63.54,5386,0.0
5387,1552,331,5,1072.52,0.09,4879.97,5387,0.09
5388,1552,346,4,785.24,0.0,3140.96,5388,0.0
5389,1552,135,7,451.48,0.26,2338.67,5389,0.26
5390,1552,304,8,851.79,0.0,6814.32,5390,0.0
5395,1555,451,4,684.67,0.0,2738.68,5395,0.0
5396,1555,286,5,365.65,0.0,1828.25,5396,0.0
5397,1555,32,2,663.7,0.0,1327.4,5397,0.0
5398,1556,33,3,466.15,0.0,1398.45,5398,0.0
5399,1556,349,3,1360.23,0.0,4080.69,5399,0.0
5400,1556,138,2,1407.77,0.0,2815.54,5400,0.0
5406,1558,3,1,1301.82,0.0,1301.82,5406,0.0
5407,1558,180,7,1030.47,0.0,7213.29,5407,0.0
5408,1558,221,7,1281.44,0.0,8970.08,5408,0.0
5409,1559,381,2,790.93,0.0,1581.86,5409,0.0
5410,1559,162,7,1391.78,0.06,9157.91,5410,0.06
5411,1559,189,7,414.52,0.0,2901.64,5411,0.0
5412,1560,357,6,1215.35,0.0,7292.1,5412,0.0
5413,1560,385,1,1230.47,0.0,1230.47,5413,0.0
5414,1560,210,8,553.12,0.1,3982.46,5414,0.1
5415,1560,438,7,458.75,0.08,2954.35,5415,0.08
5416,1561,163,5,1371.58,0.0,6857.9,5416,0.0
5417,1561,222,6,9.41,0.0,56.46,5417,0.0
5418,1562,120,7,355.02,0.0,2485.14,5418,0.0
5419,1562,199,6,1216.25,0.0,7297.5,5419,0.0
5420,1563,250,6,1121.72,0.0,6730.32,5420,0.0
5421,1563,176,6,105.82,0.0,634.92,5421,0.0
5422,1563,411,2,1278.35,0.0,2556.7,5422,0.0
5423,1563,197,6,368.33,0.0,2209.98,5423,0.0
5424,1563,54,5,106.84,0.0,534.2,5424,0.0
5426,1564,16,3,1101.97,0.34,2181.9,5426,0.34
5427,1564,214,7,258.84,0.0,1811.88,5427,0.0
5428,1565,166,4,946.59,0.0,3786.36,5428,0.0
5429,1565,230,2,1314.54,0.0,2629.08,5429,0.0
5430,1565,205,8,129.07,0.0,1032.56,5430,0.0
5431,1565,39,2,393.16,0.11,699.82,5431,0.11
5432,1566,131,7,1180.71,0.11,7355.82,5432,0.11
5433,1567,430,2,572.33,0.0,1144.66,5433,0.0
5434,1567,432,3,870.01,0.05,2479.53,5434,0.05
5435,1567,300,6,693.2,0.0,4159.2,5435,0.0
5436,1567,208,4,251.7,0.25,755.1,5436,0.25
5437,1567,38,6,1108.4,0.0,6650.4,5437,0.0
5438,1567,408,2,580.74,0.0,1161.48,5438,0.0
5439,1568,33,7,1180.39,0.0,8262.73,5439,0.0
5440,1568,128,7,8.56,0.0,59.92,5440,0.0
5441,1569,431,8,1369.88,0.0,10959.04,5441,0.0
5442,1569,104,5,1068.09,0.18,4379.17,5442,0.18
5443,1569,332,4,189.03,0.0,756.12,5443,0.0
5444,1569,177,1,997.64,0.0,997.64,5444,0.0
5445,1569,303,8,1458.69,0.0,11669.52,5445,0.0
5446,1570,215,1,555.57,0.23,427.79,5446,0.23
5447,1570,293,6,241.2,0.0,1447.2,5447,0.0
5448,1570,281,4,1002.51,0.0,4010.04,5448,0.0
5449,1570,457,8,1417.68,0.0,11341.44,5449,0.0
5450,1571,154,1,180.53,0.0,180.53,5450,0.0
5451,1571,13,6,363.25,0.0,2179.5,5451,0.0
5452,1571,464,8,55.26,0.29,313.88,5452,0.29
5453,1571,204,7,720.4,0.0,5042.8,5453,0.0
5454,1571,365,7,1263.13,0.0,8841.91,5454,0.0
5455,1571,266,5,653.46,0.0,3267.3,5455,0.0
5456,1572,205,4,167.39,0.0,669.56,5456,0.0
5457,1572,59,7,1043.48,0.15,6208.71,5457,0.15
5458,1573,293,2,177.61,0.0,355.22,5458,0.0
5459,1573,373,4,1470.69,0.0,5882.76,5459,0.0
5460,1573,305,3,620.29,0.0,1860.87,5460,0.0
5461,1573,185,8,1038.54,0.0,8308.32,5461,0.0
5462,1573,364,7,23.07,0.0,161.49,5462,0.0
5463,1573,141,7,193.31,0.0,1353.17,5463,0.0
5464,1574,235,4,192.88,0.0,771.52,5464,0.0
5465,1574,418,5,1016.65,0.0,5083.25,5465,0.0
5466,1574,426,2,770.25,0.0,1540.5,5466,0.0
5467,1574,80,3,911.51,0.0,2734.53,5467,0.0
5468,1574,240,3,285.84,0.0,857.52,5468,0.0
5469,1575,313,5,539.14,0.0,2695.7,5469,0.0
5470,1576,301,8,741.44,0.0,5931.52,5470,0.0
5471,1576,384,8,299.03,0.24,1818.1,5471,0.24
5474,1578,311,3,472.09,0.0,1416.27,5474,0.0
5475,1578,433,5,571.47,0.0,2857.35,5475,0.0
5476,1578,173,8,826.75,0.0,6614.0,5476,0.0
5477,1579,200,7,219.99,0.0,1539.93,5477,0.0
5478,1579,353,1,1110.02,0.0,1110.02,5478,0.0
5479,1579,155,4,1129.24,0.0,4516.96,5479,0.0
5480,1579,254,6,52.08,0.0,312.48,5480,0.0
5481,1580,295,7,859.22,0.0,6014.54,5481,0.0
5483,1581,140,6,82.69,0.31,342.34,5483,0.31
5484,1581,445,6,1024.92,0.0,6149.52,5484,0.0
5485,1581,424,6,237.37,0.0,1424.22,5485,0.0
5486,1581,268,2,458.13,0.0,916.26,5486,0.0
5487,1581,344,4,131.89,0.0,527.56,5487,0.0
5488,1582,296,3,1184.19,0.0,3552.57,5488,0.0
5489,1582,379,1,1426.16,0.31,984.05,5489,0.31
5490,1582,248,5,367.09,0.0,1835.45,5490,0.0
5491,1582,86,5,686.32,0.0,3431.6,5491,0.0
5492,1582,406,6,575.36,0.0,3452.16,5492,0.0
5493,1583,249,8,363.9,0.0,2911.2,5493,0.0
5494,1583,217,8,867.7,0.0,6941.6,5494,0.0
5495,1584,69,6,828.83,0.22,3878.92,5495,0.22
5496,1584,467,5,1400.53,0.0,7002.65,5496,0.0
5497,1584,495,5,1227.31,0.0,6136.55,5497,0.0
5498,1584,52,8,267.33,0.0,2138.64,5498,0.0
5499,1584,420,1,842.84,0.0,842.84,5499,0.0
5500,1584,230,4,696.98,0.0,2787.92,5500,0.0
5501,1585,438,3,499.31,0.0,1497.93,5501,0.0
5502,1585,314,8,238.69,0.0,1909.52,5502,0.0
5503,1585,10,8,370.06,0.0,2960.48,5503,0.0
5504,1585,70,1,1372.96,0.25,1029.72,5504,0.25
5505,1585,32,5,1356.29,0.0,6781.45,5505,0.0
5506,1585,100,4,476.68,0.0,1906.72,5506,0.0
5507,1586,283,7,525.29,0.0,3677.03,5507,0.0
5508,1586,164,7,617.81,0.0,4324.67,5508,0.0
5509,1586,13,1,467.6,0.0,467.6,5509,0.0
5510,1586,395,1,922.32,0.0,922.32,5510,0.0
5511,1587,308,5,287.48,0.0,1437.4,5511,0.0
5512,1587,339,8,794.74,0.0,6357.92,5512,0.0
5513,1587,167,8,778.1,0.0,6224.8,5513,0.0
5514,1588,210,2,1245.41,0.0,2490.82,5514,0.0
5515,1588,223,1,511.34,0.0,511.34,5515,0.0
5516,1588,225,5,580.72,0.0,2903.6,5516,0.0
5517,1589,126,3,1184.97,0.0,3554.91,5517,0.0
5518,1589,170,8,1408.95,0.39,6875.68,5518,0.39
5519,1589,213,1,161.54,0.0,161.54,5519,0.0
5520,1590,398,8,341.08,0.0,2728.64,5520,0.0
5521,1590,72,4,145.15,0.0,580.6,5521,0.0
5522,1590,292,3,448.61,0.0,1345.83,5522,0.0
5523,1590,153,7,1077.42,0.0,7541.94,5523,0.0
5524,1590,32,2,501.55,0.0,1003.1,5524,0.0
5525,1590,70,8,110.5,0.0,884.0,5525,0.0
5531,1592,440,4,601.84,0.35,1564.78,5531,0.35
5532,1592,57,1,1405.31,0.0,1405.31,5532,0.0
5533,1593,41,8,452.62,0.0,3620.96,5533,0.0
5534,1593,26,8,41.58,0.0,332.64,5534,0.0
5535,1593,193,2,1193.9,0.0,2387.8,5535,0.0
5536,1593,441,1,1333.3,0.0,1333.3,5536,0.0
5542,1595,492,1,757.66,0.0,757.66,5542,0.0
5543,1595,259,7,618.17,0.3,3029.03,5543,0.3
5544,1595,104,1,1200.21,0.0,1200.21,5544,0.0
5545,1595,68,8,298.15,0.2,1908.16,5545,0.2
5546,1595,107,4,478.46,0.27,1397.1,5546,0.27
5547,1596,194,2,225.94,0.0,451.88,5547,0.0
5548,1596,483,1,1192.39,0.0,1192.39,5548,0.0
5549,1596,412,1,568.76,0.0,568.76,5549,0.0
5550,1597,88,4,563.83,0.11,2007.23,5550,0.11
5551,1597,114,4,1138.5,0.0,4554.0,5551,0.0
5552,1597,362,8,600.65,0.0,4805.2,5552,0.0
5553,1597,363,4,211.07,0.0,844.28,5553,0.0
5554,1598,131,6,312.95,0.0,1877.7,5554,0.0
5555,1598,347,4,684.91,0.0,2739.64,5555,0.0
5556,1598,80,6,1210.99,0.0,7265.94,5556,0.0
5557,1598,377,6,1229.29,0.0,7375.74,5557,0.0
5558,1598,151,2,20.34,0.0,40.68,5558,0.0
5559,1598,303,2,972.55,0.0,1945.1,5559,0.0
5560,1599,291,4,1319.98,0.06,4963.12,5560,0.06
5561,1599,465,8,984.6,0.0,7876.8,5561,0.0
5562,1600,424,5,434.33,0.0,2171.65,5562,0.0
5563,1600,391,3,62.29,0.11,166.31,5563,0.11
5564,1600,419,8,373.29,0.0,2986.32,5564,0.0
5565,1600,428,6,550.22,0.0,3301.32,5565,0.0
5566,1600,401,4,345.05,0.0,1380.2,5566,0.0
5567,1601,487,5,667.28,0.0,3336.4,5567,0.0
5568,1601,57,5,309.26,0.0,1546.3,5568,0.0
5569,1601,259,6,1304.07,0.0,7824.42,5569,0.0
5570,1602,301,3,1038.06,0.0,3114.18,5570,0.0
5571,1602,54,5,742.61,0.0,3713.05,5571,0.0
5572,1602,106,7,842.65,0.0,5898.55,5572,0.0
5573,1602,76,2,1024.01,0.0,2048.02,5573,0.0
5574,1603,169,8,1219.36,0.0,9754.88,5574,0.0
5575,1604,315,3,484.06,0.0,1452.18,5575,0.0
5576,1604,27,1,286.8,0.0,286.8,5576,0.0
5582,1606,333,4,1258.76,0.0,5035.04,5582,0.0
5583,1606,288,1,49.85,0.06,46.86,5583,0.06
5584,1606,160,1,1196.66,0.0,1196.66,5584,0.0
5585,1606,231,6,60.27,0.0,361.62,5585,0.0
5586,1606,95,5,62.13,0.0,310.65,5586,0.0
5593,1608,265,7,1431.08,0.0,10017.56,5593,0.0
5594,1608,380,8,1226.54,0.0,9812.32,5594,0.0
5595,1609,474,3,1418.19,0.0,4254.57,5595,0.0
5596,1609,24,4,1203.77,0.3,3370.56,5596,0.3
5597,1609,133,2,461.19,0.0,922.38,5597,0.0
5598,1610,150,7,842.82,0.0,5899.74,5598,0.0
5599,1610,166,6,1341.36,0.0,8048.16,5599,0.0
5600,1610,267,4,909.22,0.0,3636.88,5600,0.0
5601,1610,168,7,1371.34,0.0,9599.38,5601,0.0
5602,1610,216,3,965.23,0.0,2895.69,5602,0.0
5603,1610,465,6,1365.87,0.0,8195.22,5603,0.0
5604,1611,210,7,202.48,0.0,1417.36,5604,0.0
5605,1611,414,1,1443.82,0.29,1025.11,5605,0.29
5606,1612,131,3,1261.44,0.0,3784.32,5606,0.0
5607,1612,413,1,288.16,0.0,288.16,5607,0.0
5608,1612,60,5,1063.12,0.0,5315.6,5608,0.0
5609,1612,192,2,647.09,0.0,1294.18,5609,0.0
5610,1612,224,1,1171.34,0.0,1171.34,5610,0.0
5611,1612,10,1,262.47,0.0,262.47,5611,0.0
5612,1613,270,7,134.17,0.0,939.19,5612,0.0
5613,1613,138,1,571.25,0.0,571.25,5613,0.0
5614,1613,200,6,1334.0,0.0,8004.0,5614,0.0
5615,1614,455,2,70.22,0.0,140.44,5615,0.0
5616,1614,135,8,1040.7,0.0,8325.6,5616,0.0
5617,1614,463,4,718.14,0.0,2872.56,5617,0.0
5618,1614,418,4,928.59,0.0,3714.36,5618,0.0
5619,1615,30,4,902.79,0.0,3611.16,5619,0.0
5620,1615,379,4,1359.74,0.0,5438.96,5620,0.0
5621,1615,52,5,583.09,0.0,2915.45,5621,0.0
5622,1615,232,8,1062.64,0.0,8501.12,5622,0.0
5623,1615,101,1,1414.43,0.37,891.09,5623,0.37
5624,1615,73,8,1190.2,0.0,9521.6,5624,0.0
5625,1616,359,3,315.71,0.0,947.13,5625,0.0
5626,1616,125,5,16.82,0.0,84.1,5626,0.0
5627,1616,219,3,335.45,0.11,895.65,5627,0.11
5629,1617,202,4,1298.28,0.0,5193.12,5629,0.0
5630,1617,360,3,212.51,0.29,452.65,5630,0.29
5631,1617,113,1,930.54,0.0,930.54,5631,0.0
5632,1618,384,8,1003.41,0.0,8027.28,5632,0.0
5633,1618,320,1,70.18,0.0,70.18,5633,0.0
5634,1618,184,6,559.12,0.0,3354.72,5634,0.0
5635,1618,27,5,114.06,0.17,473.35,5635,0.17
5636,1618,1,7,1193.0,0.16,7014.84,5636,0.16
5637,1619,143,3,1469.59,0.0,4408.77,5637,0.0
5638,1619,75,1,777.89,0.0,777.89,5638,0.0
5639,1619,81,6,61.21,0.0,367.26,5639,0.0
5640,1619,8,5,317.27,0.0,1586.35,5640,0.0
5641,1619,459,3,541.4,0.0,1624.2,5641,0.0
5642,1620,446,1,1446.91,0.09,1316.69,5642,0.09
5643,1620,300,5,1142.42,0.0,5712.1,5643,0.0
5644,1620,466,6,973.94,0.0,5843.64,5644,0.0
5645,1620,192,8,594.81,0.0,4758.48,5645,0.0
5646,1620,177,1,687.57,0.0,687.57,5646,0.0
5647,1620,129,8,662.06,0.23,4078.29,5647,0.23
5648,1621,498,1,686.47,0.06,645.28,5648,0.06
5649,1621,112,2,1499.9,0.0,2999.8,5649,0.0
5650,1621,305,4,1202.49,0.0,4809.96,5650,0.0
5651,1621,131,8,478.15,0.0,3825.2,5651,0.0
5652,1622,468,3,779.62,0.0,2338.86,5652,0.0
5653,1623,482,4,406.1,0.0,1624.4,5653,0.0
5654,1623,497,4,175.23,0.0,700.92,5654,0.0
5655,1623,346,4,475.45,0.0,1901.8,5655,0.0
5656,1623,59,3,1186.09,0.0,3558.27,5656,0.0
5657,1623,333,7,441.9,0.0,3093.3,5657,0.0
5658,1623,407,1,871.53,0.0,871.53,5658,0.0
5659,1624,225,5,758.33,0.0,3791.65,5659,0.0
5660,1624,203,2,951.81,0.0,1903.62,5660,0.0
5661,1624,125,8,321.16,0.0,2569.28,5661,0.0
5662,1625,225,1,47.61,0.0,47.61,5662,0.0
5663,1625,255,6,123.76,0.0,742.56,5663,0.0
5664,1625,342,2,870.49,0.0,1740.98,5664,0.0
5665,1625,287,6,1029.12,0.0,6174.72,5665,0.0
5666,1625,264,1,683.94,0.0,683.94,5666,0.0
5667,1625,214,2,862.87,0.0,1725.74,5667,0.0
5669,1626,310,1,937.71,0.0,937.71,5669,0.0
5670,1626,227,3,482.36,0.0,1447.08,5670,0.0
5671,1626,112,1,318.22,0.36,203.66,5671,0.36
5672,1626,180,8,509.76,0.0,4078.08,5672,0.0
5673,1627,132,3,233.32,0.0,699.96,5673,0.0
5674,1627,374,1,1432.6,0.0,1432.6,5674,0.0
5675,1627,226,4,198.31,0.0,793.24,5675,0.0
5676,1627,37,8,781.55,0.0,6252.4,5676,0.0
5677,1627,299,7,1282.11,0.0,8974.77,5677,0.0
5678,1627,307,3,667.44,0.25,1501.74,5678,0.25
5679,1628,470,6,80.8,0.28,349.06,5679,0.28
5680,1628,246,2,1454.23,0.18,2384.94,5680,0.18
5681,1628,182,8,1125.01,0.0,9000.08,5681,0.0
5682,1628,15,1,874.23,0.0,874.23,5682,0.0
5683,1629,328,1,1334.14,0.0,1334.14,5683,0.0
5685,1631,27,1,1468.53,0.0,1468.53,5685,0.0
5686,1631,491,4,1128.55,0.0,4514.2,5686,0.0
5687,1631,113,6,9.24,0.0,55.44,5687,0.0
5688,1631,229,5,1042.53,0.0,5212.65,5688,0.0
5689,1631,441,3,829.5,0.0,2488.5,5689,0.0
5690,1632,388,8,820.16,0.0,6561.28,5690,0.0
5691,1633,415,2,123.41,0.0,246.82,5691,0.0
5692,1633,5,6,1446.74,0.0,8680.44,5692,0.0
5693,1633,44,5,1057.2,0.0,5286.0,5693,0.0
5694,1633,71,6,956.9,0.0,5741.4,5694,0.0
5695,1633,499,2,1486.41,0.0,2972.82,5695,0.0
5696,1634,431,7,1418.08,0.0,9926.56,5696,0.0
5697,1634,383,7,984.32,0.24,5236.58,5697,0.24
5698,1634,352,5,490.62,0.0,2453.1,5698,0.0
5699,1634,49,3,1008.88,0.0,3026.64,5699,0.0
5700,1634,338,1,1363.06,0.0,1363.06,5700,0.0
5701,1635,452,6,1088.21,0.0,6529.26,5701,0.0
5702,1635,331,3,672.73,0.33,1352.19,5702,0.33
5703,1635,375,4,1381.92,0.24,4201.04,5703,0.24
5704,1635,309,3,179.64,0.0,538.92,5704,0.0
5705,1636,167,2,76.06,0.0,152.12,5705,0.0
5706,1636,308,7,40.06,0.0,280.42,5706,0.0
5707,1636,122,7,25.18,0.0,176.26,5707,0.0
5708,1636,205,3,706.12,0.0,2118.36,5708,0.0
5710,1638,341,6,1345.44,0.0,8072.64,5710,0.0
5711,1638,189,4,525.49,0.0,2101.96,5711,0.0
5712,1638,223,4,326.42,0.0,1305.68,5712,0.0
5713,1638,449,6,1162.76,0.0,6976.56,5713,0.0
5714,1639,216,3,357.75,0.0,1073.25,5714,0.0
5715,1639,248,1,714.13,0.0,714.13,5715,0.0
5716,1640,344,1,1492.49,0.27,1089.52,5716,0.27
5717,1640,264,2,695.73,0.0,1391.46,5717,0.0
5718,1641,79,6,1436.74,0.0,8620.44,5718,0.0
5719,1641,152,2,634.28,0.21,1002.16,5719,0.21
5720,1641,4,4,1321.18,0.0,5284.72,5720,0.0
5721,1641,56,5,598.83,0.0,2994.15,5721,0.0
5722,1642,89,8,200.43,0.27,1170.51,5722,0.27
5723,1643,251,7,58.84,0.0,411.88,5723,0.0
5724,1643,215,5,448.11,0.0,2240.55,5724,0.0
5725,1644,434,4,842.3,0.0,3369.2,5725,0.0
5726,1644,239,4,323.65,0.21,1022.73,5726,0.21
5727,1644,256,5,534.4,0.0,2672.0,5727,0.0
5728,1644,497,5,321.88,0.1,1448.46,5728,0.1
5729,1644,389,5,939.93,0.0,4699.65,5729,0.0
5730,1644,458,4,336.75,0.0,1347.0,5730,0.0
5731,1645,413,2,1067.91,0.12,1879.52,5731,0.12
5732,1645,191,1,1104.91,0.0,1104.91,5732,0.0
5733,1645,200,6,1422.42,0.0,8534.52,5733,0.0
5734,1645,192,6,742.59,0.0,4455.54,5734,0.0
5735,1645,351,5,1114.67,0.0,5573.35,5735,0.0
5736,1645,495,8,616.36,0.0,4930.88,5736,0.0
5737,1646,478,8,92.1,0.0,736.8,5737,0.0
5738,1646,28,5,1111.3,0.0,5556.5,5738,0.0
5739,1646,138,7,716.89,0.0,5018.23,5739,0.0
5740,1646,133,5,66.11,0.0,330.55,5740,0.0
5741,1646,163,2,39.91,0.0,79.82,5741,0.0
5742,1647,381,4,218.26,0.17,724.62,5742,0.17
5743,1647,358,4,332.15,0.0,1328.6,5743,0.0
5744,1648,298,1,479.74,0.0,479.74,5744,0.0
5745,1648,493,2,310.22,0.0,620.44,5745,0.0
5746,1648,70,4,578.63,0.0,2314.52,5746,0.0
5747,1648,353,2,1394.62,0.0,2789.24,5747,0.0
5748,1648,202,8,626.09,0.0,5008.72,5748,0.0
5749,1649,256,3,580.6,0.0,1741.8,5749,0.0
5750,1649,377,8,784.06,0.37,3951.66,5750,0.37
5751,1649,56,7,748.77,0.0,5241.39,5751,0.0
5752,1649,322,4,1079.62,0.0,4318.48,5752,0.0
5753,1650,427,5,330.32,0.0,1651.6,5753,0.0
5754,1650,285,3,908.6,0.0,2725.8,5754,0.0
5755,1650,200,2,813.52,0.0,1627.04,5755,0.0
5756,1650,261,1,616.26,0.0,616.26,5756,0.0
5757,1651,15,7,1017.51,0.0,7122.57,5757,0.0
5758,1651,270,8,1174.02,0.0,9392.16,5758,0.0
5759,1651,416,7,89.87,0.0,629.09,5759,0.0
5760,1651,68,4,587.85,0.0,2351.4,5760,0.0
5761,1651,120,8,430.81,0.0,3446.48,5761,0.0
5762,1652,144,8,1096.8,0.0,8774.4,5762,0.0
5763,1652,322,1,1421.73,0.0,1421.73,5763,0.0
5764,1652,84,5,35.17,0.0,175.85,5764,0.0
5765,1652,312,7,1011.34,0.31,4884.77,5765,0.31
5768,1654,191,7,31.18,0.0,218.26,5768,0.0
5769,1654,181,1,902.47,0.0,902.47,5769,0.0
5770,1655,201,5,742.88,0.0,3714.4,5770,0.0
5771,1655,43,2,843.12,0.0,1686.24,5771,0.0
5772,1655,73,4,985.78,0.0,3943.12,5772,0.0
5773,1655,134,7,585.37,0.0,4097.59,5773,0.0
5774,1656,144,1,82.91,0.0,82.91,5774,0.0
5775,1656,208,5,771.81,0.18,3164.42,5775,0.18
5776,1657,160,3,1473.18,0.3,3093.68,5776,0.3
5777,1657,232,5,1145.8,0.0,5729.0,5777,0.0
5778,1657,73,2,1114.37,0.31,1537.83,5778,0.31
5779,1657,147,7,930.91,0.0,6516.37,5779,0.0
5780,1657,93,7,1229.79,0.0,8608.53,5780,0.0
5781,1657,178,4,1119.24,0.0,4476.96,5781,0.0
5782,1658,355,3,1113.32,0.0,3339.96,5782,0.0
5783,1658,287,6,179.42,0.0,1076.52,5783,0.0
5784,1658,393,1,1042.99,0.4,625.79,5784,0.4
5785,1658,402,3,594.71,0.0,1784.13,5785,0.0
5786,1659,138,2,84.46,0.0,168.92,5786,0.0
5787,1659,303,2,968.49,0.0,1936.98,5787,0.0
5788,1659,109,8,1194.23,0.0,9553.84,5788,0.0
5789,1660,118,4,1112.22,0.32,3025.24,5789,0.32
5790,1660,186,2,1035.36,0.0,2070.72,5790,0.0
5791,1661,406,5,966.83,0.0,4834.15,5791,0.0
5792,1662,378,8,1386.5,0.0,11092.0,5792,0.0
5793,1663,354,7,409.19,0.13,2491.97,5793,0.13
5794,1663,457,1,804.77,0.21,635.77,5794,0.21
5795,1664,296,5,446.01,0.0,2230.05,5795,0.0
5796,1664,81,4,478.89,0.0,1915.56,5796,0.0
5797,1664,168,4,604.61,0.0,2418.44,5797,0.0
5798,1665,17,7,398.78,0.36,1786.53,5798,0.36
5799,1665,192,6,5.21,0.0,31.26,5799,0.0
5800,1665,176,2,437.04,0.3,611.86,5800,0.3
5802,1665,92,5,706.89,0.0,3534.45,5802,0.0
5803,1665,411,7,16.62,0.0,116.34,5803,0.0
5804,1666,131,3,1393.46,0.0,4180.38,5804,0.0
5805,1666,206,8,7.59,0.19,49.18,5805,0.19
5806,1667,254,2,1343.69,0.0,2687.38,5806,0.0
5807,1668,88,7,946.08,0.0,6622.56,5807,0.0
5808,1668,30,4,1020.79,0.0,4083.16,5808,0.0
5809,1668,198,3,826.31,0.37,1561.73,5809,0.37
5810,1669,433,8,842.69,0.0,6741.52,5810,0.0
5811,1669,184,8,701.27,0.0,5610.16,5811,0.0
5812,1669,6,2,1044.7,0.0,2089.4,5812,0.0
5813,1669,127,6,45.94,0.0,275.64,5813,0.0
5814,1669,130,1,778.63,0.14,669.62,5814,0.14
5815,1670,292,1,943.34,0.0,943.34,5815,0.0
5816,1670,222,8,1361.29,0.0,10890.32,5816,0.0
5817,1670,301,5,495.17,0.0,2475.85,5817,0.0
5818,1670,88,7,15.78,0.0,110.46,5818,0.0
5819,1670,418,6,590.25,0.0,3541.5,5819,0.0
5820,1670,83,6,444.46,0.15,2266.75,5820,0.15
5821,1671,56,1,427.28,0.0,427.28,5821,0.0
5822,1672,441,1,306.53,0.0,306.53,5822,0.0
5824,1673,90,6,1056.89,0.0,6341.34,5824,0.0
5825,1674,414,4,695.65,0.0,2782.6,5825,0.0
5826,1674,363,7,132.07,0.0,924.49,5826,0.0
5828,1674,287,5,356.0,0.0,1780.0,5828,0.0
5829,1674,260,1,199.02,0.0,199.02,5829,0.0
5830,1675,447,8,228.02,0.19,1477.57,5830,0.19
5831,1675,275,2,1184.57,0.0,2369.14,5831,0.0
5832,1675,229,4,1225.42,0.34,3235.11,5832,0.34
5833,1676,68,1,1220.18,0.0,1220.18,5833,0.0
5834,1676,46,3,1059.44,0.0,3178.32,5834,0.0
5835,1676,328,5,111.89,0.0,559.45,5835,0.0
5836,1677,66,4,185.88,0.0,743.52,5836,0.0
5837,1678,282,1,922.01,0.0,922.01,5837,0.0
5838,1678,227,4,1198.03,0.0,4792.12,5838,0.0
5839,1678,382,1,862.78,0.0,862.78,5839,0.0
5840,1678,154,8,433.69,0.0,3469.52,5840,0.0
5841,1679,496,3,1050.96,0.38,1954.79,5841,0.38
5842,1679,363,3,680.84,0.0,2042.52,5842,0.0
5843,1680,115,7,1327.41,0.31,6411.39,5843,0.31
5844,1680,248,7,951.85,0.0,6662.95,5844,0.0
5845,1680,451,3,990.43,0.0,2971.29,5845,0.0
5846,1680,21,3,797.81,0.0,2393.43,5846,0.0
5847,1680,63,7,706.94,0.0,4948.58,5847,0.0
5848,1680,103,5,652.14,0.0,3260.7,5848,0.0
5849,1681,359,4,1359.87,0.0,5439.48,5849,0.0
5850,1681,32,5,1360.9,0.0,6804.5,5850,0.0
5851,1681,243,8,185.25,0.24,1126.32,5851,0.24
5852,1681,32,4,1418.62,0.0,5674.48,5852,0.0
5853,1681,330,6,262.54,0.0,1575.24,5853,0.0
5854,1682,237,4,410.45,0.0,1641.8,5854,0.0
5855,1683,256,7,575.37,0.13,3504.0,5855,0.13
5856,1683,102,5,1231.01,0.0,6155.05,5856,0.0
5857,1684,430,2,317.57,0.0,635.14,5857,0.0
5858,1684,243,8,1303.15,0.0,10425.2,5858,0.0
5859,1684,143,6,714.77,0.0,4288.62,5859,0.0
5860,1684,53,1,416.72,0.0,416.72,5860,0.0
5861,1685,404,3,810.68,0.0,2432.04,5861,0.0
5862,1685,156,6,1159.17,0.0,6955.02,5862,0.0
5863,1685,281,1,1165.37,0.0,1165.37,5863,0.0
5864,1685,240,3,1412.9,0.0,4238.7,5864,0.0
5865,1685,66,1,600.59,0.0,600.59,5865,0.0
5866,1685,451,1,1191.19,0.0,1191.19,5866,0.0
5867,1686,133,4,1288.35,0.0,5153.4,5867,0.0
5868,1686,251,8,237.7,0.0,1901.6,5868,0.0
5869,1686,166,4,666.06,0.0,2664.24,5869,0.0
5870,1686,139,8,542.97,0.0,4343.76,5870,0.0
5871,1686,486,4,737.34,0.0,2949.36,5871,0.0
5872,1687,28,8,1382.24,0.0,11057.92,5872,0.0
5873,1687,176,1,1121.73,0.33,751.56,5873,0.33
5874,1687,372,4,367.85,0.0,1471.4,5874,0.0
5875,1688,437,5,1392.49,0.0,6962.45,5875,0.0
5876,1688,153,8,105.45,0.37,531.47,5876,0.37
5877,1688,107,4,854.4,0.0,3417.6,5877,0.0
5878,1688,132,1,690.75,0.21,545.69,5878,0.21
5879,1688,192,1,1029.59,0.0,1029.59,5879,0.0
5880,1688,34,6,837.5,0.0,5025.0,5880,0.0
5882,1689,339,7,1173.23,0.0,8212.61,5882,0.0
5883,1689,330,8,1084.29,0.0,8674.32,5883,0.0
5884,1690,282,7,939.52,0.0,6576.64,5884,0.0
5885,1690,309,4,938.62,0.0,3754.48,5885,0.0
5886,1690,234,1,1111.67,0.0,1111.67,5886,0.0
5887,1690,169,4,234.37,0.0,937.48,5887,0.0
5888,1690,408,2,941.36,0.0,1882.72,5888,0.0
5889,1691,75,1,796.49,0.0,796.49,5889,0.0
5890,1691,451,6,1128.25,0.0,6769.5,5890,0.0
5891,1692,298,7,240.91,0.0,1686.37,5891,0.0
5892,1692,195,7,417.96,0.0,2925.72,5892,0.0
5893,1692,337,3,202.63,0.0,607.89,5893,0.0
5894,1693,93,5,1356.73,0.0,6783.65,5894,0.0
5895,1693,40,3,430.68,0.0,1292.04,5895,0.0
5896,1693,453,1,775.18,0.29,550.38,5896,0.29
5897,1693,254,2,623.96,0.0,1247.92,5897,0.0
5898,1693,301,7,548.67,0.0,3840.69,5898,0.0
5899,1693,93,3,908.35,0.0,2725.05,5899,0.0
5900,1694,258,4,926.72,0.0,3706.88,5900,0.0
5902,1694,408,5,1496.16,0.0,7480.8,5902,0.0
5907,1696,46,6,339.14,0.38,1261.6,5907,0.38
5908,1696,419,3,813.74,0.0,2441.22,5908,0.0
5909,1696,45,8,1149.86,0.0,9198.88,5909,0.0
5910,1696,246,8,1355.15,0.0,10841.2,5910,0.0
5917,1698,363,5,1081.05,0.0,5405.25,5917,0.0
5918,1698,50,2,1229.1,0.0,2458.2,5918,0.0
5919,1698,367,7,1337.87,0.0,9365.09,5919,0.0
5920,1698,18,5,786.18,0.0,3930.9,5920,0.0
5921,1698,44,7,1421.49,0.0,9950.43,5921,0.0
5923,1700,215,7,1037.16,0.0,7260.12,5923,0.0
5925,1700,237,2,397.28,0.0,794.56,5925,0.0
5926,1701,12,7,406.59,0.0,2846.13,5926,0.0
5927,1701,480,1,905.17,0.0,905.17,5927,0.0
5928,1701,207,5,969.59,0.0,4847.95,5928,0.0
5929,1701,54,2,1306.76,0.0,2613.52,5929,0.0
5934,1703,294,5,1331.15,0.0,6655.75,5934,0.0
5935,1704,37,8,1220.88,0.0,9767.04,5935,0.0
5936,1704,309,1,25.64,0.0,25.64,5936,0.0
5937,1704,202,2,146.33,0.0,292.66,5937,0.0
5938,1704,486,4,645.66,0.0,2582.64,5938,0.0
5939,1704,330,7,1254.33,0.06,8253.49,5939,0.06
5940,1704,13,4,918.42,0.28,2645.05,5940,0.28
5941,1705,140,1,940.96,0.08,865.68,5941,0.08
5942,1705,266,2,354.14,0.0,708.28,5942,0.0
5943,1705,235,2,1282.07,0.0,2564.14,5943,0.0
5944,1705,257,8,1035.05,0.0,8280.4,5944,0.0
5947,1707,439,5,695.33,0.11,3094.22,5947,0.11
5948,1708,449,1,1234.44,0.0,1234.44,5948,0.0
5949,1709,91,6,1171.52,0.0,7029.12,5949,0.0
5950,1709,264,2,221.78,0.0,443.56,5950,0.0
5951,1709,209,2,620.66,0.0,1241.32,5951,0.0
5952,1709,175,7,595.23,0.0,4166.61,5952,0.0
5953,1709,392,3,117.57,0.0,352.71,5953,0.0
5954,1709,245,2,139.37,0.0,278.74,5954,0.0
5955,1710,259,5,1145.54,0.0,5727.7,5955,0.0
5956,1710,218,1,455.14,0.0,455.14,5956,0.0
5957,1710,378,5,236.09,0.0,1180.45,5957,0.0
5958,1710,462,1,468.53,0.0,468.53,5958,0.0
5964,1712,441,8,913.9,0.26,5410.29,5964,0.26
5965,1712,186,3,181.07,0.0,543.21,5965,0.0
5966,1712,290,6,289.99,0.0,1739.94,5966,0.0
5967,1712,155,2,396.2,0.0,792.4,5967,0.0
5969,1713,458,8,1486.42,0.0,11891.36,5969,0.0
5970,1714,470,2,238.05,0.21,376.12,5970,0.21
5971,1714,416,8,1212.01,0.0,9696.08,5971,0.0
5972,1714,19,2,679.77,0.0,1359.54,5972,0.0
5973,1714,473,8,1056.98,0.0,8455.84,5973,0.0
5974,1715,283,4,13.31,0.0,53.24,5974,0.0
5975,1715,26,6,357.95,0.0,2147.7,5975,0.0
5976,1715,6,2,501.88,0.0,1003.76,5976,0.0
5977,1716,271,3,775.73,0.0,2327.19,5977,0.0
5978,1716,251,6,205.2,0.0,1231.2,5978,0.0
5979,1717,84,5,1087.85,0.0,5439.25,5979,0.0
5980,1717,359,5,762.84,0.0,3814.2,5980,0.0
5981,1717,357,1,1386.34,0.0,1386.34,5981,0.0
5982,1717,89,8,668.8,0.14,4601.34,5982,0.14
5983,1717,61,3,1396.94,0.0,4190.82,5983,0.0
5984,1717,198,2,177.09,0.0,354.18,5984,0.0
5985,1718,262,7,135.29,0.0,947.03,5985,0.0
5986,1718,424,3,265.78,0.0,797.34,5986,0.0
5987,1718,59,6,363.8,0.0,2182.8,5987,0.0
5988,1718,158,6,1216.5,0.0,7299.0,5988,0.0
5989,1719,275,8,1300.49,0.0,10403.92,5989,0.0
5990,1719,368,8,1378.52,0.35,7168.3,5990,0.35
5991,1719,31,2,716.45,0.0,1432.9,5991,0.0
5992,1719,462,7,581.53,0.0,4070.71,5992,0.0
5993,1719,106,4,1231.38,0.0,4925.52,5993,0.0
5994,1720,96,6,1103.12,0.28,4765.48,5994,0.28
5995,1720,285,2,789.11,0.36,1010.06,5995,0.36
5996,1720,77,2,673.83,0.4,808.6,5996,0.4
5997,1720,459,7,1077.81,0.0,7544.67,5997,0.0
6002,1722,392,3,804.12,0.0,2412.36,6002,0.0
6003,1722,305,6,1268.8,0.0,7612.8,6003,0.0
6004,1722,442,6,227.03,0.0,1362.18,6004,0.0
6005,1722,397,2,337.19,0.0,674.38,6005,0.0
6006,1722,41,5,714.26,0.0,3571.3,6006,0.0
6007,1722,286,8,1203.92,0.15,8186.66,6007,0.15
6013,1724,293,2,128.51,0.0,257.02,6013,0.0
6014,1724,376,7,606.2,0.2,3394.72,6014,0.2
6015,1724,15,7,1366.08,0.0,9562.56,6015,0.0
6016,1725,488,5,1233.33,0.0,6166.65,6016,0.0
6017,1725,256,1,1224.9,0.0,1224.9,6017,0.0
6018,1725,281,2,674.96,0.0,1349.92,6018,0.0
6019,1725,108,5,1033.31,0.0,5166.55,6019,0.0
6020,1725,492,3,681.01,0.0,2043.03,6020,0.0
6021,1725,275,3,504.08,0.26,1119.06,6021,0.26
6022,1726,497,8,1377.49,0.0,11019.92,6022,0.0
6023,1726,240,1,796.24,0.0,796.24,6023,0.0
6024,1726,321,6,1208.95,0.0,7253.7,6024,0.0
6025,1726,421,8,1447.91,0.0,11583.28,6025,0.0
6026,1726,347,3,636.11,0.33,1278.58,6026,0.33
6027,1726,6,8,103.02,0.0,824.16,6027,0.0
6028,1727,230,6,864.0,0.0,5184.0,6028,0.0
6029,1727,327,4,1456.24,0.0,5824.96,6029,0.0
6030,1727,257,1,42.83,0.0,42.83,6030,0.0
6031,1727,443,6,1046.17,0.0,6277.02,6031,0.0
6032,1727,395,5,295.83,0.21,1168.53,6032,0.21
6033,1728,89,2,835.66,0.36,1069.64,6033,0.36
6034,1728,363,3,519.83,0.0,1559.49,6034,0.0
6035,1728,106,7,770.61,0.0,5394.27,6035,0.0
6036,1728,252,5,1242.73,0.0,6213.65,6036,0.0
6037,1728,58,4,690.05,0.0,2760.2,6037,0.0
6038,1728,137,2,602.98,0.12,1061.24,6038,0.12
6039,1729,48,3,108.96,0.32,222.28,6039,0.32
6041,1729,490,1,382.02,0.0,382.02,6041,0.0
6042,1729,52,4,918.9,0.0,3675.6,6042,0.0
6043,1729,147,6,1402.73,0.0,8416.38,6043,0.0
6044,1729,195,2,1050.34,0.0,2100.68,6044,0.0
6045,1730,461,1,1102.85,0.0,1102.85,6045,0.0
6046,1730,375,5,844.84,0.26,3125.91,6046,0.26
6047,1730,182,4,662.06,0.0,2648.24,6047,0.0
6048,1730,349,5,668.51,0.0,3342.55,6048,0.0
6049,1731,100,2,1296.93,0.0,2593.86,6049,0.0
6050,1731,375,3,259.09,0.0,777.27,6050,0.0
6051,1732,147,2,1442.51,0.34,1904.11,6051,0.34
6052,1732,135,7,1006.98,0.0,7048.86,6052,0.0
6053,1732,44,3,726.55,0.0,2179.65,6053,0.0
6054,1732,21,5,1462.95,0.0,7314.75,6054,0.0
6055,1733,399,2,99.03,0.0,198.06,6055,0.0
6056,1733,67,3,1039.49,0.14,2681.88,6056,0.14
6057,1733,353,5,1247.85,0.0,6239.25,6057,0.0
6063,1735,254,3,655.85,0.0,1967.55,6063,0.0
6064,1736,28,3,1289.58,0.0,3868.74,6064,0.0
6065,1737,116,3,1003.53,0.0,3010.59,6065,0.0
6066,1738,89,6,974.72,0.0,5848.32,6066,0.0
6067,1738,424,1,1232.76,0.0,1232.76,6067,0.0
6068,1739,465,2,107.98,0.0,215.96,6068,0.0
6069,1739,271,1,370.43,0.1,333.39,6069,0.1
6070,1739,368,2,467.9,0.0,935.8,6070,0.0
6071,1739,231,8,1452.54,0.0,11620.32,6071,0.0
6072,1740,226,3,232.02,0.0,696.06,6072,0.0
6073,1741,20,6,1457.74,0.0,8746.44,6073,0.0
6074,1741,408,7,971.48,0.0,6800.36,6074,0.0
6075,1741,51,5,1451.75,0.0,7258.75,6075,0.0
6076,1741,116,6,1153.14,0.0,6918.84,6076,0.0
6077,1741,291,4,1164.57,0.0,4658.28,6077,0.0
6078,1741,246,5,143.18,0.0,715.9,6078,0.0
6079,1742,370,3,1251.09,0.0,3753.27,6079,0.0
6080,1743,187,1,932.64,0.0,932.64,6080,0.0
6081,1743,409,8,1093.81,0.29,6212.84,6081,0.29
6082,1744,269,3,1353.97,0.0,4061.91,6082,0.0
6083,1744,353,8,878.67,0.0,7029.36,6083,0.0
6086,1746,200,8,988.04,0.0,7904.32,6086,0.0
6087,1746,461,3,1237.12,0.0,3711.36,6087,0.0
6088,1746,265,5,423.84,0.15,1801.32,6088,0.15
6089,1746,201,3,1157.72,0.0,3473.16,6089,0.0
6090,1746,495,8,1159.1,0.0,9272.8,6090,0.0
6091,1746,254,1,894.75,0.0,894.75,6091,0.0
6092,1747,108,3,139.7,0.0,419.1,6092,0.0
6093,1747,73,5,368.99,0.0,1844.95,6093,0.0
6094,1747,155,2,44.44,0.0,88.88,6094,0.0
6095,1747,31,4,1316.2,0.0,5264.8,6095,0.0
6096,1747,16,3,593.31,0.0,1779.93,6096,0.0
6097,1747,171,7,1040.95,0.26,5392.12,6097,0.26
6098,1748,183,5,576.83,0.0,2884.15,6098,0.0
6099,1748,370,4,895.46,0.0,3581.84,6099,0.0
6100,1749,128,3,1328.83,0.0,3986.49,6100,0.0
6101,1749,490,8,1444.35,0.0,11554.8,6101,0.0
6102,1749,498,2,976.78,0.0,1953.56,6102,0.0
6104,1749,164,7,245.87,0.0,1721.09,6104,0.0
6105,1749,156,2,633.85,0.07,1178.96,6105,0.07
6106,1750,142,6,37.3,0.0,223.8,6106,0.0
6108,1750,110,4,319.43,0.35,830.52,6108,0.35
6109,1751,215,7,519.59,0.06,3418.9,6109,0.06
6110,1751,5,6,924.47,0.0,5546.82,6110,0.0
6111,1751,184,2,281.24,0.0,562.48,6111,0.0
6112,1751,391,8,12.98,0.0,103.84,6112,0.0
6113,1752,362,7,342.44,0.0,2397.08,6113,0.0
6114,1752,259,1,509.56,0.0,509.56,6114,0.0
6115,1753,284,7,801.67,0.4,3367.01,6115,0.4
6116,1753,182,1,730.37,0.0,730.37,6116,0.0
6117,1753,214,3,818.3,0.21,1939.37,6117,0.21
6118,1753,227,1,163.5,0.0,163.5,6118,0.0
6119,1753,17,1,1102.44,0.0,1102.44,6119,0.0
6120,1754,274,1,646.03,0.0,646.03,6120,0.0
6121,1754,115,4,1349.44,0.0,5397.76,6121,0.0
6122,1755,47,8,1043.34,0.0,8346.72,6122,0.0
6123,1755,488,3,1478.16,0.0,4434.48,6123,0.0
6124,1755,378,3,397.4,0.0,1192.2,6124,0.0
6125,1755,212,1,1299.61,0.0,1299.61,6125,0.0
6126,1755,117,7,1408.49,0.0,9859.43,6126,0.0
6127,1755,498,3,317.75,0.0,953.25,6127,0.0
6128,1756,239,6,205.7,0.0,1234.2,6128,0.0
6129,1757,432,8,66.03,0.0,528.24,6129,0.0
6130,1757,284,3,1287.66,0.0,3862.98,6130,0.0
6131,1757,405,1,1426.65,0.0,1426.65,6131,0.0
6132,1757,215,1,572.87,0.0,572.87,6132,0.0
6133,1758,441,5,294.6,0.28,1060.56,6133,0.28
6134,1758,181,3,150.64,0.0,451.92,6134,0.0
6135,1759,3,4,36.95,0.22,115.28,6135,0.22
6136,1759,310,5,511.21,0.1,2300.44,6136,0.1
6137,1760,252,5,292.86,0.0,1464.3,6137,0.0
6138,1760,408,4,959.43,0.0,3837.72,6138,0.0
6139,1760,221,2,107.67,0.0,215.34,6139,0.0
6140,1761,226,3,408.27,0.0,1224.81,6140,0.0
6141,1761,477,3,1198.62,0.2,2876.69,6141,0.2
6142,1761,102,5,1128.68,0.0,5643.4,6142,0.0
6143,1761,345,6,472.76,0.0,2836.56,6143,0.0
6144,1762,271,8,1265.41,0.0,10123.28,6144,0.0
6145,1762,367,2,120.84,0.0,241.68,6145,0.0
6146,1762,432,8,979.78,0.23,6035.44,6146,0.23
6147,1762,407,4,239.08,0.0,956.32,6147,0.0
6148,1762,353,5,335.97,0.0,1679.85,6148,0.0
6149,1762,324,3,1390.12,0.0,4170.36,6149,0.0
6152,1764,232,8,222.22,0.0,1777.76,6152,0.0
6153,1764,396,3,1492.1,0.0,4476.3,6153,0.0
6154,1764,83,7,1274.05,0.11,7937.33,6154,0.11
6160,1766,28,3,449.04,0.0,1347.12,6160,0.0
6161,1766,93,1,140.95,0.0,140.95,6161,0.0
6162,1766,190,2,1312.17,0.11,2335.66,6162,0.11
6163,1766,199,4,633.37,0.0,2533.48,6163,0.0
6164,1766,156,2,587.7,0.0,1175.4,6164,0.0
6165,1766,201,4,672.61,0.0,2690.44,6165,0.0
6169,1768,118,4,473.85,0.0,1895.4,6169,0.0
6170,1768,217,3,1471.83,0.0,4415.49,6170,0.0
6171,1768,437,1,879.59,0.0,879.59,6171,0.0
6172,1768,320,3,960.14,0.0,2880.42,6172,0.0
6173,1768,287,5,608.77,0.26,2252.45,6173,0.26
6174,1769,453,1,371.84,0.19,301.19,6174,0.19
6175,1769,170,7,473.77,0.0,3316.39,6175,0.0
6176,1769,471,3,235.03,0.0,705.09,6176,0.0
6177,1769,354,6,746.78,0.0,4480.68,6177,0.0
6178,1769,166,8,769.98,0.06,5790.25,6178,0.06
6179,1769,176,4,1091.96,0.38,2708.06,6179,0.38
6180,1770,470,2,155.53,0.0,311.06,6180,0.0
6181,1770,65,6,1493.57,0.0,8961.42,6181,0.0
6182,1771,298,5,429.51,0.0,2147.55,6182,0.0
6183,1771,212,3,268.35,0.0,805.05,6183,0.0
6184,1771,412,1,377.77,0.0,377.77,6184,0.0
6186,1771,339,7,1096.77,0.0,7677.39,6186,0.0
6193,1773,22,1,1098.96,0.0,1098.96,6193,0.0
6194,1774,484,7,176.6,0.0,1236.2,6194,0.0
6195,1774,425,5,798.07,0.0,3990.35,6195,0.0
6196,1774,325,6,1345.83,0.0,8074.98,6196,0.0
6197,1774,418,6,1013.57,0.26,4500.25,6197,0.26
6198,1774,14,5,536.8,0.0,2684.0,6198,0.0
6199,1775,87,7,1487.7,0.0,10413.9,6199,0.0
6200,1775,394,2,618.18,0.0,1236.36,6200,0.0
6201,1775,431,4,423.81,0.12,1491.81,6201,0.12
6202,1776,354,1,273.28,0.0,273.28,6202,0.0
6203,1776,492,1,1284.63,0.23,989.17,6203,0.23
6204,1777,110,6,871.5,0.0,5229.0,6204,0.0
6205,1777,126,2,787.46,0.0,1574.92,6205,0.0
6207,1779,109,6,945.3,0.0,5671.8,6207,0.0
6208,1779,298,4,831.99,0.3,2329.57,6208,0.3
6209,1779,431,7,152.14,0.0,1064.98,6209,0.0
6210,1779,129,5,931.75,0.38,2888.42,6210,0.38
6211,1779,11,8,1415.29,0.0,11322.32,6211,0.0
6212,1779,358,1,1255.71,0.0,1255.71,6212,0.0
6213,1780,109,2,1443.44,0.0,2886.88,6213,0.0
6220,1782,87,2,962.84,0.0,1925.68,6220,0.0
6221,1783,341,5,1371.64,0.0,6858.2,6221,0.0
6222,1783,223,4,193.05,0.0,772.2,6222,0.0
6223,1783,193,4,1203.59,0.0,4814.36,6223,0.0
6224,1783,239,3,1066.76,0.0,3200.28,6224,0.0
6225,1784,144,2,1406.48,0.0,2812.96,6225,0.0
6226,1784,250,6,796.79,0.0,4780.74,6226,0.0
6227,1785,152,3,304.58,0.0,913.74,6227,0.0
6228,1785,451,4,1408.93,0.0,5635.72,6228,0.0
6229,1786,498,1,312.22,0.08,287.24,6229,0.08
6230,1786,243,7,699.4,0.0,4895.8,6230,0.0
6231,1786,486,3,1386.15,0.0,4158.45,6231,0.0
6232,1786,313,4,1079.78,0.33,2893.81,6232,0.33
6233,1786,183,6,1197.57,0.0,7185.42,6233,0.0
6234,1787,385,4,86.65,0.11,308.47,6234,0.11
6235,1787,226,8,1140.57,0.0,9124.56,6235,0.0
6236,1787,455,7,293.8,0.0,2056.6,6236,0.0
6237,1787,309,6,963.37,0.0,5780.22,6237,0.0
6238,1787,312,2,785.13,0.0,1570.26,6238,0.0
6239,1787,27,4,164.23,0.0,656.92,6239,0.0
6240,1788,72,3,1443.89,0.0,4331.67,6240,0.0
6241,1788,48,6,640.28,0.0,3841.68,6241,0.0
6242,1788,404,1,1009.55,0.0,1009.55,6242,0.0
6243,1788,60,8,1301.3,0.0,10410.4,6243,0.0
6244,1789,416,8,7.89,0.0,63.12,6244,0.0
6245,1789,320,6,300.52,0.0,1803.12,6245,0.0
6246,1789,374,7,286.33,0.0,2004.31,6246,0.0
6247,1789,142,5,539.41,0.0,2697.05,6247,0.0
6248,1789,301,6,647.5,0.0,3885.0,6248,0.0
6249,1790,70,4,989.48,0.0,3957.92,6249,0.0
6250,1790,185,7,857.44,0.0,6002.08,6250,0.0
6251,1790,113,7,1140.84,0.0,7985.88,6251,0.0
6252,1790,445,2,508.9,0.0,1017.8,6252,0.0
6253,1791,323,6,1076.62,0.0,6459.72,6253,0.0
6254,1792,494,1,54.16,0.0,54.16,6254,0.0
6255,1792,48,2,712.72,0.0,1425.44,6255,0.0
6256,1792,400,3,979.51,0.0,2938.53,6256,0.0
6257,1792,139,8,1070.25,0.0,8562.0,6257,0.0
6258,1792,406,1,74.34,0.0,74.34,6258,0.0
6259,1793,392,1,1305.56,0.0,1305.56,6259,0.0
6260,1793,389,4,905.63,0.0,3622.52,6260,0.0
6261,1793,248,3,107.97,0.0,323.91,6261,0.0
6262,1793,474,3,6.15,0.0,18.45,6262,0.0
6263,1793,345,5,821.75,0.0,4108.75,6263,0.0
6264,1794,203,7,187.76,0.0,1314.32,6264,0.0
6265,1795,446,1,951.29,0.0,951.29,6265,0.0
6266,1795,164,8,496.55,0.0,3972.4,6266,0.0
6267,1796,489,4,1000.04,0.0,4000.16,6267,0.0
6273,1798,384,2,1221.38,0.0,2442.76,6273,0.0
6275,1798,261,2,775.92,0.26,1148.36,6275,0.26
6276,1799,68,4,694.74,0.0,2778.96,6276,0.0
6277,1799,232,8,327.54,0.0,2620.32,6277,0.0
6278,1800,444,6,357.4,0.0,2144.4,6278,0.0
6279,1800,440,4,1362.96,0.0,5451.84,6279,0.0
6280,1800,73,5,929.22,0.0,4646.1,6280,0.0
6281,1800,5,6,575.36,0.0,3452.16,6281,0.0
6282,1800,58,6,359.63,0.0,2157.78,6282,0.0
6283,1801,374,1,938.33,0.0,938.33,6283,0.0
6284,1801,303,5,1182.9,0.0,5914.5,6284,0.0
6285,1801,346,7,1336.48,0.0,9355.36,6285,0.0
6286,1801,69,8,50.08,0.23,308.49,6286,0.23
6287,1801,458,2,630.8,0.0,1261.6,6287,0.0
6288,1801,159,3,134.95,0.0,404.85,6288,0.0
6289,1802,207,3,671.72,0.0,2015.16,6289,0.0
6290,1802,345,8,679.63,0.0,5437.04,6290,0.0
6291,1802,271,1,792.08,0.4,475.25,6291,0.4
6292,1802,246,8,1283.51,0.0,10268.08,6292,0.0
6293,1802,208,1,1316.0,0.0,1316.0,6293,0.0
6294,1802,19,2,1198.07,0.0,2396.14,6294,0.0
6295,1803,297,2,136.12,0.0,272.24,6295,0.0
6296,1803,207,7,1136.05,0.0,7952.35,6296,0.0
6298,1805,416,7,947.57,0.0,6632.99,6298,0.0
6299,1805,296,3,271.69,0.0,815.07,6299,0.0
6300,1806,58,4,610.61,0.0,2442.44,6300,0.0
6301,1806,395,1,824.87,0.0,824.87,6301,0.0
6302,1807,401,5,881.12,0.0,4405.6,6302,0.0
6303,1807,309,4,73.74,0.0,294.96,6303,0.0
6304,1807,236,7,720.74,0.0,5045.18,6304,0.0
6305,1807,211,6,1382.62,0.0,8295.72,6305,0.0
6306,1807,444,6,771.22,0.0,4627.32,6306,0.0
6307,1807,75,3,52.87,0.34,104.68,6307,0.34
6308,1808,394,4,161.32,0.36,412.98,6308,0.36
6309,1808,307,2,961.1,0.0,1922.2,6309,0.0
6310,1808,404,2,244.27,0.0,488.54,6310,0.0
6311,1808,135,5,815.25,0.0,4076.25,6311,0.0
6312,1808,130,1,810.79,0.0,810.79,6312,0.0
6313,1809,173,5,464.16,0.0,2320.8,6313,0.0
6319,1811,395,5,1201.46,0.0,6007.3,6319,0.0
6320,1811,248,4,1100.0,0.25,3300.0,6320,0.25
6321,1811,309,4,341.98,0.0,1367.92,6321,0.0
6322,1811,435,1,157.76,0.0,157.76,6322,0.0
6323,1811,468,6,1337.3,0.0,8023.8,6323,0.0
6324,1811,425,6,1300.85,0.0,7805.1,6324,0.0
6325,1812,391,4,785.71,0.0,3142.84,6325,0.0
6326,1812,85,6,296.28,0.0,1777.68,6326,0.0
6327,1812,431,3,511.48,0.13,1334.96,6327,0.13
6328,1813,61,6,959.15,0.25,4316.17,6328,0.25
6329,1813,407,7,603.94,0.0,4227.58,6329,0.0
6330,1814,188,3,455.32,0.0,1365.96,6330,0.0
6331,1814,179,2,74.52,0.0,149.04,6331,0.0
6332,1814,175,4,487.14,0.0,1948.56,6332,0.0
6333,1815,111,4,1022.59,0.4,2454.22,6333,0.4
6334,1815,341,6,398.4,0.23,1840.61,6334,0.23
6335,1815,211,3,306.88,0.0,920.64,6335,0.0
6336,1816,246,7,561.22,0.13,3417.83,6336,0.13
6337,1816,209,8,842.36,0.0,6738.88,6337,0.0
6338,1816,394,8,920.55,0.29,5228.72,6338,0.29
6339,1817,4,8,101.24,0.0,809.92,6339,0.0
6341,1817,148,7,922.81,0.0,6459.67,6341,0.0
6342,1817,370,3,92.78,0.0,278.34,6342,0.0
6343,1817,413,5,1092.18,0.0,5460.9,6343,0.0
6344,1818,142,7,1167.4,0.3,5720.26,6344,0.3
6345,1818,449,6,1450.16,0.0,8700.96,6345,0.0
6346,1818,454,2,1239.07,0.0,2478.14,6346,0.0
6347,1818,379,4,107.33,0.0,429.32,6347,0.0
6348,1819,87,4,1370.19,0.0,5480.76,6348,0.0
6349,1819,118,8,119.3,0.11,849.42,6349,0.11
6350,1819,437,8,1160.46,0.0,9283.68,6350,0.0
6351,1820,183,3,1441.89,0.0,4325.67,6351,0.0
6352,1821,347,1,955.05,0.0,955.05,6352,0.0
6353,1821,397,7,421.65,0.0,2951.55,6353,0.0
6354,1821,224,1,1082.37,0.0,1082.37,6354,0.0
6355,1821,87,4,421.65,0.0,1686.6,6355,0.0
6356,1821,90,2,1149.8,0.0,2299.6,6356,0.0
6357,1821,64,1,1016.41,0.0,1016.41,6357,0.0
6358,1822,111,1,180.8,0.0,180.8,6358,0.0
6360,1822,200,7,430.64,0.0,3014.48,6360,0.0
6361,1822,75,1,654.7,0.0,654.7,6361,0.0
6362,1823,234,4,984.86,0.0,3939.44,6362,0.0
6363,1824,326,1,773.71,0.0,773.71,6363,0.0
6364,1824,118,4,697.08,0.09,2537.37,6364,0.09
6365,1824,254,6,1092.38,0.0,6554.28,6365,0.0
6366,1825,21,3,443.42,0.0,1330.26,6366,0.0
6367,1825,393,8,819.86,0.0,6558.88,6367,0.0
6368,1825,246,4,261.03,0.0,1044.12,6368,0.0
6369,1825,396,6,363.63,0.0,2181.78,6369,0.0
6370,1826,335,4,164.41,0.0,657.64,6370,0.0
6371,1827,308,8,138.0,0.0,1104.0,6371,0.0
6372,1828,318,7,788.61,0.0,5520.27,6372,0.0
6373,1828,84,3,652.91,0.0,1958.73,6373,0.0
6374,1828,258,2,683.79,0.0,1367.58,6374,0.0
6375,1828,19,5,563.34,0.0,2816.7,6375,0.0
6376,1828,324,3,866.67,0.0,2600.01,6376,0.0
6377,1828,429,2,998.73,0.26,1478.12,6377,0.26
6378,1829,270,8,1061.89,0.0,8495.12,6378,0.0
6379,1829,34,4,49.82,0.0,199.28,6379,0.0
6380,1829,54,5,421.4,0.0,2107.0,6380,0.0
6381,1829,236,2,184.82,0.16,310.5,6381,0.16
6382,1829,7,7,1158.28,0.0,8107.96,6382,0.0
6383,1829,347,5,1190.38,0.0,5951.9,6383,0.0
6384,1830,368,4,207.78,0.0,831.12,6384,0.0
6393,1833,458,6,1215.02,0.0,7290.12,6393,0.0
6394,1833,331,1,17.73,0.0,17.73,6394,0.0
6395,1833,113,1,924.67,0.0,924.67,6395,0.0
6396,1833,302,2,194.64,0.0,389.28,6396,0.0
6397,1834,49,2,274.32,0.0,548.64,6397,0.0
6398,1834,259,1,177.65,0.22,138.57,6398,0.22
6399,1834,397,7,1020.44,0.0,7143.08,6399,0.0
6400,1834,273,4,276.17,0.0,1104.68,6400,0.0
6401,1834,108,4,425.55,0.0,1702.2,6401,0.0
6402,1835,358,7,743.42,0.0,5203.94,6402,0.0
6403,1835,38,2,779.18,0.0,1558.36,6403,0.0
6404,1836,318,6,1460.17,0.0,8761.02,6404,0.0
6405,1837,251,1,1299.54,0.31,896.68,6405,0.31
6406,1837,287,1,362.14,0.12,318.68,6406,0.12
6407,1837,381,2,994.2,0.0,1988.4,6407,0.0
6408,1837,305,7,461.24,0.0,3228.68,6408,0.0
6409,1837,245,7,960.19,0.0,6721.33,6409,0.0
6410,1837,100,8,178.21,0.0,1425.68,6410,0.0
6411,1838,329,1,622.54,0.0,622.54,6411,0.0
6412,1838,412,4,1341.77,0.1,4830.37,6412,0.1
6413,1838,42,1,1450.66,0.0,1450.66,6413,0.0
6414,1839,474,1,909.95,0.0,909.95,6414,0.0
6415,1839,397,1,1453.89,0.0,1453.89,6415,0.0
6416,1840,411,1,699.64,0.0,699.64,6416,0.0
6417,1841,7,2,548.56,0.0,1097.12,6417,0.0
6418,1842,422,1,1123.42,0.0,1123.42,6418,0.0
6419,1843,423,7,382.51,0.34,1767.2,6419,0.34
6420,1843,288,1,189.13,0.0,189.13,6420,0.0
6421,1844,465,5,1339.28,0.0,6696.4,6421,0.0
6422,1844,114,7,432.38,0.32,2058.13,6422,0.32
6423,1844,81,8,778.6,0.0,6228.8,6423,0.0
6424,1844,339,4,891.58,0.0,3566.32,6424,0.0
6425,1845,447,2,948.2,0.0,1896.4,6425,0.0
6426,1845,54,1,1149.6,0.0,1149.6,6426,0.0
6427,1845,467,1,239.94,0.0,239.94,6427,0.0
6428,1845,251,8,555.59,0.0,4444.72,6428,0.0
6429,1845,116,4,17.03,0.0,68.12,6429,0.0
6430,1846,258,7,1134.98,0.0,7944.86,6430,0.0
6431,1846,397,3,597.25,0.0,1791.75,6431,0.0
6432,1846,485,5,839.19,0.2,3356.76,6432,0.2
6433,1847,17,4,1232.06,0.0,4928.24,6433,0.0
6434,1847,108,7,1324.46,0.0,9271.22,6434,0.0
6435,1847,197,1,1347.21,0.0,1347.21,6435,0.0
6436,1848,335,2,906.94,0.0,1813.88,6436,0.0
6437,1848,93,3,572.12,0.0,1716.36,6437,0.0
6438,1848,372,7,338.47,0.0,2369.29,6438,0.0
6439,1848,479,3,364.67,0.11,973.67,6439,0.11
6440,1848,48,5,1290.17,0.08,5934.78,6440,0.08
6441,1848,36,7,513.98,0.0,3597.86,6441,0.0
6442,1849,21,8,917.3,0.0,7338.4,6442,0.0
6443,1849,230,6,1477.0,0.0,8862.0,6443,0.0
6444,1849,465,1,983.04,0.08,904.4,6444,0.08
6445,1849,442,1,311.03,0.0,311.03,6445,0.0
6446,1849,174,3,1449.93,0.0,4349.79,6446,0.0
6447,1850,407,5,756.64,0.39,2307.75,6447,0.39
6448,1850,316,3,334.8,0.0,1004.4,6448,0.0
6449,1850,197,3,591.87,0.0,1775.61,6449,0.0
6450,1850,68,3,1409.02,0.39,2578.51,6450,0.39
6451,1850,302,2,240.97,0.0,481.94,6451,0.0
6452,1850,138,1,749.93,0.0,749.93,6452,0.0
6453,1851,304,3,814.34,0.0,2443.02,6453,0.0
6454,1852,479,8,275.02,0.35,1430.1,6454,0.35
6455,1852,378,4,1212.02,0.0,4848.08,6455,0.0
6456,1853,271,1,1056.72,0.0,1056.72,6456,0.0
6457,1853,222,1,921.73,0.0,921.73,6457,0.0
6458,1853,363,8,1270.37,0.0,10162.96,6458,0.0
6459,1853,398,4,1072.79,0.15,3647.49,6459,0.15
6460,1854,355,7,1255.16,0.0,8786.12,6460,0.0
6461,1854,168,5,827.57,0.0,4137.85,6461,0.0
6462,1854,141,1,108.39,0.0,108.39,6462,0.0
6463,1855,168,2,809.67,0.0,1619.34,6463,0.0
6464,1855,174,4,1191.43,0.0,4765.72,6464,0.0
6465,1856,31,2,208.26,0.0,416.52,6465,0.0
6466,1856,274,2,686.28,0.0,1372.56,6466,0.0
6467,1856,169,6,1249.94,0.0,7499.64,6467,0.0
6468,1856,92,4,1313.29,0.0,5253.16,6468,0.0
6469,1857,74,7,502.01,0.0,3514.07,6469,0.0
6470,1857,192,8,638.83,0.2,4088.51,6470,0.2
6471,1857,296,1,1324.42,0.0,1324.42,6471,0.0
6472,1857,60,5,615.07,0.0,3075.35,6472,0.0
6473,1857,105,1,145.17,0.0,145.17,6473,0.0
6474,1858,150,7,608.29,0.0,4258.03,6474,0.0
6475,1859,333,3,9.41,0.0,28.23,6475,0.0
6477,1859,82,5,461.05,0.0,2305.25,6477,0.0
6478,1859,269,2,663.65,0.0,1327.3,6478,0.0
6479,1859,18,2,1101.04,0.0,2202.08,6479,0.0
6480,1859,186,1,342.74,0.0,342.74,6480,0.0
6481,1860,407,1,1355.21,0.32,921.54,6481,0.32
6482,1860,287,1,63.77,0.23,49.1,6482,0.23
6483,1861,169,6,1017.24,0.0,6103.44,6483,0.0
6484,1861,390,5,655.12,0.0,3275.6,6484,0.0
6485,1861,271,1,364.01,0.0,364.01,6485,0.0
6486,1862,2,2,196.75,0.0,393.5,6486,0.0
6487,1863,126,5,384.58,0.0,1922.9,6487,0.0
6488,1863,3,7,686.78,0.14,4134.42,6488,0.14
6489,1863,196,6,312.04,0.0,1872.24,6489,0.0
6490,1864,290,2,395.14,0.0,790.28,6490,0.0
6491,1864,436,3,754.88,0.0,2264.64,6491,0.0
6492,1864,309,7,229.04,0.0,1603.28,6492,0.0
6493,1864,142,7,708.25,0.0,4957.75,6493,0.0
6494,1864,50,6,787.46,0.0,4724.76,6494,0.0
6495,1864,394,4,500.11,0.0,2000.44,6495,0.0
6499,1866,80,8,1170.85,0.26,6931.43,6499,0.26
6500,1866,454,6,231.27,0.0,1387.62,6500,0.0
6501,1866,61,4,641.32,0.4,1539.17,6501,0.4
6502,1866,104,7,417.19,0.0,2920.33,6502,0.0
6503,1867,229,7,986.19,0.0,6903.33,6503,0.0
6504,1867,77,7,237.63,0.14,1430.53,6504,0.14
6505,1867,349,8,291.18,0.06,2189.67,6505,0.06
6506,1867,193,6,1147.07,0.0,6882.42,6506,0.0
6507,1868,349,7,1399.68,0.0,9797.76,6507,0.0
6508,1868,234,2,927.29,0.33,1242.57,6508,0.33
6509,1869,246,3,271.03,0.0,813.09,6509,0.0
6510,1869,16,1,839.42,0.0,839.42,6510,0.0
6511,1869,45,3,1352.51,0.0,4057.53,6511,0.0
6512,1869,385,7,374.84,0.29,1862.95,6512,0.29
6513,1869,78,4,1052.96,0.0,4211.84,6513,0.0
6514,1870,233,2,7.48,0.0,14.96,6514,0.0
6515,1870,181,5,450.95,0.0,2254.75,6515,0.0
6516,1870,183,4,656.86,0.0,2627.44,6516,0.0
6517,1871,189,3,621.97,0.0,1865.91,6517,0.0
6518,1871,204,6,592.08,0.0,3552.48,6518,0.0
6519,1871,23,1,78.82,0.0,78.82,6519,0.0
6520,1871,157,4,1004.24,0.0,4016.96,6520,0.0
6521,1871,148,4,1067.69,0.19,3459.32,6521,0.19
6522,1871,377,8,1173.95,0.0,9391.6,6522,0.0
6523,1872,384,1,443.51,0.0,443.51,6523,0.0
6524,1872,223,5,1204.35,0.0,6021.75,6524,0.0
6525,1872,305,6,187.13,0.0,1122.78,6525,0.0
6526,1873,223,6,581.92,0.0,3491.52,6526,0.0
6527,1874,344,2,1199.76,0.4,1439.71,6527,0.4
6528,1875,494,3,563.62,0.0,1690.86,6528,0.0
6529,1875,425,3,1015.84,0.0,3047.52,6529,0.0
6531,1875,257,3,251.98,0.0,755.94,6531,0.0
6532,1875,21,7,856.83,0.0,5997.81,6532,0.0
6533,1876,25,4,695.67,0.0,2782.68,6533,0.0
6534,1876,66,6,462.37,0.0,2774.22,6534,0.0
6535,1876,45,8,61.2,0.0,489.6,6535,0.0
6536,1877,199,1,206.21,0.08,189.71,6536,0.08
6537,1877,495,3,772.6,0.0,2317.8,6537,0.0
6539,1878,26,1,261.8,0.0,261.8,6539,0.0
6540,1879,234,2,339.06,0.0,678.12,6540,0.0
6541,1879,286,4,544.0,0.0,2176.0,6541,0.0
6542,1879,362,3,507.01,0.0,1521.03,6542,0.0
6543,1879,458,4,786.87,0.0,3147.48,6543,0.0
6544,1879,114,2,224.49,0.0,448.98,6544,0.0
6545,1879,141,7,1230.62,0.0,8614.34,6545,0.0
6546,1880,434,4,1426.36,0.0,5705.44,6546,0.0
6547,1881,258,6,249.62,0.0,1497.72,6547,0.0
6548,1881,267,2,251.7,0.0,503.4,6548,0.0
6549,1881,132,5,833.06,0.0,4165.3,6549,0.0
6550,1882,56,2,410.2,0.0,820.4,6550,0.0
6551,1882,56,1,257.34,0.0,257.34,6551,0.0
6552,1882,371,7,617.46,0.0,4322.22,6552,0.0
6553,1883,374,8,1468.6,0.0,11748.8,6553,0.0
6554,1884,287,4,222.91,0.0,891.64,6554,0.0
6555,1884,121,3,1139.46,0.4,2051.03,6555,0.4
6556,1884,100,8,453.05,0.0,3624.4,6556,0.0
6557,1884,23,8,294.99,0.38,1463.15,6557,0.38
6558,1884,35,2,1249.88,0.18,2049.8,6558,0.18
6559,1885,447,1,1164.95,0.0,1164.95,6559,0.0
6560,1885,298,2,745.94,0.0,1491.88,6560,0.0
6561,1885,160,1,1216.6,0.0,1216.6,6561,0.0
6562,1885,455,7,587.8,0.0,4114.6,6562,0.0
6563,1885,246,3,819.53,0.0,2458.59,6563,0.0
6564,1886,374,3,1219.85,0.36,2342.11,6564,0.36
6565,1886,384,5,1492.44,0.28,5372.78,6565,0.28
6566,1886,282,2,976.51,0.0,1953.02,6566,0.0
6567,1886,204,2,133.54,0.0,267.08,6567,0.0
6568,1886,356,4,1027.37,0.0,4109.48,6568,0.0
6569,1887,165,5,990.03,0.0,4950.15,6569,0.0
6571,1888,72,4,295.09,0.0,1180.36,6571,0.0
6572,1888,13,5,1052.27,0.0,5261.35,6572,0.0
6573,1888,305,7,513.91,0.0,3597.37,6573,0.0
6574,1888,303,5,1004.82,0.0,5024.1,6574,0.0
6575,1888,357,4,872.1,0.0,3488.4,6575,0.0
6576,1888,356,7,1026.76,0.17,5965.48,6576,0.17
6577,1889,56,7,1446.72,0.0,10127.04,6577,0.0
6578,1889,231,1,142.66,0.0,142.66,6578,0.0
6579,1889,471,7,310.95,0.0,2176.65,6579,0.0
6580,1889,40,8,388.08,0.0,3104.64,6580,0.0
6581,1889,436,5,62.82,0.0,314.1,6581,0.0
6582,1889,439,8,544.61,0.0,4356.88,6582,0.0
6583,1890,442,3,1026.08,0.0,3078.24,6583,0.0
6584,1891,105,8,1249.3,0.22,7795.63,6584,0.22
6585,1891,167,1,973.64,0.0,973.64,6585,0.0
6586,1891,117,2,1220.43,0.0,2440.86,6586,0.0
6587,1891,497,1,725.59,0.19,587.73,6587,0.19
6588,1891,50,3,77.48,0.0,232.44,6588,0.0
6589,1891,164,4,902.53,0.0,3610.12,6589,0.0
6590,1892,495,4,1400.25,0.0,5601.0,6590,0.0
6591,1892,390,5,1108.62,0.0,5543.1,6591,0.0
6592,1892,70,3,811.14,0.29,1727.73,6592,0.29
6593,1892,318,3,1095.29,0.0,3285.87,6593,0.0
6594,1893,343,3,1272.34,0.08,3511.66,6594,0.08
6595,1893,389,8,1035.49,0.0,8283.92,6595,0.0
6596,1893,164,5,971.59,0.1,4372.16,6596,0.1
6597,1894,108,2,886.85,0.0,1773.7,6597,0.0
6598,1894,75,5,877.88,0.0,4389.4,6598,0.0
6599,1895,350,4,353.23,0.0,1412.92,6599,0.0
6600,1896,126,4,1197.41,0.0,4789.64,6600,0.0
6601,1897,349,7,329.93,0.0,2309.51,6601,0.0
6602,1897,300,4,998.03,0.0,3992.12,6602,0.0
6603,1897,189,8,498.72,0.0,3989.76,6603,0.0
6604,1898,241,1,412.3,0.0,412.3,6604,0.0
6605,1899,41,5,406.71,0.0,2033.55,6605,0.0
6606,1900,410,4,1416.23,0.0,5664.92,6606,0.0
6607,1900,488,2,950.69,0.0,1901.38,6607,0.0
6608,1900,48,4,797.58,0.0,3190.32,6608,0.0
6609,1900,87,2,613.14,0.0,1226.28,6609,0.0
6610,1901,342,4,174.74,0.0,698.96,6610,0.0
6611,1901,118,3,1385.25,0.0,4155.75,6611,0.0
6612,1901,441,3,820.67,0.0,2462.01,6612,0.0
6614,1902,134,3,1072.5,0.1,2895.75,6614,0.1
6615,1902,53,7,817.23,0.0,5720.61,6615,0.0
6616,1902,309,3,550.91,0.0,1652.73,6616,0.0
6617,1902,309,1,390.96,0.0,390.96,6617,0.0
6618,1902,471,3,419.79,0.0,1259.37,6618,0.0
6619,1903,78,8,879.09,0.0,7032.72,6619,0.0
6620,1903,437,4,68.09,0.0,272.36,6620,0.0
6621,1904,186,2,1287.03,0.0,2574.06,6621,0.0
6622,1904,491,4,45.82,0.0,183.28,6622,0.0
6623,1904,432,4,1038.95,0.11,3698.66,6623,0.11
6624,1904,399,6,126.4,0.0,758.4,6624,0.0
6625,1904,159,3,463.31,0.0,1389.93,6625,0.0
6626,1904,316,5,419.1,0.28,1508.76,6626,0.28
6627,1905,276,1,824.21,0.0,824.21,6627,0.0
6628,1905,80,1,1302.06,0.0,1302.06,6628,0.0
6629,1906,123,4,1387.37,0.0,5549.48,6629,0.0
6630,1907,351,3,449.26,0.0,1347.78,6630,0.0
6631,1907,489,1,1159.51,0.0,1159.51,6631,0.0
6632,1907,261,3,1251.81,0.0,3755.43,6632,0.0
6633,1907,385,1,720.54,0.0,720.54,6633,0.0
6634,1907,192,8,40.64,0.0,325.12,6634,0.0
6635,1907,86,3,1282.25,0.0,3846.75,6635,0.0
6636,1908,463,6,681.55,0.4,2453.58,6636,0.4
6637,1908,456,7,1038.6,0.0,7270.2,6637,0.0
6638,1909,312,3,523.99,0.0,1571.97,6638,0.0
6639,1909,261,2,1156.41,0.0,2312.82,6639,0.0
6640,1909,80,2,515.37,0.21,814.28,6640,0.21
6641,1909,192,2,740.79,0.0,1481.58,6641,0.0
6642,1909,139,5,213.96,0.0,1069.8,6642,0.0
6643,1910,180,3,998.43,0.0,2995.29,6643,0.0
6644,1910,113,4,199.89,0.0,799.56,6644,0.0
6645,1910,18,1,674.94,0.0,674.94,6645,0.0
6646,1911,145,5,804.3,0.0,4021.5,6646,0.0
6647,1911,109,2,690.43,0.0,1380.86,6647,0.0
6648,1911,167,5,576.84,0.0,2884.2,6648,0.0
6649,1912,225,6,196.1,0.0,1176.6,6649,0.0
6650,1912,227,6,647.81,0.0,3886.86,6650,0.0
6651,1912,133,7,682.16,0.0,4775.12,6651,0.0
6652,1912,318,7,843.86,0.0,5907.02,6652,0.0
6653,1912,415,1,723.89,0.0,723.89,6653,0.0
6654,1912,483,3,1448.79,0.0,4346.37,6654,0.0
6655,1913,8,7,1393.48,0.0,9754.36,6655,0.0
6656,1913,219,6,1188.31,0.0,7129.86,6656,0.0
6657,1914,254,4,428.82,0.0,1715.28,6657,0.0
6658,1914,212,8,112.63,0.0,901.04,6658,0.0
6659,1914,100,5,1251.41,0.0,6257.05,6659,0.0
6660,1914,313,4,1037.82,0.0,4151.28,6660,0.0
6661,1914,284,1,1330.32,0.0,1330.32,6661,0.0
6662,1914,76,1,538.58,0.0,538.58,6662,0.0
6663,1915,413,6,994.22,0.0,5965.32,6663,0.0
6664,1915,185,4,1323.08,0.0,5292.32,6664,0.0
6665,1915,473,8,247.61,0.38,1228.15,6665,0.38
6666,1915,74,4,987.04,0.26,2921.64,6666,0.26
6667,1915,111,1,192.08,0.1,172.87,6667,0.1
6668,1916,83,1,126.8,0.0,126.8,6668,0.0
6669,1916,410,7,574.57,0.0,4021.99,6669,0.0
6670,1916,426,7,928.79,0.0,6501.53,6670,0.0
6671,1916,497,4,1367.23,0.0,5468.92,6671,0.0
6672,1916,147,8,10.2,0.0,81.6,6672,0.0
6673,1917,92,7,1005.69,0.0,7039.83,6673,0.0
6674,1917,499,1,1420.53,0.0,1420.53,6674,0.0
6675,1917,29,7,1006.35,0.0,7044.45,6675,0.0
6677,1918,401,3,92.18,0.0,276.54,6677,0.0
6678,1918,226,4,725.26,0.0,2901.04,6678,0.0
6679,1918,487,4,564.22,0.0,2256.88,6679,0.0
6680,1919,275,5,61.89,0.0,309.45,6680,0.0
6681,1920,352,6,38.19,0.0,229.14,6681,0.0
6682,1920,181,2,944.73,0.0,1889.46,6682,0.0
6683,1920,269,1,1398.57,0.0,1398.57,6683,0.0
6684,1920,110,6,425.88,0.0,2555.28,6684,0.0
6685,1921,25,1,1399.03,0.0,1399.03,6685,0.0
6686,1921,431,4,1122.19,0.0,4488.76,6686,0.0
6687,1921,144,1,841.08,0.0,841.08,6687,0.0
6688,1921,381,6,1163.43,0.0,6980.58,6688,0.0
6689,1921,360,8,94.89,0.0,759.12,6689,0.0
6690,1922,433,3,1028.92,0.0,3086.76,6690,0.0
6691,1922,460,5,939.64,0.0,4698.2,6691,0.0
6692,1922,395,4,1391.97,0.0,5567.88,6692,0.0
6693,1922,425,8,598.32,0.0,4786.56,6693,0.0
6694,1922,76,5,510.98,0.0,2554.9,6694,0.0
6695,1922,270,7,1049.53,0.0,7346.71,6695,0.0
6696,1923,82,1,1381.37,0.27,1008.4,6696,0.27
6697,1923,412,3,759.39,0.0,2278.17,6697,0.0
6698,1923,209,6,328.26,0.2,1575.65,6698,0.2
6699,1923,87,3,1105.28,0.0,3315.84,6699,0.0
6700,1923,425,4,1262.07,0.0,5048.28,6700,0.0
6701,1923,256,1,59.44,0.0,59.44,6701,0.0
6702,1924,262,5,311.83,0.07,1450.01,6702,0.07
6703,1924,178,1,421.21,0.0,421.21,6703,0.0
6704,1924,274,2,598.09,0.0,1196.18,6704,0.0
6705,1924,380,5,371.82,0.0,1859.1,6705,0.0
6706,1924,465,6,1338.2,0.0,8029.2,6706,0.0
6707,1924,455,5,761.54,0.09,3465.01,6707,0.09
6708,1925,342,8,1173.26,0.0,9386.08,6708,0.0
6709,1925,194,6,516.32,0.0,3097.92,6709,0.0
6710,1926,296,2,116.98,0.0,233.96,6710,0.0
6711,1926,320,2,21.53,0.0,43.06,6711,0.0
6712,1926,349,2,240.58,0.0,481.16,6712,0.0
6713,1926,252,2,138.32,0.0,276.64,6713,0.0
6714,1926,25,5,326.03,0.0,1630.15,6714,0.0
6715,1927,413,2,115.03,0.0,230.06,6715,0.0
6716,1927,144,1,1320.41,0.0,1320.41,6716,0.0
6717,1927,418,8,693.25,0.0,5546.0,6717,0.0
6718,1927,382,1,813.8,0.0,813.8,6718,0.0
6719,1928,306,8,527.25,0.0,4218.0,6719,0.0
6720,1928,409,6,51.31,0.0,307.86,6720,0.0
6721,1928,138,1,968.66,0.0,968.66,6721,0.0
6722,1928,129,1,925.57,0.0,925.57,6722,0.0
6723,1928,459,8,189.68,0.0,1517.44,6723,0.0
6730,1930,479,7,611.03,0.0,4277.21,6730,0.0
6731,1930,142,3,125.85,0.0,377.55,6731,0.0
6732,1930,113,6,1136.31,0.0,6817.86,6732,0.0
6733,1931,232,6,822.58,0.14,4244.51,6733,0.14
6734,1932,220,1,697.67,0.0,697.67,6734,0.0
6735,1932,121,7,1041.24,0.0,7288.68,6735,0.0
6736,1933,85,5,568.39,0.07,2643.01,6736,0.07
6737,1933,173,5,881.22,0.0,4406.1,6737,0.0
6738,1934,340,4,419.87,0.0,1679.48,6738,0.0
6739,1934,81,3,397.98,0.0,1193.94,6739,0.0
6740,1935,28,5,206.36,0.0,1031.8,6740,0.0
6741,1935,461,6,1490.86,0.0,8945.16,6741,0.0
6742,1935,154,1,72.84,0.0,72.84,6742,0.0
6743,1936,198,7,203.16,0.0,1422.12,6743,0.0
6744,1936,237,5,1193.35,0.0,5966.75,6744,0.0
6745,1936,58,2,888.24,0.0,1776.48,6745,0.0
6746,1936,338,5,1052.66,0.0,5263.3,6746,0.0
6747,1936,448,2,248.4,0.0,496.8,6747,0.0
6748,1936,196,6,999.75,0.0,5998.5,6748,0.0
6749,1937,445,7,940.43,0.33,4410.62,6749,0.33
6750,1937,57,6,227.18,0.0,1363.08,6750,0.0
6751,1937,181,6,715.28,0.0,4291.68,6751,0.0
6752,1938,380,8,413.07,0.06,3106.29,6752,0.06
6753,1938,456,6,270.06,0.0,1620.36,6753,0.0
6754,1938,211,8,1337.93,0.0,10703.44,6754,0.0
6755,1938,269,5,695.15,0.0,3475.75,6755,0.0
6756,1938,75,7,322.82,0.0,2259.74,6756,0.0
6757,1939,83,3,220.79,0.0,662.37,6757,0.0
6758,1939,132,2,217.52,0.0,435.04,6758,0.0
6759,1940,495,7,836.84,0.0,5857.88,6759,0.0
6760,1940,220,8,536.28,0.0,4290.24,6760,0.0
6761,1940,383,1,508.5,0.0,508.5,6761,0.0
6762,1941,287,8,1464.12,0.0,11712.96,6762,0.0
6763,1941,272,3,57.57,0.0,172.71,6763,0.0
6764,1941,57,6,593.99,0.0,3563.94,6764,0.0
6765,1941,88,8,787.31,0.0,6298.48,6765,0.0
6766,1941,97,2,1297.37,0.0,2594.74,6766,0.0
6767,1941,430,1,854.57,0.0,854.57,6767,0.0
6770,1943,105,3,392.36,0.0,1177.08,6770,0.0
6772,1943,122,3,183.93,0.0,551.79,6772,0.0
6773,1944,299,1,127.95,0.0,127.95,6773,0.0
6774,1944,353,1,1338.69,0.0,1338.69,6774,0.0
6775,1945,406,2,1486.9,0.0,2973.8,6775,0.0
6776,1945,443,3,171.07,0.0,513.21,6776,0.0
6777,1945,425,3,208.87,0.0,626.61,6777,0.0
6778,1945,87,6,849.42,0.36,3261.77,6778,0.36
6779,1945,408,3,744.12,0.16,1875.18,6779,0.16
6780,1945,338,3,88.46,0.0,265.38,6780,0.0
6781,1946,90,2,806.04,0.19,1305.78,6781,0.19
6782,1947,269,5,1193.33,0.0,5966.65,6782,0.0
6783,1947,80,2,899.13,0.14,1546.5,6783,0.14
6784,1947,14,2,1496.43,0.0,2992.86,6784,0.0
6785,1947,344,3,594.95,0.0,1784.85,6785,0.0
6786,1947,169,8,888.25,0.33,4761.02,6786,0.33
6787,1947,377,5,1435.6,0.0,7178.0,6787,0.0
6788,1948,308,3,397.25,0.0,1191.75,6788,0.0
6789,1948,267,2,491.21,0.0,982.42,6789,0.0
6793,1950,269,3,645.17,0.0,1935.51,6793,0.0
6794,1951,371,2,239.43,0.0,478.86,6794,0.0
6795,1951,61,2,152.0,0.35,197.6,6795,0.35
6796,1952,302,1,1047.84,0.0,1047.84,6796,0.0
6797,1952,364,8,698.66,0.3,3912.5,6797,0.3
6798,1952,310,7,1362.66,0.0,9538.62,6798,0.0
6799,1952,165,6,324.28,0.0,1945.68,6799,0.0
6800,1953,101,5,1242.64,0.0,6213.2,6800,0.0
6801,1953,437,1,525.19,0.0,525.19,6801,0.0
6802,1953,461,4,311.95,0.0,1247.8,6802,0.0
6803,1954,229,1,890.26,0.0,890.26,6803,0.0
6804,1954,293,5,1025.51,0.19,4153.32,6804,0.19
6805,1954,102,1,1347.71,0.0,1347.71,6805,0.0
6806,1954,253,2,1454.48,0.12,2559.88,6806,0.12
6807,1955,257,2,738.7,0.0,1477.4,6807,0.0
6808,1956,118,6,1041.74,0.0,6250.44,6808,0.0
6809,1956,301,4,966.94,0.36,2475.37,6809,0.36
6810,1956,354,5,1497.7,0.0,7488.5,6810,0.0
6811,1956,296,1,844.97,0.0,844.97,6811,0.0
6812,1956,16,8,1356.26,0.0,10850.08,6812,0.0
6813,1956,158,7,1060.45,0.0,7423.15,6813,0.0
6814,1957,208,7,13.26,0.0,92.82,6814,0.0
6815,1957,466,7,930.84,0.0,6515.88,6815,0.0
6816,1957,244,3,1287.31,0.0,3861.93,6816,0.0
6817,1958,471,6,721.83,0.0,4330.98,6817,0.0
6818,1958,60,8,224.63,0.0,1797.04,6818,0.0
6819,1958,258,6,292.74,0.0,1756.44,6819,0.0
6820,1958,22,7,591.77,0.0,4142.39,6820,0.0
6821,1958,278,8,1469.8,0.0,11758.4,6821,0.0
6822,1958,313,4,642.58,0.0,2570.32,6822,0.0
6827,1960,37,2,572.35,0.17,950.1,6827,0.17
6828,1960,480,1,845.32,0.0,845.32,6828,0.0
6829,1960,266,7,508.44,0.0,3559.08,6829,0.0
6830,1960,250,6,19.08,0.0,114.48,6830,0.0
6831,1960,97,7,826.39,0.0,5784.73,6831,0.0
6832,1961,316,1,980.1,0.0,980.1,6832,0.0
6833,1961,491,4,672.64,0.0,2690.56,6833,0.0
6834,1962,18,2,1234.4,0.0,2468.8,6834,0.0
6835,1962,208,8,200.33,0.0,1602.64,6835,0.0
6836,1962,214,2,652.94,0.0,1305.88,6836,0.0
6837,1962,130,4,1122.51,0.0,4490.04,6837,0.0
6838,1962,216,5,1050.46,0.0,5252.3,6838,0.0
6839,1962,177,4,1353.32,0.0,5413.28,6839,0.0
6840,1963,397,6,903.0,0.0,5418.0,6840,0.0
6841,1963,198,2,481.26,0.0,962.52,6841,0.0
6842,1963,203,1,769.99,0.0,769.99,6842,0.0
6843,1963,210,3,1052.01,0.06,2966.67,6843,0.06
6844,1963,251,8,1409.34,0.06,10598.24,6844,0.06
6845,1964,352,3,727.83,0.0,2183.49,6845,0.0
6846,1964,188,7,705.59,0.0,4939.13,6846,0.0
6847,1965,414,7,613.4,0.0,4293.8,6847,0.0
6851,1968,364,5,1297.22,0.0,6486.1,6851,0.0
6852,1968,252,2,958.88,0.0,1917.76,6852,0.0
6853,1969,298,4,470.09,0.0,1880.36,6853,0.0
6854,1969,177,3,191.21,0.19,464.64,6854,0.19
6855,1970,267,2,927.63,0.0,1855.26,6855,0.0
6856,1970,200,7,99.47,0.0,696.29,6856,0.0
6857,1970,5,7,200.71,0.0,1404.97,6857,0.0
6858,1970,478,6,608.52,0.0,3651.12,6858,0.0
6859,1971,44,6,239.84,0.0,1439.04,6859,0.0
6860,1971,11,6,679.66,0.0,4077.96,6860,0.0
6861,1971,460,6,197.82,0.0,1186.92,6861,0.0
6862,1971,164,1,1405.09,0.0,1405.09,6862,0.0
6863,1971,170,2,658.45,0.0,1316.9,6863,0.0
6864,1972,115,8,870.78,0.0,6966.24,6864,0.0
6865,1972,87,2,277.67,0.0,555.34,6865,0.0
6866,1972,495,7,1340.93,0.0,9386.51,6866,0.0
6867,1972,436,2,727.66,0.0,1455.32,6867,0.0
6868,1972,146,8,1187.44,0.0,9499.52,6868,0.0
6869,1973,435,1,345.26,0.0,345.26,6869,0.0
6870,1974,101,7,347.53,0.0,2432.71,6870,0.0
6871,1975,68,5,985.03,0.0,4925.15,6871,0.0
6872,1975,193,4,572.58,0.0,2290.32,6872,0.0
6873,1975,66,7,731.49,0.0,5120.43,6873,0.0
6874,1975,263,2,624.46,0.0,1248.92,6874,0.0
6875,1975,352,3,245.38,0.0,736.14,6875,0.0
6876,1975,149,3,792.23,0.0,2376.69,6876,0.0
6877,1976,466,5,733.86,0.0,3669.3,6877,0.0
6878,1976,210,5,853.51,0.0,4267.55,6878,0.0
6879,1976,170,3,24.18,0.0,72.54,6879,0.0
6880,1977,151,1,652.55,0.21,515.51,6880,0.21
6881,1977,383,2,824.25,0.0,1648.5,6881,0.0
6882,1977,455,6,317.79,0.0,1906.74,6882,0.0
6883,1977,12,4,46.8,0.0,187.2,6883,0.0
6884,1977,17,5,107.55,0.0,537.75,6884,0.0
6885,1978,362,5,1056.31,0.0,5281.55,6885,0.0
6886,1978,232,2,173.46,0.0,346.92,6886,0.0
6887,1978,176,8,161.31,0.0,1290.48,6887,0.0
6888,1978,17,1,576.05,0.0,576.05,6888,0.0
6889,1979,424,8,687.29,0.0,5498.32,6889,0.0
6894,1981,455,1,640.46,0.0,640.46,6894,0.0
6895,1982,267,6,336.26,0.0,2017.56,6895,0.0
6896,1982,456,2,155.34,0.0,310.68,6896,0.0
6897,1982,252,4,573.9,0.0,2295.6,6897,0.0
6898,1983,132,5,683.12,0.0,3415.6,6898,0.0
6899,1983,87,4,485.69,0.0,1942.76,6899,0.0
6900,1984,321,2,6.04,0.0,12.08,6900,0.0
6901,1984,477,4,361.16,0.0,1444.64,6901,0.0
6902,1985,206,2,23.7,0.29,33.65,6902,0.29
6903,1985,430,2,1112.29,0.0,2224.58,6903,0.0
6907,1987,353,7,580.31,0.0,4062.17,6907,0.0
6908,1987,381,7,1330.13,0.0,9310.91,6908,0.0
6909,1988,364,7,632.47,0.0,4427.29,6909,0.0
6910,1988,345,7,524.0,0.0,3668.0,6910,0.0
6911,1988,104,5,562.81,0.0,2814.05,6911,0.0
6912,1989,99,8,1481.96,0.34,7824.75,6912,0.34
6913,1989,441,2,1462.07,0.0,2924.14,6913,0.0
6914,1990,201,7,1265.11,0.0,8855.77,6914,0.0
6915,1991,182,1,335.92,0.0,335.92,6915,0.0
6917,1993,102,2,220.11,0.0,440.22,6917,0.0
6918,1993,390,3,1312.85,0.0,3938.55,6918,0.0
6919,1993,496,5,225.39,0.0,1126.95,6919,0.0
6924,1995,399,5,332.42,0.0,1662.1,6924,0.0
6925,1995,273,8,776.3,0.0,6210.4,6925,0.0
6926,1996,266,4,685.4,0.0,2741.6,6926,0.0
6927,1996,292,2,439.72,0.0,879.44,6927,0.0
6928,1996,328,8,82.77,0.0,662.16,6928,0.0
6929,1996,407,5,145.61,0.0,728.05,6929,0.0
6930,1997,216,4,186.46,0.0,745.84,6930,0.0
6931,1997,84,6,905.67,0.0,5434.02,6931,0.0
6932,1997,283,5,725.88,0.0,3629.4,6932,0.0
6933,1997,82,8,1278.89,0.0,10231.12,6933,0.0
6934,1997,472,4,802.4,0.0,3209.6,6934,0.0
6935,1998,419,4,300.34,0.0,1201.36,6935,0.0
6936,1998,120,8,1357.58,0.0,10860.64,6936,0.0
6937,1998,428,1,73.86,0.0,73.86,6937,0.0
6938,1999,172,5,872.78,0.0,4363.9,6938,0.0
6939,1999,25,8,118.67,0.0,949.36,6939,0.0
6940,1999,88,7,64.81,0.0,453.67,6940,0.0
6941,1999,87,3,1414.32,0.0,4242.96,6941,0.0
6942,1999,45,7,182.64,0.0,1278.48,6942,0.0
6943,1999,41,5,190.73,0.0,953.65,6943,0.0
6944,2000,146,3,1369.72,0.0,4109.16,6944,0.0
6945,2000,277,3,156.46,0.0,469.38,6945,0.0
6946,2000,441,7,268.74,0.0,1881.18,6946,0.0
6947,2000,376,6,1211.9,0.0,7271.4,6947,0.0
6948,2000,311,6,216.52,0.0,1299.12,6948,0.0
6949,2000,58,4,305.66,0.0,1222.64,6949,0.0
6950,2001,290,6,420.92,0.0,2525.52,6950,0.0
6951,2001,230,7,269.44,0.0,1886.08,6951,0.0
6952,2001,365,8,1028.44,0.0,8227.52,6952,0.0
6953,2002,142,4,62.51,0.0,250.04,6953,0.0
6954,2002,499,1,407.79,0.0,407.79,6954,0.0
6955,2002,213,8,44.3,0.0,354.4,6955,0.0
6956,2002,378,8,1353.92,0.0,10831.36,6956,0.0
6957,2002,470,7,188.48,0.26,976.33,6957,0.26
6958,2003,395,7,409.9,0.0,2869.3,6958,0.0
6959,2003,220,4,1171.1,0.38,2904.33,6959,0.38
6960,2003,135,2,773.59,0.23,1191.33,6960,0.23
6961,2003,107,4,214.09,0.0,856.36,6961,0.0
6962,2003,330,1,1065.02,0.0,1065.02,6962,0.0
6963,2004,158,4,16.02,0.0,64.08,6963,0.0
6964,2004,134,2,379.49,0.0,758.98,6964,0.0
6965,2004,354,4,182.65,0.0,730.6,6965,0.0
6966,2004,299,6,691.5,0.0,4149.0,6966,0.0
6967,2005,35,7,698.3,0.0,4888.1,6967,0.0
6968,2005,301,6,270.77,0.0,1624.62,6968,0.0
6969,2005,199,6,1278.89,0.0,7673.34,6969,0.0
6970,2006,358,7,16.84,0.07,109.63,6970,0.07
6971,2006,113,2,731.78,0.0,1463.56,6971,0.0
6972,2006,423,1,222.7,0.0,222.7,6972,0.0
6973,2006,291,6,1424.12,0.25,6408.54,6973,0.25
6974,2006,425,3,1031.51,0.0,3094.53,6974,0.0
6975,2007,93,5,831.94,0.0,4159.7,6975,0.0
6976,2007,291,5,762.3,0.0,3811.5,6976,0.0
6978,2009,100,8,34.64,0.0,277.12,6978,0.0
6979,2009,5,4,439.33,0.0,1757.32,6979,0.0
6980,2009,26,6,1148.93,0.34,4549.76,6980,0.34
6981,2009,357,6,1272.96,0.0,7637.76,6981,0.0
6982,2009,275,6,845.86,0.0,5075.16,6982,0.0
6983,2010,398,1,1367.99,0.0,1367.99,6983,0.0
6984,2010,180,2,155.48,0.0,310.96,6984,0.0
6985,2010,53,5,500.93,0.0,2504.65,6985,0.0
6986,2011,183,3,29.61,0.39,54.19,6986,0.39
6987,2011,426,8,1328.31,0.0,10626.48,6987,0.0
6988,2012,269,6,956.77,0.0,5740.62,6988,0.0
6989,2012,368,3,1495.87,0.0,4487.61,6989,0.0
6990,2012,349,7,1172.64,0.0,8208.48,6990,0.0
6991,2013,296,6,24.47,0.0,146.82,6991,0.0
6992,2013,19,5,41.06,0.0,205.3,6992,0.0
6993,2013,247,4,174.73,0.0,698.92,6993,0.0
6994,2014,96,5,605.42,0.0,3027.1,6994,0.0
6995,2014,275,1,222.22,0.0,222.22,6995,0.0
6999,2016,162,1,661.82,0.0,661.82,6999,0.0
7000,2016,308,1,662.94,0.0,662.94,7000,0.0
7001,2017,54,3,88.8,0.3,186.48,7001,0.3
7002,2017,344,5,711.22,0.0,3556.1,7002,0.0
7003,2017,458,6,1468.76,0.0,8812.56,7003,0.0
7004,2017,191,5,1201.21,0.2,4804.84,7004,0.2
7011,2019,329,2,318.8,0.0,637.6,7011,0.0
7012,2019,210,3,1301.1,0.0,3903.3,7012,0.0
7013,2019,244,3,171.61,0.0,514.83,7013,0.0
7014,2020,228,1,1224.44,0.0,1224.44,7014,0.0
7015,2020,360,5,1120.31,0.32,3809.05,7015,0.32
7016,2020,233,5,655.41,0.0,3277.05,7016,0.0
7017,2020,210,4,1342.85,0.0,5371.4,7017,0.0
7019,2021,373,3,164.73,0.0,494.19,7019,0.0
7021,2021,488,4,686.78,0.11,2444.94,7021,0.11
7022,2021,141,1,798.95,0.0,798.95,7022,0.0
7023,2021,357,6,701.91,0.0,4211.46,7023,0.0
7024,2021,133,3,902.95,0.37,1706.58,7024,0.37
7029,2023,283,8,39.03,0.0,312.24,7029,0.0
7030,2023,126,3,518.1,0.0,1554.3,7030,0.0
7031,2023,315,5,868.42,0.0,4342.1,7031,0.0
7032,2023,231,5,1479.91,0.0,7399.55,7032,0.0
7033,2024,234,6,10.81,0.06,60.97,7033,0.06
7034,2024,473,2,752.35,0.0,1504.7,7034,0.0
7035,2025,383,3,150.84,0.36,289.61,7035,0.36
7036,2025,288,7,574.64,0.0,4022.48,7036,0.0
7037,2025,216,2,798.56,0.0,1597.12,7037,0.0
7038,2025,465,5,1139.78,0.0,5698.9,7038,0.0
7039,2025,234,5,776.56,0.0,3882.8,7039,0.0
7040,2025,421,3,807.63,0.0,2422.89,7040,0.0
7041,2026,33,4,710.17,0.0,2840.68,7041,0.0
7042,2027,390,2,1064.15,0.0,2128.3,7042,0.0
7043,2027,339,5,900.98,0.0,4504.9,7043,0.0
7044,2027,481,8,1268.56,0.23,7814.33,7044,0.23
7045,2028,459,2,1339.58,0.0,2679.16,7045,0.0
7046,2028,74,2,332.46,0.0,664.92,7046,0.0
7047,2028,497,7,1291.0,0.0,9037.0,7047,0.0
7048,2028,495,7,1191.32,0.0,8339.24,7048,0.0
7049,2029,27,2,653.61,0.0,1307.22,7049,0.0
7050,2029,419,1,330.3,0.0,330.3,7050,0.0
7051,2029,78,8,768.32,0.0,6146.56,7051,0.0
7052,2029,368,8,278.36,0.0,2226.88,7052,0.0
7053,2029,277,1,378.5,0.0,378.5,7053,0.0
7054,2030,127,4,955.4,0.0,3821.6,7054,0.0
7055,2030,64,3,15.27,0.4,27.49,7055,0.4
7056,2031,478,2,1132.14,0.0,2264.28,7056,0.0
7057,2031,384,5,514.04,0.0,2570.2,7057,0.0
7058,2031,492,2,1213.44,0.0,2426.88,7058,0.0
7059,2031,480,3,359.84,0.0,1079.52,7059,0.0
7060,2031,71,8,242.95,0.0,1943.6,7060,0.0
7061,2031,227,2,478.99,0.0,957.98,7061,0.0
7062,2032,133,2,193.0,0.0,386.0,7062,0.0
7063,2032,143,2,1306.31,0.33,1750.46,7063,0.33
7064,2032,485,4,1119.36,0.0,4477.44,7064,0.0
7065,2033,126,2,1353.09,0.0,2706.18,7065,0.0
7066,2033,239,6,926.1,0.0,5556.6,7066,0.0
7067,2034,144,2,600.33,0.27,876.48,7067,0.27
7068,2034,257,2,327.98,0.0,655.96,7068,0.0
7069,2034,381,6,1305.55,0.0,7833.3,7069,0.0
7070,2034,213,7,609.99,0.0,4269.93,7070,0.0
7071,2034,395,6,46.48,0.18,228.68,7071,0.18
7072,2034,39,5,228.94,0.0,1144.7,7072,0.0
7073,2035,379,1,874.45,0.0,874.45,7073,0.0
7074,2036,453,7,476.72,0.0,3337.04,7074,0.0
7075,2036,10,3,392.06,0.32,799.8,7075,0.32
7076,2036,321,2,241.7,0.0,483.4,7076,0.0
7077,2036,240,5,179.07,0.0,895.35,7077,0.0
7078,2037,349,2,52.93,0.0,105.86,7078,0.0
7079,2038,302,7,571.76,0.0,4002.32,7079,0.0
7080,2039,102,8,275.59,0.0,2204.72,7080,0.0
7081,2039,454,8,941.73,0.0,7533.84,7081,0.0
7082,2039,231,6,116.47,0.0,698.82,7082,0.0
7083,2039,270,7,314.2,0.0,2199.4,7083,0.0
7084,2039,481,8,891.12,0.0,7128.96,7084,0.0
7085,2040,464,4,815.95,0.0,3263.8,7085,0.0
7086,2040,205,7,222.54,0.14,1339.69,7086,0.14
7087,2040,50,1,1017.64,0.37,641.11,7087,0.37
7088,2040,30,8,1389.39,0.0,11115.12,7088,0.0
7089,2040,430,3,453.09,0.0,1359.27,7089,0.0
7090,2040,278,1,1201.71,0.0,1201.71,7090,0.0
7091,2041,10,3,645.54,0.0,1936.62,7091,0.0
7092,2041,207,3,887.43,0.29,1890.23,7092,0.29
7093,2041,437,2,549.93,0.0,1099.86,7093,0.0
7094,2041,290,5,1215.38,0.0,6076.9,7094,0.0
7095,2041,142,6,398.2,0.0,2389.2,7095,0.0
7096,2042,227,8,394.53,0.0,3156.24,7096,0.0
7097,2042,487,5,807.68,0.0,4038.4,7097,0.0
7098,2042,80,7,322.75,0.0,2259.25,7098,0.0
7099,2042,188,3,608.94,0.0,1826.82,7099,0.0
7100,2042,331,5,875.96,0.0,4379.8,7100,0.0
7101,2043,57,2,133.25,0.0,266.5,7101,0.0
7102,2043,221,2,113.91,0.0,227.82,7102,0.0
7103,2043,397,6,1271.17,0.0,7627.02,7103,0.0
7104,2043,238,5,1472.43,0.0,7362.15,7104,0.0
7105,2043,128,5,1043.37,0.0,5216.85,7105,0.0
7106,2043,95,8,166.96,0.0,1335.68,7106,0.0
7111,2045,18,1,297.88,0.0,297.88,7111,0.0
7112,2045,102,1,1286.53,0.0,1286.53,7112,0.0
7113,2045,377,6,255.8,0.0,1534.8,7113,0.0
7114,2045,455,6,711.87,0.0,4271.22,7114,0.0
7115,2046,356,1,798.38,0.33,534.91,7115,0.33
7116,2047,91,8,94.85,0.0,758.8,7116,0.0
7117,2047,440,8,913.85,0.29,5190.67,7117,0.29
7118,2048,315,6,967.74,0.33,3890.31,7118,0.33
7119,2048,370,3,633.82,0.0,1901.46,7119,0.0
7120,2048,200,5,332.42,0.0,1662.1,7120,0.0
7121,2049,382,3,663.05,0.0,1989.15,7121,0.0
7122,2049,232,7,1224.51,0.0,8571.57,7122,0.0
7123,2049,140,2,327.31,0.0,654.62,7123,0.0
7124,2049,207,4,1000.76,0.0,4003.04,7124,0.0
7125,2050,393,5,1091.76,0.18,4476.22,7125,0.18
7126,2051,236,3,799.38,0.0,2398.14,7126,0.0
7127,2051,292,2,124.73,0.0,249.46,7127,0.0
7128,2052,225,6,89.88,0.0,539.28,7128,0.0
7129,2052,484,7,1426.11,0.0,9982.77,7129,0.0
7130,2053,185,3,140.28,0.27,307.21,7130,0.27
7131,2053,44,3,225.05,0.0,675.15,7131,0.0
7132,2053,227,1,269.42,0.0,269.42,7132,0.0
7133,2053,356,2,1034.98,0.0,2069.96,7133,0.0
7134,2054,47,1,132.27,0.0,132.27,7134,0.0
7135,2054,371,7,463.7,0.0,3245.9,7135,0.0
7136,2054,397,3,560.18,0.0,1680.54,7136,0.0
7137,2054,52,6,309.78,0.0,1858.68,7137,0.0
7138,2055,179,7,1149.7,0.0,8047.9,7138,0.0
7139,2055,99,6,711.89,0.0,4271.34,7139,0.0
7140,2055,454,5,102.35,0.0,511.75,7140,0.0
7141,2055,244,7,1384.99,0.0,9694.93,7141,0.0
7142,2055,104,2,1431.97,0.08,2634.82,7142,0.08
7143,2055,369,2,498.82,0.0,997.64,7143,0.0
7144,2056,103,3,414.04,0.0,1242.12,7144,0.0
7145,2056,277,2,678.37,0.34,895.45,7145,0.34
7149,2058,63,3,896.06,0.17,2231.19,7149,0.17
7150,2058,167,6,427.79,0.0,2566.74,7150,0.0
7154,2060,309,4,252.06,0.0,1008.24,7154,0.0
7155,2060,479,1,324.37,0.0,324.37,7155,0.0
7156,2060,353,5,599.15,0.0,2995.75,7156,0.0
7157,2061,430,8,1070.23,0.0,8561.84,7157,0.0
7158,2061,203,3,774.56,0.0,2323.68,7158,0.0
7159,2062,346,1,1039.64,0.0,1039.64,7159,0.0
7160,2063,110,1,1242.6,0.0,1242.6,7160,0.0
7161,2063,122,7,540.24,0.0,3781.68,7161,0.0
7162,2063,366,1,1022.57,0.28,736.25,7162,0.28
7163,2063,451,3,861.06,0.18,2118.21,7163,0.18
7164,2064,201,1,708.27,0.0,708.27,7164,0.0
7165,2064,12,2,715.65,0.0,1431.3,7165,0.0
7166,2064,490,6,240.37,0.0,1442.22,7166,0.0
7167,2065,346,4,829.71,0.0,3318.84,7167,0.0
7168,2065,459,1,715.65,0.0,715.65,7168,0.0
7172,2067,476,3,590.0,0.0,1770.0,7172,0.0
7173,2067,187,1,1280.1,0.0,1280.1,7173,0.0
7174,2067,378,2,478.56,0.0,957.12,7174,0.0
7175,2068,215,1,229.46,0.05,217.99,7175,0.05
7176,2068,279,5,217.97,0.0,1089.85,7176,0.0
7177,2068,34,7,709.77,0.0,4968.39,7177,0.0
7178,2068,12,2,1282.59,0.0,2565.18,7178,0.0
7179,2069,219,2,401.93,0.19,651.13,7179,0.19
7180,2069,471,6,1452.9,0.0,8717.4,7180,0.0
7181,2069,214,7,921.25,0.0,6448.75,7181,0.0
7182,2069,22,5,921.75,0.0,4608.75,7182,0.0
7183,2069,464,5,137.96,0.0,689.8,7183,0.0
7187,2071,380,3,683.12,0.0,2049.36,7187,0.0
7188,2071,339,4,1481.82,0.0,5927.28,7188,0.0
7189,2071,322,8,383.63,0.0,3069.04,7189,0.0
7190,2071,277,7,362.79,0.0,2539.53,7190,0.0
7191,2072,420,4,539.43,0.0,2157.72,7191,0.0
7192,2073,306,1,1123.82,0.0,1123.82,7192,0.0
7193,2073,229,2,341.3,0.0,682.6,7193,0.0
7194,2073,480,3,107.87,0.0,323.61,7194,0.0
7195,2074,259,4,1499.23,0.14,5157.35,7195,0.14
7196,2074,106,5,636.84,0.0,3184.2,7196,0.0
7197,2074,116,3,1242.32,0.29,2646.14,7197,0.29
7198,2074,381,2,447.9,0.0,895.8,7198,0.0
7199,2074,90,4,326.2,0.0,1304.8,7199,0.0
7200,2075,104,8,257.63,0.2,1648.83,7200,0.2
7201,2075,29,6,390.97,0.0,2345.82,7201,0.0
7202,2075,233,2,1319.88,0.0,2639.76,7202,0.0
7203,2075,395,1,683.3,0.0,683.3,7203,0.0
7204,2075,458,3,420.66,0.0,1261.98,7204,0.0
7205,2076,398,2,847.43,0.0,1694.86,7205,0.0
7206,2076,348,3,460.13,0.0,1380.39,7206,0.0
7207,2076,79,3,258.58,0.0,775.74,7207,0.0
7208,2076,294,7,31.3,0.0,219.1,7208,0.0
7209,2076,176,7,1140.08,0.12,7022.89,7209,0.12
7210,2077,17,3,502.61,0.0,1507.83,7210,0.0
7211,2077,462,7,805.38,0.0,5637.66,7211,0.0
7212,2077,26,6,319.83,0.0,1918.98,7212,0.0
7213,2077,82,1,540.48,0.0,540.48,7213,0.0
7214,2077,244,8,529.14,0.0,4233.12,7214,0.0
7215,2077,189,1,949.98,0.0,949.98,7215,0.0
7216,2078,72,4,1292.18,0.0,5168.72,7216,0.0
7217,2078,459,7,1167.19,0.0,8170.33,7217,0.0
7219,2080,337,5,1116.91,0.0,5584.55,7219,0.0
7220,2080,335,8,834.25,0.0,6674.0,7220,0.0
7221,2080,55,8,565.57,0.0,4524.56,7221,0.0
7222,2081,179,5,1164.09,0.1,5238.4,7222,0.1
7223,2081,455,8,59.38,0.0,475.04,7223,0.0
7224,2081,487,1,990.71,0.0,990.71,7224,0.0
7225,2081,471,8,935.11,0.14,6433.56,7225,0.14
7226,2082,91,5,1445.56,0.19,5854.52,7226,0.19
7227,2082,4,3,817.49,0.0,2452.47,7227,0.0
7228,2082,458,4,387.27,0.0,1549.08,7228,0.0
7229,2082,230,8,963.79,0.0,7710.32,7229,0.0
7230,2082,125,1,1259.96,0.0,1259.96,7230,0.0
7231,2082,436,2,138.36,0.0,276.72,7231,0.0
7232,2083,402,3,845.7,0.0,2537.1,7232,0.0
7233,2084,456,6,1425.06,0.0,8550.36,7233,0.0
7234,2084,351,4,170.14,0.31,469.59,7234,0.31
7235,2084,376,5,247.11,0.0,1235.55,7235,0.0
7236,2084,182,6,276.24,0.07,1541.42,7236,0.07
7238,2085,245,2,1196.11,0.19,1937.7,7238,0.19
7239,2086,109,7,853.68,0.0,5975.76,7239,0.0
7240,2086,22,5,636.08,0.08,2925.97,7240,0.08
7241,2086,4,3,554.97,0.0,1664.91,7241,0.0
7242,2086,110,6,1129.18,0.14,5826.57,7242,0.14
7243,2087,409,1,632.47,0.23,487.0,7243,0.23
7244,2087,307,1,1491.04,0.0,1491.04,7244,0.0
7245,2087,387,7,372.3,0.1,2345.49,7245,0.1
7246,2087,409,3,826.66,0.0,2479.98,7246,0.0
7247,2087,137,1,765.14,0.0,765.14,7247,0.0
7248,2088,499,6,892.89,0.0,5357.34,7248,0.0
7249,2088,308,8,1169.13,0.0,9353.04,7249,0.0
7250,2088,403,3,686.43,0.0,2059.29,7250,0.0
7251,2089,74,6,237.62,0.0,1425.72,7251,0.0
7252,2089,198,5,114.22,0.0,571.1,7252,0.0
7253,2089,14,8,1469.02,0.0,11752.16,7253,0.0
7254,2089,188,5,1388.3,0.18,5692.03,7254,0.18
7255,2090,201,3,722.92,0.0,2168.76,7255,0.0
7257,2090,80,3,509.02,0.0,1527.06,7257,0.0
7258,2090,343,3,396.79,0.22,928.49,7258,0.22
7259,2090,463,3,420.92,0.21,997.58,7259,0.21
7260,2091,77,3,937.31,0.23,2165.19,7260,0.23
7261,2091,252,5,984.9,0.0,4924.5,7261,0.0
7262,2091,424,6,447.38,0.0,2684.28,7262,0.0
7263,2091,255,2,903.96,0.06,1699.44,7263,0.06
7264,2092,142,2,721.4,0.0,1442.8,7264,0.0
7265,2093,256,2,991.01,0.0,1982.02,7265,0.0
7266,2093,11,7,1160.24,0.0,8121.68,7266,0.0
7267,2093,375,3,1067.55,0.0,3202.65,7267,0.0
7268,2094,417,8,431.14,0.0,3449.12,7268,0.0
7270,2094,313,8,60.58,0.26,358.63,7270,0.26
7271,2094,14,6,188.23,0.0,1129.38,7271,0.0
7272,2094,168,5,1493.68,0.0,7468.4,7272,0.0
7273,2095,363,4,129.6,0.0,518.4,7273,0.0
7274,2095,395,6,1046.55,0.0,6279.3,7274,0.0
7275,2095,205,3,1308.02,0.0,3924.06,7275,0.0
7276,2095,64,7,350.69,0.0,2454.83,7276,0.0
7277,2095,392,2,304.18,0.35,395.43,7277,0.35
7280,2097,63,1,745.89,0.0,745.89,7280,0.0
7281,2097,92,6,15.26,0.0,91.56,7281,0.0
7282,2097,54,1,1137.42,0.0,1137.42,7282,0.0
7283,2097,117,5,530.3,0.0,2651.5,7283,0.0
7284,2098,167,1,66.43,0.08,61.12,7284,0.08
7285,2098,402,5,1447.47,0.0,7237.35,7285,0.0
7286,2098,178,6,821.26,0.0,4927.56,7286,0.0
7287,2099,12,4,1017.48,0.0,4069.92,7287,0.0
7288,2099,152,2,35.18,0.0,70.36,7288,0.0
7289,2099,363,5,1249.29,0.13,5434.41,7289,0.13
7290,2099,326,5,154.28,0.0,771.4,7290,0.0
7291,2099,7,5,1060.37,0.0,5301.85,7291,0.0
7292,2099,216,7,277.14,0.0,1939.98,7292,0.0
7293,2100,386,4,1213.97,0.0,4855.88,7293,0.0
7295,2102,265,4,768.22,0.0,3072.88,7295,0.0
7296,2103,210,8,182.53,0.06,1372.63,7296,0.06
7297,2103,462,1,702.37,0.0,702.37,7297,0.0
7298,2103,122,8,236.57,0.0,1892.56,7298,0.0
7299,2103,6,1,916.23,0.0,916.23,7299,0.0
7301,2103,305,2,1456.93,0.0,2913.86,7301,0.0
7302,2104,94,6,143.51,0.0,861.06,7302,0.0
7303,2104,272,2,822.3,0.0,1644.6,7303,0.0
7304,2104,10,7,163.58,0.27,835.89,7304,0.27
7305,2105,462,3,874.93,0.0,2624.79,7305,0.0
7306,2106,167,3,704.07,0.24,1605.28,7306,0.24
7307,2106,371,4,1368.67,0.0,5474.68,7307,0.0
7308,2106,303,2,958.94,0.0,1917.88,7308,0.0
7309,2106,498,2,773.05,0.0,1546.1,7309,0.0
7310,2106,480,7,686.12,0.0,4802.84,7310,0.0
7311,2106,415,1,885.65,0.0,885.65,7311,0.0
7312,2107,171,3,1117.43,0.0,3352.29,7312,0.0
7313,2107,273,4,45.49,0.34,120.09,7313,0.34
7314,2107,319,3,1389.65,0.0,4168.95,7314,0.0
7315,2107,344,8,1219.37,0.0,9754.96,7315,0.0
7316,2108,92,5,657.12,0.0,3285.6,7316,0.0
7317,2108,473,1,10.12,0.31,6.98,7317,0.31
7318,2108,290,1,978.4,0.0,978.4,7318,0.0
7319,2108,40,6,825.0,0.0,4950.0,7319,0.0
7320,2108,151,7,369.9,0.0,2589.3,7320,0.0
7321,2108,294,1,16.17,0.0,16.17,7321,0.0
7322,2109,262,3,221.4,0.0,664.2,7322,0.0
7324,2110,305,1,739.3,0.0,739.3,7324,0.0
7325,2110,241,8,521.94,0.0,4175.52,7325,0.0
7326,2110,424,1,1169.08,0.0,1169.08,7326,0.0
7327,2110,159,1,562.59,0.0,562.59,7327,0.0
7328,2111,398,5,1105.17,0.0,5525.85,7328,0.0
7329,2112,482,6,465.59,0.06,2625.93,7329,0.06
7330,2112,52,1,1244.37,0.0,1244.37,7330,0.0
7331,2112,268,6,1465.92,0.0,8795.52,7331,0.0
7332,2112,397,1,818.63,0.0,818.63,7332,0.0
7333,2112,135,5,691.39,0.19,2800.13,7333,0.19
7334,2113,274,3,183.88,0.0,551.64,7334,0.0
7335,2113,282,4,146.69,0.0,586.76,7335,0.0
7336,2113,352,4,1074.07,0.34,2835.54,7336,0.34
7337,2113,88,6,452.98,0.0,2717.88,7337,0.0
7338,2113,350,5,726.93,0.0,3634.65,7338,0.0
7339,2114,339,7,501.1,0.0,3507.7,7339,0.0
7340,2114,314,4,115.23,0.21,364.13,7340,0.21
7341,2114,431,5,363.23,0.0,1816.15,7341,0.0
7342,2114,487,6,5.99,0.0,35.94,7342,0.0
7343,2115,76,8,1064.35,0.0,8514.8,7343,0.0
7344,2115,195,8,813.02,0.0,6504.16,7344,0.0
7345,2115,416,5,550.28,0.0,2751.4,7345,0.0
7346,2115,434,7,1032.3,0.0,7226.1,7346,0.0
7347,2115,240,3,611.97,0.0,1835.91,7347,0.0
7348,2115,183,2,529.9,0.0,1059.8,7348,0.0
7349,2116,474,6,90.52,0.0,543.12,7349,0.0
7350,2117,182,5,711.74,0.0,3558.7,7350,0.0
7351,2117,32,1,171.1,0.39,104.37,7351,0.39
7352,2117,436,6,966.82,0.0,5800.92,7352,0.0
7353,2117,433,1,1202.13,0.0,1202.13,7353,0.0
7354,2117,396,7,1432.91,0.0,10030.37,7354,0.0
7355,2118,21,7,1339.28,0.0,9374.96,7355,0.0
7356,2118,180,8,851.28,0.0,6810.24,7356,0.0
7357,2119,36,8,859.83,0.0,6878.64,7357,0.0
7358,2120,171,4,344.22,0.0,1376.88,7358,0.0
7359,2120,111,6,684.84,0.0,4109.04,7359,0.0
7360,2120,19,7,1379.22,0.0,9654.54,7360,0.0
7361,2120,71,1,1278.26,0.0,1278.26,7361,0.0
7362,2121,72,5,691.21,0.0,3456.05,7362,0.0
7363,2121,263,6,1049.18,0.0,6295.08,7363,0.0
7364,2121,476,4,1298.85,0.0,5195.4,7364,0.0
7365,2121,67,8,845.36,0.0,6762.88,7365,0.0
7366,2122,79,6,1318.66,0.0,7911.96,7366,0.0
7367,2123,189,3,882.65,0.0,2647.95,7367,0.0
7368,2123,404,2,904.46,0.0,1808.92,7368,0.0
7369,2123,276,2,818.68,0.0,1637.36,7369,0.0
7370,2123,67,5,854.21,0.0,4271.05,7370,0.0
7371,2123,345,3,1379.08,0.0,4137.24,7371,0.0
7372,2124,379,2,626.86,0.08,1153.42,7372,0.08
7373,2124,45,4,1161.62,0.0,4646.48,7373,0.0
7374,2125,329,3,1180.7,0.37,2231.52,7374,0.37
7375,2125,441,8,480.4,0.0,3843.2,7375,0.0
7376,2126,434,7,592.88,0.0,4150.16,7376,0.0
7377,2126,38,5,178.64,0.0,893.2,7377,0.0
7379,2126,395,3,1175.05,0.0,3525.15,7379,0.0
7380,2126,109,7,52.03,0.0,364.21,7380,0.0
7381,2127,223,8,678.82,0.0,5430.56,7381,0.0
7382,2127,448,3,37.27,0.0,111.81,7382,0.0
7383,2127,157,1,358.74,0.1,322.87,7383,0.1
7384,2128,344,8,1274.4,0.0,10195.2,7384,0.0
7385,2128,1,5,273.31,0.34,901.92,7385,0.34
7386,2128,386,6,889.75,0.0,5338.5,7386,0.0
7387,2129,2,4,204.08,0.34,538.77,7387,0.34
7388,2129,468,7,308.35,0.0,2158.45,7388,0.0
7390,2129,410,7,665.72,0.0,4660.04,7390,0.0
7394,2131,451,3,573.01,0.0,1719.03,7394,0.0
7396,2133,109,4,977.18,0.0,3908.72,7396,0.0
7397,2133,282,1,1447.67,0.0,1447.67,7397,0.0
7398,2133,131,2,528.95,0.0,1057.9,7398,0.0
7402,2135,387,2,402.14,0.06,756.02,7402,0.06
7403,2135,236,2,727.91,0.0,1455.82,7403,0.0
7404,2135,336,2,1013.04,0.0,2026.08,7404,0.0
7405,2135,406,5,489.76,0.0,2448.8,7405,0.0
7406,2135,409,7,1390.42,0.0,9732.94,7406,0.0
7407,2136,163,2,356.66,0.0,713.32,7407,0.0
7408,2136,77,6,169.33,0.0,1015.98,7408,0.0
7411,2137,146,3,171.85,0.0,515.55,7411,0.0
7412,2138,96,4,1189.16,0.0,4756.64,7412,0.0
7413,2138,103,2,293.17,0.26,433.89,7413,0.26
7414,2138,185,5,785.32,0.0,3926.6,7414,0.0
7415,2138,43,2,1222.24,0.0,2444.48,7415,0.0
7416,2138,247,4,642.01,0.0,2568.04,7416,0.0
7417,2139,268,2,1243.67,0.08,2288.35,7417,0.08
7418,2139,209,2,1252.86,0.17,2079.75,7418,0.17
7419,2139,206,5,331.34,0.2,1325.36,7419,0.2
7420,2139,144,4,1224.79,0.0,4899.16,7420,0.0
7421,2139,146,8,76.6,0.0,612.8,7421,0.0
7422,2140,36,3,933.87,0.0,2801.61,7422,0.0
7423,2140,391,3,1087.74,0.0,3263.22,7423,0.0
7424,2140,135,1,626.39,0.0,626.39,7424,0.0
7425,2140,398,6,896.92,0.0,5381.52,7425,0.0
7428,2143,20,7,1103.51,0.0,7724.57,7428,0.0
7429,2144,242,6,1465.17,0.25,6593.26,7429,0.25
7430,2144,386,5,1271.74,0.0,6358.7,7430,0.0
7431,2144,458,7,1252.43,0.0,8767.01,7431,0.0
7432,2144,278,3,78.17,0.0,234.51,7432,0.0
7433,2145,203,2,548.02,0.0,1096.04,7433,0.0
7434,2145,415,4,291.54,0.0,1166.16,7434,0.0
7435,2146,194,5,1027.79,0.0,5138.95,7435,0.0
7436,2146,429,2,912.91,0.08,1679.75,7436,0.08
7437,2146,486,1,594.91,0.0,594.91,7437,0.0
7438,2146,64,5,266.3,0.0,1331.5,7438,0.0
7439,2146,232,2,1079.21,0.38,1338.22,7439,0.38
7440,2147,103,8,1278.0,0.0,10224.0,7440,0.0
7441,2147,334,3,1128.86,0.17,2810.86,7441,0.17
7442,2147,56,6,975.92,0.35,3806.09,7442,0.35
7443,2147,468,5,863.8,0.0,4319.0,7443,0.0
7444,2147,39,1,665.58,0.0,665.58,7444,0.0
7445,2148,386,7,1106.42,0.0,7744.94,7445,0.0
7446,2148,329,5,1338.02,0.0,6690.1,7446,0.0
7448,2149,99,2,1327.83,0.07,2469.76,7448,0.07
7449,2149,195,6,408.91,0.0,2453.46,7449,0.0
7450,2149,384,7,729.16,0.0,5104.12,7450,0.0
7451,2149,402,2,1317.73,0.0,2635.46,7451,0.0
7452,2149,343,6,22.21,0.0,133.26,7452,0.0
7453,2149,259,1,1340.95,0.0,1340.95,7453,0.0
7454,2150,281,1,1363.63,0.0,1363.63,7454,0.0
7455,2151,320,4,681.94,0.0,2727.76,7455,0.0
7456,2151,93,8,1166.56,0.0,9332.48,7456,0.0
7457,2151,370,3,38.61,0.0,115.83,7457,0.0
7458,2152,210,7,1325.98,0.0,9281.86,7458,0.0
7459,2152,251,8,729.44,0.0,5835.52,7459,0.0
7460,2153,30,4,480.08,0.0,1920.32,7460,0.0
7467,2155,80,6,458.34,0.0,2750.04,7467,0.0
7468,2155,195,1,1135.04,0.0,1135.04,7468,0.0
7469,2156,217,3,140.84,0.0,422.52,7469,0.0
7470,2156,380,6,1020.91,0.12,5390.4,7470,0.12
7471,2156,74,7,637.05,0.0,4459.35,7471,0.0
7472,2156,100,1,710.12,0.0,710.12,7472,0.0
7473,2156,343,2,243.11,0.0,486.22,7473,0.0
7474,2157,170,4,1451.37,0.0,5805.48,7474,0.0
7475,2157,426,4,1455.93,0.0,5823.72,7475,0.0
7476,2158,72,2,1463.19,0.0,2926.38,7476,0.0
7477,2158,458,4,573.22,0.0,2292.88,7477,0.0
7478,2159,289,6,408.5,0.0,2451.0,7478,0.0
7479,2159,478,7,61.35,0.0,429.45,7479,0.0
7480,2159,122,4,989.26,0.0,3957.04,7480,0.0
7481,2159,387,3,1057.84,0.0,3173.52,7481,0.0
7482,2159,352,4,899.05,0.23,2769.07,7482,0.23
7483,2160,169,8,64.86,0.0,518.88,7483,0.0
7484,2160,470,1,60.04,0.0,60.04,7484,0.0
7485,2160,461,8,1162.96,0.0,9303.68,7485,0.0
7486,2160,486,5,916.21,0.0,4581.05,7486,0.0
7492,2162,436,8,315.95,0.0,2527.6,7492,0.0
7493,2162,255,7,32.99,0.0,230.93,7493,0.0
7494,2162,176,7,111.4,0.0,779.8,7494,0.0
7495,2162,385,4,1059.5,0.0,4238.0,7495,0.0
7496,2162,45,8,1026.52,0.12,7226.7,7496,0.12
7497,2162,307,4,1424.04,0.0,5696.16,7497,0.0
7498,2163,125,2,1294.86,0.0,2589.72,7498,0.0
7499,2163,123,1,493.0,0.08,453.56,7499,0.08
7500,2164,391,7,433.18,0.0,3032.26,7500,0.0
7501,2164,465,3,1066.85,0.0,3200.55,7501,0.0
7502,2164,395,5,1321.77,0.0,6608.85,7502,0.0
7503,2164,367,1,884.04,0.0,884.04,7503,0.0
7507,2166,371,8,553.11,0.0,4424.88,7507,0.0
7508,2166,159,5,876.95,0.0,4384.75,7508,0.0
7509,2166,364,7,145.16,0.09,924.67,7509,0.09
7510,2166,368,2,66.35,0.0,132.7,7510,0.0
7511,2166,278,8,869.9,0.0,6959.2,7511,0.0
7514,2168,310,6,682.19,0.0,4093.14,7514,0.0
7515,2169,480,7,849.35,0.0,5945.45,7515,0.0
7516,2169,332,2,517.68,0.0,1035.36,7516,0.0
7517,2170,122,8,1363.86,0.0,10910.88,7517,0.0
7518,2170,139,4,1195.99,0.0,4783.96,7518,0.0
7519,2171,384,6,661.43,0.0,3968.58,7519,0.0
7520,2172,476,6,1356.46,0.0,8138.76,7520,0.0
7521,2172,141,3,1252.5,0.0,3757.5,7521,0.0
7522,2172,217,2,295.91,0.0,591.82,7522,0.0
7523,2172,224,1,192.06,0.0,192.06,7523,0.0
7524,2173,122,6,772.24,0.0,4633.44,7524,0.0
7525,2174,55,2,1119.12,0.0,2238.24,7525,0.0
7526,2174,385,1,117.72,0.0,117.72,7526,0.0
7527,2174,23,2,168.18,0.0,336.36,7527,0.0
7528,2174,478,5,381.81,0.05,1813.6,7528,0.05
7529,2175,53,4,423.86,0.0,1695.44,7529,0.0
7530,2175,437,7,1301.78,0.0,9112.46,7530,0.0
7531,2175,91,2,1360.27,0.0,2720.54,7531,0.0
7532,2175,48,4,295.23,0.06,1110.06,7532,0.06
7533,2175,289,1,562.78,0.0,562.78,7533,0.0
7534,2175,249,6,106.34,0.0,638.04,7534,0.0
7535,2176,348,2,1498.15,0.0,2996.3,7535,0.0
7536,2176,310,2,1164.55,0.0,2329.1,7536,0.0
7537,2177,229,8,720.01,0.0,5760.08,7537,0.0
7538,2178,225,5,1277.22,0.0,6386.1,7538,0.0
7539,2178,111,8,166.89,0.0,1335.12,7539,0.0
7540,2179,193,1,1177.23,0.17,977.1,7540,0.17
7541,2179,231,3,753.21,0.29,1604.34,7541,0.29
7542,2179,249,5,85.1,0.0,425.5,7542,0.0
7543,2180,337,7,690.52,0.0,4833.64,7543,0.0
7544,2181,93,2,880.46,0.0,1760.92,7544,0.0
7545,2181,279,4,180.72,0.0,722.88,7545,0.0
7546,2181,479,2,822.43,0.0,1644.86,7546,0.0
7547,2182,369,5,1221.52,0.0,6107.6,7547,0.0
7548,2182,11,4,206.72,0.0,826.88,7548,0.0
7549,2183,42,6,486.64,0.0,2919.84,7549,0.0
7550,2183,81,5,1312.54,0.0,6562.7,7550,0.0
7551,2183,402,4,62.46,0.0,249.84,7551,0.0
7552,2183,363,2,23.31,0.0,46.62,7552,0.0
7553,2184,482,7,630.22,0.0,4411.54,7553,0.0
7554,2184,232,3,1452.15,0.34,2875.26,7554,0.34
7555,2184,19,1,1483.36,0.0,1483.36,7555,0.0
7556,2184,27,7,852.85,0.0,5969.95,7556,0.0
7557,2184,71,7,311.88,0.0,2183.16,7557,0.0
7558,2184,52,1,1492.3,0.36,955.07,7558,0.36
7559,2185,53,8,91.99,0.0,735.92,7559,0.0
7560,2185,66,7,1194.7,0.16,7024.84,7560,0.16
7561,2185,361,6,1177.04,0.0,7062.24,7561,0.0
7562,2185,266,6,1433.15,0.0,8598.9,7562,0.0
7563,2185,500,1,432.76,0.0,432.76,7563,0.0
7564,2186,299,6,30.28,0.0,181.68,7564,0.0
7565,2187,102,5,980.02,0.0,4900.1,7565,0.0
7566,2188,327,2,487.33,0.0,974.66,7566,0.0
7567,2188,102,7,1186.88,0.0,8308.16,7567,0.0
7568,2188,246,8,1101.34,0.0,8810.72,7568,0.0
7570,2190,155,6,100.65,0.0,603.9,7570,0.0
7571,2190,120,7,1131.91,0.0,7923.37,7571,0.0
7572,2190,381,3,225.48,0.0,676.44,7572,0.0
7573,2190,99,4,505.26,0.0,2021.04,7573,0.0
7574,2191,321,6,369.26,0.0,2215.56,7574,0.0
7575,2191,333,4,783.01,0.0,3132.04,7575,0.0
7576,2191,282,2,200.85,0.0,401.7,7576,0.0
7577,2191,217,1,83.2,0.0,83.2,7577,0.0
7578,2192,109,4,105.42,0.0,421.68,7578,0.0
7579,2192,94,4,424.34,0.0,1697.36,7579,0.0
7580,2192,374,7,1346.95,0.0,9428.65,7580,0.0
7581,2192,71,5,987.83,0.0,4939.15,7581,0.0
7582,2192,151,1,218.56,0.0,218.56,7582,0.0
7583,2192,358,4,1423.32,0.0,5693.28,7583,0.0
7584,2193,150,5,1035.04,0.0,5175.2,7584,0.0
7585,2193,480,5,409.53,0.0,2047.65,7585,0.0
7589,2195,35,7,930.25,0.0,6511.75,7589,0.0
7590,2196,249,2,1290.38,0.0,2580.76,7590,0.0
7591,2196,54,4,88.29,0.0,353.16,7591,0.0
7592,2197,379,5,538.91,0.0,2694.55,7592,0.0
7593,2198,334,1,566.23,0.0,566.23,7593,0.0
7594,2198,299,2,371.88,0.0,743.76,7594,0.0
7595,2198,261,3,1188.26,0.0,3564.78,7595,0.0
7596,2198,365,4,750.74,0.0,3002.96,7596,0.0
7597,2198,500,6,390.21,0.0,2341.26,7597,0.0
7605,2201,54,2,1268.03,0.37,1597.72,7605,0.37
7606,2202,193,3,585.06,0.0,1755.18,7606,0.0
7607,2202,380,2,1131.66,0.0,2263.32,7607,0.0
7608,2202,25,6,1245.97,0.0,7475.82,7608,0.0
7609,2202,289,8,964.72,0.0,7717.76,7609,0.0
7610,2203,227,2,149.29,0.3,209.01,7610,0.3
7611,2203,112,3,734.48,0.0,2203.44,7611,0.0
7612,2204,312,4,340.96,0.0,1363.84,7612,0.0
7613,2204,96,7,688.54,0.0,4819.78,7613,0.0
7614,2204,399,5,418.04,0.06,1964.79,7614,0.06
7615,2204,14,6,716.42,0.0,4298.52,7615,0.0
7616,2205,272,6,814.61,0.0,4887.66,7616,0.0
7617,2205,485,7,996.33,0.0,6974.31,7617,0.0
7618,2206,349,3,1416.4,0.0,4249.2,7618,0.0
7619,2207,187,7,1029.88,0.24,5478.96,7619,0.24
7620,2207,59,2,1189.75,0.09,2165.35,7620,0.09
7621,2207,116,5,434.91,0.0,2174.55,7621,0.0
7622,2208,64,2,1435.7,0.0,2871.4,7622,0.0
7623,2208,146,1,733.8,0.13,638.41,7623,0.13
7624,2208,81,5,1091.52,0.0,5457.6,7624,0.0
7625,2209,437,1,754.23,0.0,754.23,7625,0.0
7626,2209,158,3,1250.1,0.0,3750.3,7626,0.0
7627,2209,336,8,475.9,0.0,3807.2,7627,0.0
7628,2209,449,8,1256.01,0.0,10048.08,7628,0.0
7629,2209,257,1,965.05,0.2,772.04,7629,0.2
7630,2209,370,3,869.31,0.29,1851.63,7630,0.29
7631,2210,298,7,806.12,0.0,5642.84,7631,0.0
7632,2211,103,3,990.07,0.0,2970.21,7632,0.0
7633,2211,352,5,713.26,0.0,3566.3,7633,0.0
7634,2211,269,5,1251.96,0.05,5946.81,7634,0.05
7635,2211,177,4,1337.14,0.26,3957.93,7635,0.26
7636,2212,187,4,1338.51,0.0,5354.04,7636,0.0
7638,2212,345,6,888.43,0.12,4690.91,7638,0.12
7639,2213,233,8,998.3,0.0,7986.4,7639,0.0
7640,2213,409,6,1449.43,0.4,5217.95,7640,0.4
7641,2214,205,8,623.51,0.0,4988.08,7641,0.0
7642,2214,391,2,27.14,0.0,54.28,7642,0.0
7643,2214,37,7,161.57,0.0,1130.99,7643,0.0
7644,2215,53,1,735.76,0.0,735.76,7644,0.0
7645,2215,227,1,615.6,0.0,615.6,7645,0.0
7646,2216,47,1,222.65,0.0,222.65,7646,0.0
7647,2217,469,2,774.37,0.0,1548.74,7647,0.0
7648,2217,401,6,1207.42,0.0,7244.52,7648,0.0
7649,2217,181,7,651.46,0.0,4560.22,7649,0.0
7650,2217,351,2,229.29,0.0,458.58,7650,0.0
7652,2219,294,2,222.65,0.0,445.3,7652,0.0
7653,2219,327,8,1461.31,0.0,11690.48,7653,0.0
7654,2219,265,4,1122.62,0.0,4490.48,7654,0.0
7655,2219,31,8,1309.71,0.0,10477.68,7655,0.0
7656,2220,363,1,791.63,0.0,791.63,7656,0.0
7657,2220,104,1,554.95,0.0,554.95,7657,0.0
7658,2220,47,2,164.65,0.0,329.3,7658,0.0
7659,2220,59,2,305.4,0.11,543.61,7659,0.11
7668,2223,244,5,208.91,0.0,1044.55,7668,0.0
7669,2223,456,2,1453.54,0.0,2907.08,7669,0.0
7670,2223,311,6,169.02,0.09,922.85,7670,0.09
7671,2224,110,4,1311.41,0.0,5245.64,7671,0.0
7672,2224,261,6,1080.27,0.0,6481.62,7672,0.0
7673,2224,387,4,18.51,0.0,74.04,7673,0.0
7674,2224,486,4,758.88,0.0,3035.52,7674,0.0
7675,2224,465,1,245.69,0.0,245.69,7675,0.0
7676,2224,338,8,789.69,0.0,6317.52,7676,0.0
7677,2225,409,6,742.86,0.0,4457.16,7677,0.0
7678,2225,238,7,10.47,0.05,69.63,7678,0.05
7679,2225,30,6,491.92,0.0,2951.52,7679,0.0
7680,2225,342,3,824.56,0.0,2473.68,7680,0.0
7681,2225,232,1,1301.32,0.21,1028.04,7681,0.21
7682,2225,246,7,1390.82,0.0,9735.74,7682,0.0
7684,2227,388,5,598.7,0.0,2993.5,7684,0.0
7685,2227,43,5,15.72,0.0,78.6,7685,0.0
7686,2227,244,5,1118.77,0.0,5593.85,7686,0.0
7687,2227,456,7,905.87,0.0,6341.09,7687,0.0
7688,2228,70,7,807.77,0.0,5654.39,7688,0.0
7689,2228,113,1,869.82,0.0,869.82,7689,0.0
7690,2228,102,2,1284.15,0.0,2568.3,7690,0.0
7691,2229,472,2,438.53,0.0,877.06,7691,0.0
7692,2229,81,4,1247.86,0.0,4991.44,7692,0.0
7693,2229,339,3,1125.91,0.18,2769.74,7693,0.18
7694,2229,317,2,1379.11,0.0,2758.22,7694,0.0
7695,2230,158,4,207.49,0.0,829.96,7695,0.0
7696,2230,274,4,247.8,0.18,812.78,7696,0.18
7697,2230,125,8,785.62,0.0,6284.96,7697,0.0
7698,2231,84,8,1272.91,0.0,10183.28,7698,0.0
7699,2232,262,1,1165.68,0.0,1165.68,7699,0.0
7700,2232,92,7,985.85,0.0,6900.95,7700,0.0
7701,2232,200,2,1323.81,0.14,2276.95,7701,0.14
7702,2232,7,2,198.87,0.0,397.74,7702,0.0
7703,2232,275,3,1179.64,0.17,2937.3,7703,0.17
7704,2233,56,5,856.72,0.0,4283.6,7704,0.0
7705,2233,466,6,40.0,0.0,240.0,7705,0.0
7706,2234,188,5,1379.92,0.38,4277.75,7706,0.38
7707,2234,469,1,261.55,0.0,261.55,7707,0.0
7708,2234,185,8,1281.0,0.0,10248.0,7708,0.0
7709,2234,376,1,508.65,0.0,508.65,7709,0.0
7710,2235,69,3,1323.93,0.0,3971.79,7710,0.0
7711,2235,296,4,1268.3,0.22,3957.1,7711,0.22
7712,2235,402,7,52.34,0.2,293.1,7712,0.2
7713,2235,308,2,539.6,0.0,1079.2,7713,0.0
7714,2235,364,1,104.04,0.0,104.04,7714,0.0
7715,2236,216,3,563.81,0.0,1691.43,7715,0.0
7716,2236,134,4,1325.6,0.0,5302.4,7716,0.0
7717,2236,276,3,180.73,0.0,542.19,7717,0.0
7718,2236,316,5,615.55,0.0,3077.75,7718,0.0
7719,2236,451,3,783.79,0.0,2351.37,7719,0.0
7720,2236,248,8,175.87,0.0,1406.96,7720,0.0
7721,2237,418,3,938.73,0.26,2083.98,7721,0.26
7722,2237,41,3,1293.46,0.0,3880.38,7722,0.0
7723,2238,489,8,1321.57,0.0,10572.56,7723,0.0
7724,2238,366,7,817.52,0.0,5722.64,7724,0.0
7725,2238,237,1,257.53,0.0,257.53,7725,0.0
7726,2238,396,1,604.9,0.0,604.9,7726,0.0
7727,2238,369,1,661.55,0.0,661.55,7727,0.0
7728,2239,438,8,56.44,0.0,451.52,7728,0.0
7729,2239,51,3,473.08,0.38,879.93,7729,0.38
7730,2239,362,1,1133.51,0.0,1133.51,7730,0.0
7731,2240,142,2,383.63,0.0,767.26,7731,0.0
7732,2240,138,1,1398.68,0.24,1063.0,7732,0.24
7733,2240,281,3,690.97,0.0,2072.91,7733,0.0
7734,2240,488,8,489.05,0.0,3912.4,7734,0.0
7735,2240,313,2,239.63,0.0,479.26,7735,0.0
7736,2241,183,8,626.15,0.0,5009.2,7736,0.0
7737,2242,479,5,554.37,0.0,2771.85,7737,0.0
7738,2242,406,4,446.11,0.0,1784.44,7738,0.0
7739,2242,307,4,91.89,0.0,367.56,7739,0.0
7740,2242,164,2,680.37,0.0,1360.74,7740,0.0
7741,2242,266,1,1402.93,0.0,1402.93,7741,0.0
7742,2242,452,6,937.8,0.0,5626.8,7742,0.0
7743,2243,169,8,1145.43,0.0,9163.44,7743,0.0
7744,2243,376,5,532.2,0.0,2661.0,7744,0.0
7745,2243,227,2,365.79,0.0,731.58,7745,0.0
7746,2243,459,8,880.01,0.0,7040.08,7746,0.0
7747,2243,455,7,1020.32,0.0,7142.24,7747,0.0
7748,2244,164,8,1224.24,0.0,9793.92,7748,0.0
7749,2244,281,8,952.46,0.0,7619.68,7749,0.0
7750,2244,40,2,905.15,0.0,1810.3,7750,0.0
7751,2245,423,5,370.63,0.0,1853.15,7751,0.0
7752,2245,83,1,1006.04,0.0,1006.04,7752,0.0
7753,2245,150,3,264.33,0.0,792.99,7753,0.0
7754,2246,403,5,58.09,0.0,290.45,7754,0.0
7755,2246,251,4,839.35,0.06,3155.96,7755,0.06
7756,2246,499,1,1131.15,0.0,1131.15,7756,0.0
7757,2247,385,2,97.11,0.0,194.22,7757,0.0
7758,2248,72,6,433.6,0.0,2601.6,7758,0.0
7759,2248,440,6,582.53,0.0,3495.18,7759,0.0
7760,2248,136,4,1259.49,0.0,5037.96,7760,0.0
7761,2249,414,2,1108.65,0.28,1596.46,7761,0.28
7762,2249,409,8,754.51,0.0,6036.08,7762,0.0
7763,2249,89,2,657.79,0.0,1315.58,7763,0.0
7764,2249,238,3,1265.61,0.0,3796.83,7764,0.0
7765,2250,337,4,1054.33,0.0,4217.32,7765,0.0
7766,2251,155,3,1067.74,0.0,3203.22,7766,0.0
7767,2251,142,5,36.67,0.0,183.35,7767,0.0
7768,2251,39,5,336.23,0.0,1681.15,7768,0.0
7769,2251,170,3,1420.12,0.0,4260.36,7769,0.0
7770,2251,78,6,907.08,0.0,5442.48,7770,0.0
7771,2252,292,5,1223.8,0.0,6119.0,7771,0.0
7772,2252,137,6,447.82,0.0,2686.92,7772,0.0
7773,2253,259,6,469.64,0.0,2817.84,7773,0.0
7775,2253,26,5,1319.6,0.18,5410.36,7775,0.18
7776,2254,16,8,309.05,0.0,2472.4,7776,0.0
7777,2254,153,5,520.91,0.0,2604.55,7777,0.0
7778,2254,307,3,1082.75,0.0,3248.25,7778,0.0
7779,2254,199,3,1258.85,0.0,3776.55,7779,0.0
7780,2254,252,4,1215.38,0.0,4861.52,7780,0.0
7781,2254,156,7,947.91,0.0,6635.37,7781,0.0
7782,2255,143,5,553.94,0.0,2769.7,7782,0.0
7783,2255,52,5,661.79,0.0,3308.95,7783,0.0
7784,2256,237,7,343.06,0.0,2401.42,7784,0.0
7785,2257,466,3,937.55,0.0,2812.65,7785,0.0
7786,2257,7,3,578.23,0.0,1734.69,7786,0.0
7787,2257,446,5,416.5,0.34,1374.45,7787,0.34
7788,2257,207,6,1201.73,0.0,7210.38,7788,0.0
7789,2257,148,1,1452.48,0.0,1452.48,7789,0.0
7790,2258,59,7,303.54,0.0,2124.78,7790,0.0
7791,2258,97,8,741.53,0.32,4033.92,7791,0.32
7792,2258,408,2,1413.08,0.0,2826.16,7792,0.0
7793,2258,327,8,954.02,0.0,7632.16,7793,0.0
7794,2258,407,3,972.97,0.0,2918.91,7794,0.0
7796,2259,49,8,725.74,0.0,5805.92,7796,0.0
7797,2259,431,6,266.13,0.0,1596.78,7797,0.0
7798,2260,466,2,885.56,0.0,1771.12,7798,0.0
7799,2260,359,8,945.6,0.0,7564.8,7799,0.0
7800,2260,436,7,1388.31,0.0,9718.17,7800,0.0
7801,2260,405,2,475.64,0.0,951.28,7801,0.0
7802,2260,454,5,137.63,0.0,688.15,7802,0.0
7803,2261,92,1,371.85,0.0,371.85,7803,0.0
7804,2261,384,2,1021.22,0.0,2042.44,7804,0.0
7805,2261,402,3,855.68,0.0,2567.04,7805,0.0
7806,2261,297,8,657.08,0.0,5256.64,7806,0.0
7807,2262,492,4,1303.56,0.37,3284.97,7807,0.37
7808,2263,73,6,1028.15,0.0,6168.9,7808,0.0
7809,2263,52,1,774.4,0.0,774.4,7809,0.0
7811,2263,129,1,16.17,0.0,16.17,7811,0.0
7812,2264,428,3,848.05,0.0,2544.15,7812,0.0
7813,2264,309,4,18.48,0.0,73.92,7813,0.0
7814,2264,269,4,1332.29,0.0,5329.16,7814,0.0
7815,2264,333,3,613.01,0.0,1839.03,7815,0.0
7816,2264,242,3,1113.65,0.0,3340.95,7816,0.0
7817,2264,330,2,1427.77,0.0,2855.54,7817,0.0
7818,2265,414,4,453.4,0.0,1813.6,7818,0.0
7819,2265,82,8,1297.62,0.0,10380.96,7819,0.0
7820,2265,355,2,1469.97,0.26,2175.56,7820,0.26
7821,2265,240,3,237.12,0.0,711.36,7821,0.0
7822,2266,265,3,309.29,0.0,927.87,7822,0.0
7823,2266,27,7,1002.31,0.0,7016.17,7823,0.0
7824,2266,364,5,577.77,0.0,2888.85,7824,0.0
7825,2266,132,2,786.38,0.35,1022.29,7825,0.35
7826,2266,346,8,64.13,0.06,482.26,7826,0.06
7827,2266,61,7,105.14,0.0,735.98,7827,0.0
7828,2267,162,8,164.79,0.0,1318.32,7828,0.0
7829,2267,245,3,1314.07,0.0,3942.21,7829,0.0
7831,2267,211,8,1337.86,0.0,10702.88,7831,0.0
7832,2267,383,1,627.67,0.22,489.58,7832,0.22
7833,2268,306,2,1380.51,0.0,2761.02,7833,0.0
7834,2268,268,2,560.84,0.0,1121.68,7834,0.0
7835,2268,195,7,834.95,0.0,5844.65,7835,0.0
7836,2268,54,6,152.93,0.0,917.58,7836,0.0
7837,2269,53,1,902.09,0.0,902.09,7837,0.0
7838,2270,443,3,922.89,0.0,2768.67,7838,0.0
7839,2270,133,5,445.28,0.0,2226.4,7839,0.0
7840,2270,212,2,74.16,0.0,148.32,7840,0.0
7841,2270,210,8,1117.4,0.0,8939.2,7841,0.0
7842,2271,36,5,976.98,0.0,4884.9,7842,0.0
7843,2272,67,6,380.86,0.0,2285.16,7843,0.0
7844,2273,283,2,211.2,0.0,422.4,7844,0.0
7845,2273,296,7,459.02,0.0,3213.14,7845,0.0
7846,2273,460,5,20.47,0.0,102.35,7846,0.0
7847,2274,165,6,1332.53,0.33,5356.77,7847,0.33
7848,2274,443,2,42.3,0.0,84.6,7848,0.0
7849,2274,307,1,732.26,0.0,732.26,7849,0.0
7850,2274,130,5,15.86,0.0,79.3,7850,0.0
7851,2274,203,1,1347.47,0.0,1347.47,7851,0.0
7852,2275,391,7,549.5,0.0,3846.5,7852,0.0
7853,2275,80,5,1199.83,0.0,5999.15,7853,0.0
7854,2275,490,1,977.38,0.19,791.68,7854,0.19
7855,2275,266,5,614.09,0.0,3070.45,7855,0.0
7856,2275,372,1,611.05,0.0,611.05,7856,0.0
7857,2275,345,8,537.18,0.0,4297.44,7857,0.0
7858,2276,212,6,1199.54,0.0,7197.24,7858,0.0
7859,2277,494,1,401.02,0.0,401.02,7859,0.0
7860,2277,210,5,516.81,0.0,2584.05,7860,0.0
7861,2277,319,4,182.15,0.24,553.74,7861,0.24
7862,2277,46,5,779.36,0.0,3896.8,7862,0.0
7863,2277,478,1,1096.31,0.0,1096.31,7863,0.0
7864,2278,25,8,1370.43,0.0,10963.44,7864,0.0
7865,2278,126,6,131.33,0.0,787.98,7865,0.0
7866,2279,140,7,960.28,0.0,6721.96,7866,0.0
7867,2279,106,2,192.66,0.0,385.32,7867,0.0
7868,2280,380,4,1097.07,0.0,4388.28,7868,0.0
7869,2280,314,7,129.18,0.0,904.26,7869,0.0
7870,2280,167,4,1191.7,0.31,3289.09,7870,0.31
7871,2280,9,4,1107.18,0.0,4428.72,7871,0.0
7872,2281,6,6,727.73,0.21,3449.44,7872,0.21
7873,2281,360,7,886.42,0.0,6204.94,7873,0.0
7874,2282,299,1,955.96,0.0,955.96,7874,0.0
7875,2282,339,6,750.68,0.0,4504.08,7875,0.0
7876,2282,443,1,772.64,0.0,772.64,7876,0.0
7877,2282,394,6,860.3,0.0,5161.8,7877,0.0
7878,2282,446,7,216.16,0.0,1513.12,7878,0.0
7879,2283,114,2,180.81,0.0,361.62,7879,0.0
7880,2283,390,2,894.09,0.0,1788.18,7880,0.0
7881,2283,335,5,1217.4,0.0,6087.0,7881,0.0
7882,2283,489,6,542.56,0.0,3255.36,7882,0.0
7883,2283,429,5,846.71,0.0,4233.55,7883,0.0
7884,2283,384,7,322.0,0.0,2254.0,7884,0.0
7886,2284,108,8,1102.91,0.0,8823.28,7886,0.0
7887,2284,429,1,629.59,0.0,629.59,7887,0.0
7888,2284,308,8,538.33,0.0,4306.64,7888,0.0
7889,2284,130,2,785.22,0.0,1570.44,7889,0.0
7890,2285,114,5,354.62,0.0,1773.1,7890,0.0
7891,2285,30,1,1122.95,0.0,1122.95,7891,0.0
7899,2287,133,8,480.73,0.0,3845.84,7899,0.0
7900,2287,166,1,1019.08,0.0,1019.08,7900,0.0
7901,2287,365,4,942.32,0.0,3769.28,7901,0.0
7902,2287,414,2,1494.21,0.0,2988.42,7902,0.0
7903,2288,402,5,1323.48,0.0,6617.4,7903,0.0
7904,2288,150,8,244.98,0.0,1959.84,7904,0.0
7905,2288,349,8,951.34,0.0,7610.72,7905,0.0
7906,2288,478,3,12.4,0.0,37.2,7906,0.0
7907,2288,29,6,162.8,0.0,976.8,7907,0.0
7915,2291,387,5,914.26,0.34,3017.06,7915,0.34
7916,2291,252,8,1277.69,0.0,10221.52,7916,0.0
7917,2291,66,3,241.49,0.0,724.47,7917,0.0
7918,2291,86,1,1236.88,0.0,1236.88,7918,0.0
7919,2292,214,8,544.62,0.0,4356.96,7919,0.0
7920,2292,450,1,1417.92,0.0,1417.92,7920,0.0
7921,2292,31,6,1476.18,0.0,8857.08,7921,0.0
7922,2293,219,2,899.71,0.16,1511.51,7922,0.16
7923,2294,428,1,752.63,0.0,752.63,7923,0.0
7924,2294,405,8,305.3,0.0,2442.4,7924,0.0
7925,2294,347,7,369.63,0.0,2587.41,7925,0.0
7926,2294,450,2,1067.6,0.0,2135.2,7926,0.0
7927,2295,247,8,64.3,0.0,514.4,7927,0.0
7928,2295,162,5,792.19,0.0,3960.95,7928,0.0
7929,2295,124,1,1000.52,0.0,1000.52,7929,0.0
7930,2295,372,3,1143.08,0.0,3429.24,7930,0.0
7931,2296,300,4,950.48,0.0,3801.92,7931,0.0
7932,2296,373,6,12.52,0.0,75.12,7932,0.0
7933,2296,265,8,953.08,0.0,7624.64,7933,0.0
7934,2296,276,4,1396.2,0.08,5138.02,7934,0.08
7935,2296,412,6,1245.43,0.0,7472.58,7935,0.0
7936,2297,18,1,11.34,0.0,11.34,7936,0.0
7937,2297,26,5,1106.41,0.0,5532.05,7937,0.0
7938,2297,247,7,241.15,0.24,1282.92,7938,0.24
7939,2297,256,3,1119.18,0.0,3357.54,7939,0.0
7940,2297,417,7,429.27,0.0,3004.89,7940,0.0
7941,2297,22,2,1104.3,0.32,1501.85,7941,0.32
7942,2298,69,5,154.38,0.0,771.9,7942,0.0
7943,2298,329,8,104.27,0.0,834.16,7943,0.0
7944,2298,123,7,1225.42,0.0,8577.94,7944,0.0
7945,2299,275,2,708.99,0.0,1417.98,7945,0.0
7946,2300,356,6,273.04,0.0,1638.24,7946,0.0
7947,2300,116,2,963.44,0.0,1926.88,7947,0.0
7948,2300,390,7,784.32,0.0,5490.24,7948,0.0
7949,2300,112,6,1196.35,0.0,7178.1,7949,0.0
7950,2301,117,4,305.88,0.0,1223.52,7950,0.0
7951,2301,219,5,807.25,0.0,4036.25,7951,0.0
7952,2302,215,5,559.18,0.0,2795.9,7952,0.0
7953,2302,464,1,575.14,0.0,575.14,7953,0.0
7954,2302,456,3,116.19,0.0,348.57,7954,0.0
7955,2303,417,3,861.3,0.0,2583.9,7955,0.0
7956,2303,120,3,886.13,0.0,2658.39,7956,0.0
7957,2303,4,4,687.54,0.11,2447.64,7957,0.11
7958,2303,69,8,424.3,0.0,3394.4,7958,0.0
7959,2303,486,6,346.13,0.06,1952.17,7959,0.06
7960,2303,352,7,127.82,0.0,894.74,7960,0.0
7961,2304,265,3,424.04,0.0,1272.12,7961,0.0
7962,2304,159,3,575.89,0.0,1727.67,7962,0.0
7963,2305,500,4,977.07,0.0,3908.28,7963,0.0
7964,2305,93,4,1411.67,0.07,5251.41,7964,0.07
7965,2306,152,4,949.5,0.0,3798.0,7965,0.0
7966,2306,492,6,1290.26,0.0,7741.56,7966,0.0
7967,2306,196,8,24.41,0.0,195.28,7967,0.0
7968,2306,64,8,1265.07,0.0,10120.56,7968,0.0
7973,2309,412,7,816.62,0.0,5716.34,7973,0.0
7974,2309,32,3,141.99,0.0,425.97,7974,0.0
7975,2309,172,4,263.63,0.0,1054.52,7975,0.0
7976,2309,213,2,299.24,0.0,598.48,7976,0.0
7977,2310,260,5,586.37,0.0,2931.85,7977,0.0
7980,2313,290,8,128.53,0.0,1028.24,7980,0.0
7981,2313,137,7,549.91,0.0,3849.37,7981,0.0
7982,2313,465,3,1492.69,0.0,4478.07,7982,0.0
7983,2313,53,3,39.23,0.0,117.69,7983,0.0
7984,2313,338,6,363.43,0.0,2180.58,7984,0.0
7985,2313,256,5,1312.69,0.0,6563.45,7985,0.0
7986,2314,99,7,1342.67,0.0,9398.69,7986,0.0
7987,2315,290,2,308.85,0.0,617.7,7987,0.0
7988,2315,24,4,1185.54,0.0,4742.16,7988,0.0
7989,2315,113,8,935.29,0.0,7482.32,7989,0.0
7990,2315,482,3,609.26,0.25,1370.84,7990,0.25
7991,2315,317,5,605.04,0.0,3025.2,7991,0.0
7992,2316,99,8,742.18,0.0,5937.44,7992,0.0
7993,2316,309,1,306.97,0.0,306.97,7993,0.0
7994,2316,383,1,345.17,0.0,345.17,7994,0.0
7999,2318,271,7,69.6,0.0,487.2,7999,0.0
8000,2318,77,4,305.36,0.0,1221.44,8000,0.0
8001,2318,241,8,1295.97,0.0,10367.76,8001,0.0
8002,2318,91,6,669.86,0.0,4019.16,8002,0.0
8003,2318,388,6,906.95,0.0,5441.7,8003,0.0
8004,2319,365,1,333.83,0.0,333.83,8004,0.0
8005,2319,364,6,689.29,0.0,4135.74,8005,0.0
8006,2319,7,8,234.5,0.0,1876.0,8006,0.0
8007,2319,292,7,1343.26,0.0,9402.82,8007,0.0
8008,2319,256,4,1125.95,0.0,4503.8,8008,0.0
8009,2319,321,3,925.99,0.0,2777.97,8009,0.0
8010,2320,491,6,1115.42,0.0,6692.52,8010,0.0
8011,2320,191,6,951.63,0.0,5709.78,8011,0.0
8012,2320,303,1,1332.63,0.0,1332.63,8012,0.0
8013,2320,157,5,582.18,0.0,2910.9,8013,0.0
8014,2321,203,3,821.83,0.0,2465.49,8014,0.0
8015,2321,132,5,466.64,0.0,2333.2,8015,0.0
8016,2322,245,4,405.81,0.0,1623.24,8016,0.0
8017,2322,67,1,624.24,0.24,474.42,8017,0.24
8018,2322,245,4,863.32,0.0,3453.28,8018,0.0
8019,2322,319,8,1382.43,0.0,11059.44,8019,0.0
8020,2323,179,3,725.89,0.0,2177.67,8020,0.0
8021,2323,190,5,1441.54,0.0,7207.7,8021,0.0
8022,2324,75,4,843.05,0.0,3372.2,8022,0.0
8023,2324,444,6,950.83,0.0,5704.98,8023,0.0
8024,2324,466,8,1341.8,0.0,10734.4,8024,0.0
8025,2324,97,5,1141.87,0.0,5709.35,8025,0.0
8026,2324,217,1,876.57,0.12,771.38,8026,0.12
8027,2325,137,2,1298.67,0.0,2597.34,8027,0.0
8028,2325,312,3,1418.7,0.0,4256.1,8028,0.0
8029,2325,326,8,265.26,0.0,2122.08,8029,0.0
8030,2325,206,4,157.78,0.0,631.12,8030,0.0
8031,2326,462,4,1350.4,0.0,5401.6,8031,0.0
8032,2326,280,6,951.33,0.0,5707.98,8032,0.0
8033,2327,1,6,1249.42,0.0,7496.52,8033,0.0
8034,2327,322,3,350.5,0.25,788.62,8034,0.25
8035,2327,118,5,1426.18,0.0,7130.9,8035,0.0
8036,2328,323,2,1345.39,0.0,2690.78,8036,0.0
8037,2328,458,8,794.37,0.0,6354.96,8037,0.0
8038,2328,230,4,920.95,0.32,2504.98,8038,0.32
8039,2328,280,5,1382.16,0.0,6910.8,8039,0.0
8040,2328,248,5,1105.41,0.16,4642.72,8040,0.16
8041,2329,239,6,1050.86,0.0,6305.16,8041,0.0
8042,2329,183,8,1241.24,0.0,9929.92,8042,0.0
8043,2330,313,3,1365.45,0.0,4096.35,8043,0.0
8044,2330,376,6,1070.18,0.0,6421.08,8044,0.0
8045,2330,395,3,272.23,0.0,816.69,8045,0.0
8046,2330,339,2,1214.14,0.08,2234.02,8046,0.08
8047,2330,249,8,434.27,0.0,3474.16,8047,0.0
8050,2332,23,7,1322.73,0.0,9259.11,8050,0.0
8051,2333,179,8,1005.05,0.0,8040.4,8051,0.0
8052,2333,421,6,1150.11,0.0,6900.66,8052,0.0
8053,2333,227,6,984.16,0.0,5904.96,8053,0.0
8054,2333,377,8,1431.09,0.0,11448.72,8054,0.0
8055,2333,52,4,152.42,0.0,609.68,8055,0.0
8056,2333,95,5,1446.43,0.0,7232.15,8056,0.0
8057,2334,355,6,537.68,0.0,3226.08,8057,0.0
8058,2334,80,1,594.49,0.0,594.49,8058,0.0
8063,2336,337,3,829.82,0.0,2489.46,8063,0.0
8064,2336,399,1,32.98,0.0,32.98,8064,0.0
8065,2336,282,2,977.92,0.0,1955.84,8065,0.0
8066,2336,285,1,174.21,0.0,174.21,8066,0.0
8069,2338,479,3,882.6,0.0,2647.8,8069,0.0
8070,2338,454,2,1271.12,0.0,2542.24,8070,0.0
8071,2338,35,5,175.01,0.0,875.05,8071,0.0
8072,2338,258,7,270.13,0.0,1890.91,8072,0.0
8073,2338,28,6,674.79,0.0,4048.74,8073,0.0
8074,2339,253,4,965.49,0.0,3861.96,8074,0.0
8075,2339,412,3,674.51,0.0,2023.53,8075,0.0
8076,2339,77,3,1406.37,0.0,4219.11,8076,0.0
8077,2339,451,1,1076.91,0.0,1076.91,8077,0.0
8078,2339,193,3,1335.69,0.0,4007.07,8078,0.0
8079,2340,101,8,770.89,0.0,6167.12,8079,0.0
8080,2341,95,1,1075.98,0.0,1075.98,8080,0.0
8081,2342,192,7,740.08,0.0,5180.56,8081,0.0
8082,2342,222,2,142.26,0.0,284.52,8082,0.0
8083,2342,267,3,831.97,0.36,1597.38,8083,0.36
8084,2342,58,6,1249.48,0.0,7496.88,8084,0.0
8085,2342,167,1,1327.87,0.0,1327.87,8085,0.0
8086,2342,342,8,905.76,0.0,7246.08,8086,0.0
8087,2343,440,8,634.08,0.3,3550.85,8087,0.3
8088,2343,356,2,910.42,0.0,1820.84,8088,0.0
8089,2343,279,3,1484.91,0.0,4454.73,8089,0.0
8090,2343,475,1,1403.29,0.0,1403.29,8090,0.0
8091,2344,343,7,775.25,0.0,5426.75,8091,0.0
8092,2344,169,3,1041.69,0.0,3125.07,8092,0.0
8093,2344,161,2,945.14,0.0,1890.28,8093,0.0
8094,2344,252,6,1248.7,0.0,7492.2,8094,0.0
8095,2344,342,7,1359.3,0.0,9515.1,8095,0.0
8096,2344,369,4,96.51,0.0,386.04,8096,0.0
8097,2345,42,8,307.24,0.0,2457.92,8097,0.0
8098,2345,259,1,1185.6,0.0,1185.6,8098,0.0
8099,2345,33,3,988.7,0.0,2966.1,8099,0.0
8100,2345,362,3,1442.01,0.0,4326.03,8100,0.0
8101,2345,324,1,1153.28,0.0,1153.28,8101,0.0
8102,2346,73,1,186.88,0.0,186.88,8102,0.0
8103,2347,307,8,812.03,0.0,6496.24,8103,0.0
8104,2347,277,7,545.35,0.36,2443.17,8104,0.36
8105,2347,20,6,1035.3,0.39,3789.2,8105,0.39
8106,2347,325,8,739.65,0.0,5917.2,8106,0.0
8107,2347,261,8,1282.21,0.0,10257.68,8107,0.0
8108,2348,41,1,1184.45,0.0,1184.45,8108,0.0
8109,2348,480,8,110.0,0.0,880.0,8109,0.0
8110,2348,490,4,610.94,0.0,2443.76,8110,0.0
8111,2348,88,3,492.51,0.0,1477.53,8111,0.0
8112,2349,429,8,569.15,0.0,4553.2,8112,0.0
8113,2349,104,5,141.35,0.31,487.66,8113,0.31
8114,2349,329,2,382.34,0.0,764.68,8114,0.0
8115,2349,468,1,1144.48,0.0,1144.48,8115,0.0
8116,2349,43,1,119.51,0.0,119.51,8116,0.0
8117,2349,429,7,182.25,0.0,1275.75,8117,0.0
8118,2350,33,3,948.23,0.0,2844.69,8118,0.0
8119,2350,181,7,947.3,0.0,6631.1,8119,0.0
8120,2350,312,6,630.58,0.0,3783.48,8120,0.0
8121,2350,143,4,125.18,0.0,500.72,8121,0.0
8122,2350,373,3,1420.4,0.25,3195.9,8122,0.25
8128,2352,176,1,409.47,0.0,409.47,8128,0.0
8135,2354,195,7,1217.91,0.0,8525.37,8135,0.0
8136,2354,335,5,987.08,0.0,4935.4,8136,0.0
8137,2354,154,8,1020.95,0.0,8167.6,8137,0.0
8138,2354,371,7,1061.88,0.0,7433.16,8138,0.0
8139,2355,246,4,129.03,0.0,516.12,8139,0.0
8140,2355,394,2,1421.34,0.0,2842.68,8140,0.0
8141,2355,178,4,1062.24,0.0,4248.96,8141,0.0
8142,2356,475,1,1165.03,0.0,1165.03,8142,0.0
8144,2356,246,6,1040.94,0.0,6245.64,8144,0.0
8145,2357,73,3,1105.44,0.0,3316.32,8145,0.0
8146,2357,169,2,255.88,0.0,511.76,8146,0.0
8147,2357,495,6,586.83,0.0,3520.98,8147,0.0
8148,2357,449,3,1217.97,0.0,3653.91,8148,0.0
8149,2357,429,6,1275.68,0.0,7654.08,8149,0.0
8150,2358,407,1,498.31,0.0,498.31,8150,0.0
8154,2360,313,8,915.49,0.0,7323.92,8154,0.0
8155,2360,451,1,554.9,0.13,482.76,8155,0.13
8156,2360,102,6,1082.25,0.0,6493.5,8156,0.0
8157,2360,449,4,590.86,0.0,2363.44,8157,0.0
8158,2361,139,8,677.87,0.32,3687.61,8158,0.32
8159,2361,22,4,1471.02,0.0,5884.08,8159,0.0
8161,2361,333,8,1143.73,0.0,9149.84,8161,0.0
8162,2361,350,4,601.78,0.0,2407.12,8162,0.0
8163,2362,319,1,1211.46,0.0,1211.46,8163,0.0
8164,2363,223,3,1338.83,0.0,4016.49,8164,0.0
8165,2363,179,3,80.85,0.0,242.55,8165,0.0
8166,2363,263,2,1114.52,0.0,2229.04,8166,0.0
8167,2363,400,4,1028.76,0.0,4115.04,8167,0.0
8168,2363,390,5,902.64,0.0,4513.2,8168,0.0
8169,2363,86,6,659.02,0.0,3954.12,8169,0.0
8170,2364,144,5,452.28,0.0,2261.4,8170,0.0
8171,2364,262,7,306.8,0.0,2147.6,8171,0.0
8172,2365,153,2,1105.69,0.0,2211.38,8172,0.0
8173,2365,403,1,1084.48,0.0,1084.48,8173,0.0
8174,2365,472,8,11.8,0.0,94.4,8174,0.0
8175,2366,479,6,1062.38,0.0,6374.28,8175,0.0
8176,2366,66,2,1384.24,0.0,2768.48,8176,0.0
8177,2366,113,6,150.62,0.08,831.42,8177,0.08
8178,2367,214,3,606.82,0.0,1820.46,8178,0.0
8179,2367,235,6,10.37,0.0,62.22,8179,0.0
8180,2367,47,8,938.65,0.0,7509.2,8180,0.0
8181,2367,417,7,1210.8,0.0,8475.6,8181,0.0
8182,2367,259,5,850.99,0.0,4254.95,8182,0.0
8183,2367,97,8,670.19,0.0,5361.52,8183,0.0
8185,2369,144,1,507.12,0.0,507.12,8185,0.0
8186,2369,447,4,205.95,0.0,823.8,8186,0.0
8187,2369,195,3,1195.82,0.0,3587.46,8187,0.0
8188,2369,146,7,399.74,0.0,2798.18,8188,0.0
8189,2369,241,2,512.48,0.0,1024.96,8189,0.0
8190,2370,268,2,648.01,0.0,1296.02,8190,0.0
8191,2370,277,2,975.09,0.4,1170.11,8191,0.4
8192,2370,446,2,1048.58,0.0,2097.16,8192,0.0
8193,2370,405,2,838.06,0.0,1676.12,8193,0.0
8194,2370,314,5,928.28,0.0,4641.4,8194,0.0
8195,2370,482,8,463.31,0.0,3706.48,8195,0.0
8196,2371,27,7,583.75,0.0,4086.25,8196,0.0
8197,2371,14,2,874.24,0.0,1748.48,8197,0.0
8198,2371,204,2,1036.41,0.0,2072.82,8198,0.0
8199,2371,320,3,563.98,0.0,1691.94,8199,0.0
8202,2373,476,5,437.75,0.0,2188.75,8202,0.0
8205,2375,169,8,1038.81,0.0,8310.48,8205,0.0
8206,2375,268,5,1295.74,0.0,6478.7,8206,0.0
8207,2375,35,1,1372.26,0.0,1372.26,8207,0.0
8213,2377,116,4,133.08,0.0,532.32,8213,0.0
8214,2377,446,5,190.3,0.0,951.5,8214,0.0
8215,2377,270,7,509.37,0.0,3565.59,8215,0.0
8216,2377,382,3,782.26,0.0,2346.78,8216,0.0
8220,2379,494,7,176.21,0.0,1233.47,8220,0.0
8221,2379,210,3,332.45,0.0,997.35,8221,0.0
8222,2379,399,3,1032.02,0.0,3096.06,8222,0.0
8223,2380,168,6,1362.78,0.0,8176.68,8223,0.0
8224,2380,44,3,891.79,0.0,2675.37,8224,0.0
8225,2380,262,4,1029.71,0.0,4118.84,8225,0.0
8226,2380,11,3,455.84,0.27,998.29,8226,0.27
8227,2381,149,5,1110.32,0.0,5551.6,8227,0.0
8228,2381,18,5,505.93,0.0,2529.65,8228,0.0
8229,2381,359,4,812.09,0.0,3248.36,8229,0.0
8230,2381,274,5,1334.83,0.0,6674.15,8230,0.0
8231,2381,162,7,1490.69,0.0,10434.83,8231,0.0
8232,2381,56,2,1255.23,0.0,2510.46,8232,0.0
8233,2382,339,5,1454.0,0.31,5016.3,8233,0.31
8234,2382,467,4,68.71,0.0,274.84,8234,0.0
8235,2382,381,8,850.3,0.3,4761.68,8235,0.3
8236,2383,256,5,1110.96,0.12,4888.22,8236,0.12
8237,2384,440,5,1355.57,0.29,4812.27,8237,0.29
8238,2384,92,8,658.16,0.0,5265.28,8238,0.0
8239,2384,142,5,40.95,0.0,204.75,8239,0.0
8240,2384,200,7,77.75,0.0,544.25,8240,0.0
8241,2385,57,4,928.58,0.0,3714.32,8241,0.0
8242,2385,12,2,761.44,0.0,1522.88,8242,0.0
8243,2385,453,2,888.19,0.0,1776.38,8243,0.0
8244,2386,304,2,183.27,0.22,285.9,8244,0.22
8245,2386,31,6,59.26,0.0,355.56,8245,0.0
8246,2387,304,8,200.93,0.16,1350.25,8246,0.16
8247,2387,308,7,1386.1,0.0,9702.7,8247,0.0
8248,2387,47,4,497.76,0.0,1991.04,8248,0.0
8249,2388,126,8,302.53,0.16,2033.0,8249,0.16
8250,2389,286,2,24.79,0.0,49.58,8250,0.0
8251,2389,303,4,935.01,0.0,3740.04,8251,0.0
8252,2390,28,3,931.59,0.0,2794.77,8252,0.0
8253,2391,415,2,1220.81,0.0,2441.62,8253,0.0
8254,2391,176,6,1356.62,0.0,8139.72,8254,0.0
8255,2392,90,2,1436.11,0.0,2872.22,8255,0.0
8256,2392,459,1,855.93,0.0,855.93,8256,0.0
8257,2393,351,2,521.49,0.16,876.1,8257,0.16
8258,2393,434,2,672.73,0.0,1345.46,8258,0.0
8259,2394,313,3,80.33,0.0,240.99,8259,0.0
8260,2394,164,1,1478.05,0.0,1478.05,8260,0.0
8262,2395,47,4,940.78,0.0,3763.12,8262,0.0
8263,2395,158,5,708.73,0.0,3543.65,8263,0.0
8264,2395,344,3,1270.66,0.0,3811.98,8264,0.0
8265,2395,44,2,358.74,0.0,717.48,8265,0.0
8266,2396,116,8,83.91,0.0,671.28,8266,0.0
8267,2396,144,2,835.47,0.14,1437.01,8267,0.14
8269,2396,270,2,933.87,0.0,1867.74,8269,0.0
8270,2397,402,1,187.45,0.39,114.34,8270,0.39
8271,2397,264,5,618.1,0.0,3090.5,8271,0.0
8272,2397,253,6,584.33,0.0,3505.98,8272,0.0
8273,2397,451,2,657.35,0.0,1314.7,8273,0.0
8274,2397,491,8,1341.85,0.0,10734.8,8274,0.0
8275,2397,121,4,545.92,0.3,1528.58,8275,0.3
8276,2398,48,7,1471.13,0.0,10297.91,8276,0.0
8277,2398,122,2,526.42,0.0,1052.84,8277,0.0
8278,2398,262,2,855.75,0.0,1711.5,8278,0.0
8279,2398,427,3,1408.63,0.0,4225.89,8279,0.0
8280,2398,65,7,246.25,0.0,1723.75,8280,0.0
8281,2398,287,1,558.77,0.0,558.77,8281,0.0
8282,2399,204,6,1295.53,0.0,7773.18,8282,0.0
8283,2399,238,6,71.91,0.0,431.46,8283,0.0
8284,2399,235,3,862.91,0.0,2588.73,8284,0.0
8285,2400,396,3,357.52,0.2,858.05,8285,0.2
8286,2400,231,8,818.8,0.0,6550.4,8286,0.0
8288,2401,327,5,786.85,0.0,3934.25,8288,0.0
8289,2401,127,8,1155.62,0.0,9244.96,8289,0.0
8290,2402,79,6,431.02,0.1,2327.51,8290,0.1
8291,2402,352,5,214.64,0.0,1073.2,8291,0.0
8292,2402,142,5,341.21,0.0,1706.05,8292,0.0
8293,2403,5,8,1285.21,0.0,10281.68,8293,0.0
8294,2403,19,2,518.41,0.0,1036.82,8294,0.0
8295,2404,288,2,610.96,0.0,1221.92,8295,0.0
8296,2404,100,3,1485.68,0.12,3922.2,8296,0.12
8297,2404,250,1,1215.41,0.0,1215.41,8297,0.0
8298,2404,458,8,799.07,0.0,6392.56,8298,0.0
8299,2404,441,3,598.43,0.19,1454.18,8299,0.19
8300,2405,485,7,436.9,0.0,3058.3,8300,0.0
8301,2405,427,3,1470.44,0.0,4411.32,8301,0.0
8302,2406,127,5,1009.4,0.0,5047.0,8302,0.0
8303,2406,133,2,292.02,0.0,584.04,8303,0.0
8304,2406,254,4,1461.63,0.0,5846.52,8304,0.0
8305,2406,399,6,955.85,0.0,5735.1,8305,0.0
8308,2408,51,6,149.7,0.0,898.2,8308,0.0
8309,2409,212,3,1125.25,0.0,3375.75,8309,0.0
8310,2409,489,6,1174.88,0.0,7049.28,8310,0.0
8311,2409,71,3,475.91,0.0,1427.73,8311,0.0
8312,2409,196,5,999.7,0.0,4998.5,8312,0.0
8313,2409,159,2,450.75,0.4,540.9,8313,0.4
8315,2411,263,7,303.97,0.0,2127.79,8315,0.0
8316,2412,279,8,821.48,0.0,6571.84,8316,0.0
8317,2412,421,7,1329.76,0.0,9308.32,8317,0.0
8318,2412,45,3,1498.24,0.0,4494.72,8318,0.0
8319,2412,371,1,1180.51,0.0,1180.51,8319,0.0
8320,2413,277,1,54.82,0.0,54.82,8320,0.0
8321,2413,295,7,541.78,0.0,3792.46,8321,0.0
8322,2414,136,2,1299.07,0.0,2598.14,8322,0.0
8323,2415,470,8,1118.66,0.0,8949.28,8323,0.0
8324,2415,334,5,926.54,0.0,4632.7,8324,0.0
8325,2415,230,3,436.3,0.0,1308.9,8325,0.0
8326,2416,74,5,1348.54,0.0,6742.7,8326,0.0
8327,2417,1,8,1193.07,0.0,9544.56,8327,0.0
8328,2417,374,5,491.73,0.05,2335.72,8328,0.05
8329,2417,430,4,984.47,0.0,3937.88,8329,0.0
8330,2418,376,7,1130.87,0.0,7916.09,8330,0.0
8331,2419,474,8,599.26,0.0,4794.08,8331,0.0
8332,2419,181,3,467.8,0.0,1403.4,8332,0.0
8333,2419,159,2,107.1,0.0,214.2,8333,0.0
8334,2419,138,8,865.13,0.1,6228.94,8334,0.1
8335,2420,8,6,554.86,0.0,3329.16,8335,0.0
8336,2420,392,8,507.16,0.14,3489.26,8336,0.14
8337,2420,491,5,694.7,0.0,3473.5,8337,0.0
8338,2420,344,3,613.7,0.0,1841.1,8338,0.0
8339,2420,60,2,808.77,0.06,1520.49,8339,0.06
8340,2420,203,6,710.56,0.0,4263.36,8340,0.0
8341,2421,353,1,150.86,0.0,150.86,8341,0.0
8342,2421,396,1,689.46,0.0,689.46,8342,0.0
8343,2421,294,4,599.99,0.0,2399.96,8343,0.0
8344,2421,452,6,1034.91,0.0,6209.46,8344,0.0
8345,2421,10,2,304.92,0.0,609.84,8345,0.0
8346,2422,5,7,288.36,0.0,2018.52,8346,0.0
8348,2422,448,7,1415.89,0.0,9911.23,8348,0.0
8349,2422,133,2,827.14,0.0,1654.28,8349,0.0
8350,2423,388,7,708.19,0.0,4957.33,8350,0.0
8351,2423,373,3,460.96,0.0,1382.88,8351,0.0
8352,2424,435,2,821.72,0.0,1643.44,8352,0.0
8353,2424,480,3,536.54,0.0,1609.62,8353,0.0
8354,2425,233,7,538.54,0.0,3769.78,8354,0.0
8355,2425,483,5,1006.04,0.0,5030.2,8355,0.0
8357,2425,348,4,162.69,0.0,650.76,8357,0.0
8358,2425,468,2,647.27,0.0,1294.54,8358,0.0
8359,2425,257,8,68.44,0.0,547.52,8359,0.0
8366,2427,330,5,680.58,0.0,3402.9,8366,0.0
8367,2428,22,4,1323.67,0.06,4977.0,8367,0.06
8368,2428,193,2,316.64,0.0,633.28,8368,0.0
8369,2429,138,4,163.07,0.0,652.28,8369,0.0
8370,2430,419,1,1386.72,0.0,1386.72,8370,0.0
8371,2430,401,8,792.42,0.0,6339.36,8371,0.0
8372,2430,494,5,1146.95,0.0,5734.75,8372,0.0
8373,2430,12,5,226.11,0.0,1130.55,8373,0.0
8374,2430,203,7,312.42,0.0,2186.94,8374,0.0
8375,2430,466,1,55.0,0.0,55.0,8375,0.0
8376,2431,416,3,792.28,0.0,2376.84,8376,0.0
8377,2431,297,8,1415.11,0.08,10415.21,8377,0.08
8379,2433,318,2,190.66,0.0,381.32,8379,0.0
8380,2433,237,2,53.81,0.3,75.33,8380,0.3
8381,2434,111,2,391.04,0.0,782.08,8381,0.0
8382,2434,397,1,1001.39,0.27,731.01,8382,0.27
8383,2434,155,1,149.21,0.0,149.21,8383,0.0
8384,2434,414,3,1017.63,0.0,3052.89,8384,0.0
8385,2435,129,1,206.73,0.0,206.73,8385,0.0
8386,2435,207,3,317.52,0.0,952.56,8386,0.0
8387,2435,155,5,527.18,0.0,2635.9,8387,0.0
8388,2435,371,3,1102.82,0.0,3308.46,8388,0.0
8389,2436,14,5,881.28,0.15,3745.44,8389,0.15
8390,2436,34,2,844.1,0.26,1249.27,8390,0.26
8391,2436,328,6,1448.93,0.11,7737.29,8391,0.11
8392,2436,34,4,302.19,0.0,1208.76,8392,0.0
8393,2436,241,2,95.97,0.26,142.04,8393,0.26
8394,2436,185,6,183.14,0.0,1098.84,8394,0.0
8395,2437,195,8,1273.52,0.0,10188.16,8395,0.0
8396,2437,310,1,786.22,0.0,786.22,8396,0.0
8397,2437,494,1,981.07,0.0,981.07,8397,0.0
8398,2438,21,6,22.18,0.0,133.08,8398,0.0
8399,2438,188,8,477.09,0.0,3816.72,8399,0.0
8405,2440,379,6,895.98,0.0,5375.88,8405,0.0
8406,2440,148,7,1249.53,0.0,8746.71,8406,0.0
8407,2440,67,3,1083.05,0.0,3249.15,8407,0.0
8408,2440,357,1,601.05,0.0,601.05,8408,0.0
8409,2440,8,1,138.37,0.0,138.37,8409,0.0
8410,2440,95,6,536.57,0.0,3219.42,8410,0.0
8412,2442,89,7,1361.59,0.0,9531.13,8412,0.0
8413,2442,26,7,123.45,0.0,864.15,8413,0.0
8414,2442,303,6,1147.08,0.0,6882.48,8414,0.0
8415,2442,67,3,336.48,0.0,1009.44,8415,0.0
8416,2442,417,4,584.99,0.0,2339.96,8416,0.0
8424,2445,499,6,29.35,0.0,176.1,8424,0.0
8425,2445,403,8,466.5,0.0,3732.0,8425,0.0
8426,2446,334,7,702.71,0.0,4918.97,8426,0.0
8427,2446,197,5,935.29,0.08,4302.33,8427,0.08
8428,2446,156,1,240.44,0.0,240.44,8428,0.0
8429,2446,175,7,323.09,0.0,2261.63,8429,0.0
8430,2446,384,4,347.01,0.0,1388.04,8430,0.0
8431,2446,146,5,954.21,0.0,4771.05,8431,0.0
8432,2447,126,1,555.91,0.19,450.29,8432,0.19
8433,2447,139,2,1495.27,0.0,2990.54,8433,0.0
8434,2447,87,6,138.61,0.0,831.66,8434,0.0
8435,2447,272,8,579.83,0.0,4638.64,8435,0.0
8436,2447,116,5,1264.52,0.0,6322.6,8436,0.0
8437,2447,222,4,1335.49,0.0,5341.96,8437,0.0
8438,2448,415,2,1410.65,0.0,2821.3,8438,0.0
8440,2449,372,7,1044.89,0.0,7314.23,8440,0.0
8441,2449,309,1,1038.76,0.0,1038.76,8441,0.0
8442,2449,337,7,1388.31,0.0,9718.17,8442,0.0
8443,2449,221,8,712.62,0.0,5700.96,8443,0.0
8444,2450,54,4,294.9,0.0,1179.6,8444,0.0
8445,2450,122,2,1092.48,0.0,2184.96,8445,0.0
8446,2450,458,7,1144.64,0.0,8012.48,8446,0.0
8448,2450,254,6,1027.63,0.0,6165.78,8448,0.0
8449,2451,487,3,186.16,0.0,558.48,8449,0.0
8450,2451,435,6,698.42,0.0,4190.52,8450,0.0
8452,2451,6,5,1379.8,0.0,6899.0,8452,0.0
8453,2451,11,1,512.19,0.0,512.19,8453,0.0
8455,2452,204,4,269.19,0.29,764.5,8455,0.29
8456,2453,119,7,531.97,0.0,3723.79,8456,0.0
8457,2453,264,3,1328.46,0.0,3985.38,8457,0.0
8458,2453,450,6,608.01,0.0,3648.06,8458,0.0
8459,2453,438,8,448.15,0.0,3585.2,8459,0.0
8460,2454,344,4,62.22,0.0,248.88,8460,0.0
8461,2454,496,6,1091.23,0.0,6547.38,8461,0.0
8462,2454,478,6,1085.04,0.0,6510.24,8462,0.0
8463,2454,466,6,470.3,0.0,2821.8,8463,0.0
8464,2454,279,5,773.1,0.23,2976.44,8464,0.23
8465,2455,329,6,1417.57,0.0,8505.42,8465,0.0
8466,2455,253,1,417.54,0.0,417.54,8466,0.0
8467,2455,237,2,828.02,0.39,1010.18,8467,0.39
8468,2455,499,6,878.92,0.0,5273.52,8468,0.0
8469,2456,85,7,1409.6,0.0,9867.2,8469,0.0
8470,2457,131,6,506.15,0.0,3036.9,8470,0.0
8471,2458,29,5,1026.35,0.0,5131.75,8471,0.0
8472,2458,83,7,642.53,0.0,4497.71,8472,0.0
8473,2458,375,3,1463.5,0.0,4390.5,8473,0.0
8474,2458,141,4,934.0,0.22,2914.08,8474,0.22
8475,2458,262,1,504.5,0.0,504.5,8475,0.0
8476,2458,388,4,983.69,0.0,3934.76,8476,0.0
8477,2459,126,6,1054.63,0.0,6327.78,8477,0.0
8478,2459,341,1,1407.99,0.0,1407.99,8478,0.0
8479,2459,12,6,366.6,0.0,2199.6,8479,0.0
8480,2459,357,6,441.39,0.0,2648.34,8480,0.0
8481,2460,123,7,121.79,0.09,775.8,8481,0.09
8482,2460,39,5,202.76,0.1,912.42,8482,0.1
8483,2460,168,8,365.21,0.0,2921.68,8483,0.0
8484,2461,470,8,648.37,0.0,5186.96,8484,0.0
8485,2461,89,8,395.91,0.0,3167.28,8485,0.0
8486,2461,112,5,933.9,0.0,4669.5,8486,0.0
8487,2461,314,8,849.14,0.0,6793.12,8487,0.0
8494,2463,93,2,479.92,0.0,959.84,8494,0.0
8495,2463,262,5,37.65,0.0,188.25,8495,0.0
8496,2463,413,4,1049.71,0.0,4198.84,8496,0.0
8497,2463,82,7,1141.07,0.33,5351.62,8497,0.33
8498,2463,330,8,974.54,0.0,7796.32,8498,0.0
8499,2463,454,6,1190.82,0.38,4429.85,8499,0.38
8500,2464,248,6,916.81,0.3,3850.6,8500,0.3
8501,2464,495,4,60.94,0.0,243.76,8501,0.0
8502,2464,488,5,1490.41,0.0,7452.05,8502,0.0
8503,2464,276,8,146.9,0.0,1175.2,8503,0.0
8504,2464,194,7,649.64,0.0,4547.48,8504,0.0
8505,2465,44,1,1350.62,0.0,1350.62,8505,0.0
8506,2465,426,8,98.48,0.0,787.84,8506,0.0
8507,2466,455,8,346.25,0.0,2770.0,8507,0.0
8511,2468,137,8,1424.82,0.0,11398.56,8511,0.0
8512,2469,114,6,869.44,0.0,5216.64,8512,0.0
8513,2469,401,1,272.18,0.0,272.18,8513,0.0
8514,2469,500,2,1441.26,0.16,2421.32,8514,0.16
8515,2470,137,3,1309.5,0.0,3928.5,8515,0.0
8516,2471,277,7,1381.0,0.0,9667.0,8516,0.0
8517,2471,430,5,1064.28,0.0,5321.4,8517,0.0
8518,2471,300,7,281.42,0.0,1969.94,8518,0.0
8519,2471,165,4,126.95,0.0,507.8,8519,0.0
8520,2471,141,8,260.56,0.0,2084.48,8520,0.0
8521,2471,34,4,921.27,0.0,3685.08,8521,0.0
8522,2472,303,4,314.51,0.0,1258.04,8522,0.0
8523,2472,168,4,954.69,0.0,3818.76,8523,0.0
8524,2472,395,8,888.38,0.0,7107.04,8524,0.0
8525,2472,85,1,789.52,0.0,789.52,8525,0.0
8526,2472,123,1,1173.85,0.0,1173.85,8526,0.0
8527,2472,351,7,1335.87,0.39,5704.16,8527,0.39
8528,2473,495,4,1078.57,0.0,4314.28,8528,0.0
8529,2473,474,5,49.28,0.0,246.4,8529,0.0
8530,2473,354,7,1312.48,0.0,9187.36,8530,0.0
8531,2473,248,2,385.11,0.0,770.22,8531,0.0
8532,2473,21,8,1184.89,0.0,9479.12,8532,0.0
8533,2474,15,3,679.77,0.0,2039.31,8533,0.0
8534,2474,106,6,324.35,0.0,1946.1,8534,0.0
8535,2474,241,2,745.79,0.3,1044.11,8535,0.3
8536,2474,17,8,925.27,0.0,7402.16,8536,0.0
8537,2474,27,7,626.13,0.0,4382.91,8537,0.0
8538,2474,180,5,1144.18,0.09,5206.02,8538,0.09
8539,2475,397,7,859.1,0.0,6013.7,8539,0.0
8540,2475,226,3,681.45,0.0,2044.35,8540,0.0
8541,2476,452,5,15.31,0.19,62.01,8541,0.19
8542,2476,345,4,950.14,0.0,3800.56,8542,0.0
8543,2477,37,1,1301.22,0.0,1301.22,8543,0.0
8544,2477,437,7,1218.61,0.25,6397.7,8544,0.25
8545,2477,135,2,790.31,0.0,1580.62,8545,0.0
8546,2477,466,5,756.26,0.0,3781.3,8546,0.0
8547,2477,42,1,79.62,0.0,79.62,8547,0.0
8551,2479,330,5,332.84,0.0,1664.2,8551,0.0
8553,2479,70,5,175.33,0.0,876.65,8553,0.0
8554,2479,135,2,344.48,0.0,688.96,8554,0.0
8555,2479,266,5,358.69,0.0,1793.45,8555,0.0
8556,2480,196,4,230.85,0.0,923.4,8556,0.0
8557,2480,284,4,377.78,0.0,1511.12,8557,0.0
8558,2480,38,3,415.17,0.0,1245.51,8558,0.0
8559,2480,125,2,266.35,0.08,490.08,8559,0.08
8560,2480,76,7,59.46,0.0,416.22,8560,0.0
8562,2481,204,4,1183.7,0.0,4734.8,8562,0.0
8563,2482,280,3,692.24,0.0,2076.72,8563,0.0
8564,2482,466,4,1243.03,0.0,4972.12,8564,0.0
8565,2482,484,7,230.14,0.0,1610.98,8565,0.0
8566,2482,435,2,946.93,0.15,1609.78,8566,0.15
8567,2483,357,1,547.94,0.0,547.94,8567,0.0
8568,2483,413,7,757.79,0.0,5304.53,8568,0.0
8569,2483,85,7,1041.35,0.34,4811.04,8569,0.34
8570,2483,101,7,653.74,0.0,4576.18,8570,0.0
8571,2483,495,8,337.03,0.11,2399.65,8571,0.11
8572,2483,261,8,86.71,0.0,693.68,8572,0.0
8573,2484,323,8,289.96,0.0,2319.68,8573,0.0
8574,2485,134,6,1267.9,0.0,7607.4,8574,0.0
8575,2485,360,2,1137.97,0.0,2275.94,8575,0.0
8576,2486,322,4,1210.39,0.39,2953.35,8576,0.39
8577,2486,346,8,356.38,0.0,2851.04,8577,0.0
8578,2486,468,6,1008.6,0.0,6051.6,8578,0.0
8579,2486,2,5,91.9,0.0,459.5,8579,0.0
8580,2486,457,7,85.14,0.0,595.98,8580,0.0
8581,2487,293,4,36.69,0.0,146.76,8581,0.0
8582,2487,25,8,737.76,0.28,4249.5,8582,0.28
8583,2487,152,4,394.88,0.0,1579.52,8583,0.0
8584,2488,146,7,109.34,0.11,681.19,8584,0.11
8585,2489,15,4,1172.94,0.21,3706.49,8585,0.21
8586,2489,441,6,1455.92,0.0,8735.52,8586,0.0
8587,2489,180,8,142.24,0.0,1137.92,8587,0.0
8588,2489,286,6,30.16,0.0,180.96,8588,0.0
8589,2489,151,4,388.35,0.0,1553.4,8589,0.0
8590,2489,241,7,285.55,0.0,1998.85,8590,0.0
8591,2490,438,3,811.15,0.12,2141.44,8591,0.12
8592,2490,44,3,532.08,0.0,1596.24,8592,0.0
8593,2490,320,7,1057.48,0.27,5403.72,8593,0.27
8594,2490,360,1,635.5,0.0,635.5,8594,0.0
8595,2490,211,6,1479.59,0.0,8877.54,8595,0.0
8596,2491,125,2,1032.78,0.39,1259.99,8596,0.39
8597,2492,147,7,351.85,0.0,2462.95,8597,0.0
8598,2492,101,7,1089.38,0.0,7625.66,8598,0.0
8599,2492,498,3,1308.41,0.0,3925.23,8599,0.0
8600,2492,171,1,1173.99,0.0,1173.99,8600,0.0
8601,2492,497,5,1007.34,0.0,5036.7,8601,0.0
8602,2492,174,4,1016.93,0.0,4067.72,8602,0.0
8603,2493,40,8,1289.91,0.0,10319.28,8603,0.0
8604,2493,356,6,239.15,0.0,1434.9,8604,0.0
8605,2493,406,3,948.79,0.0,2846.37,8605,0.0
8606,2493,371,8,193.01,0.0,1544.08,8606,0.0
8607,2494,94,1,973.96,0.0,973.96,8607,0.0
8608,2494,481,1,1185.85,0.0,1185.85,8608,0.0
8609,2495,147,6,724.19,0.21,3432.66,8609,0.21
8610,2495,411,1,392.61,0.0,392.61,8610,0.0
8611,2496,365,5,1134.48,0.32,3857.23,8611,0.32
8612,2497,182,6,838.63,0.0,5031.78,8612,0.0
8613,2497,56,5,1314.5,0.0,6572.5,8613,0.0
8614,2497,195,4,1312.33,0.0,5249.32,8614,0.0
8615,2497,495,8,1044.82,0.0,8358.56,8615,0.0
8616,2497,392,1,1377.3,0.0,1377.3,8616,0.0
8620,2499,290,3,420.03,0.0,1260.09,8620,0.0
8621,2500,280,4,99.91,0.0,399.64,8621,0.0
8622,2500,200,4,33.23,0.0,132.92,8622,0.0
8623,2500,9,2,583.04,0.0,1166.08,8623,0.0
8624,2500,24,8,1240.41,0.0,9923.28,8624,0.0
8625,2501,68,3,313.74,0.0,941.22,8625,0.0
8626,2501,316,1,1194.08,0.0,1194.08,8626,0.0
8627,2501,36,5,1023.47,0.0,5117.35,8627,0.0
8628,2502,334,4,1168.61,0.0,4674.44,8628,0.0
8629,2502,101,5,744.03,0.0,3720.15,8629,0.0
8630,2503,368,6,547.89,0.0,3287.34,8630,0.0
8631,2503,435,6,1307.12,0.0,7842.72,8631,0.0
8632,2503,320,1,255.38,0.0,255.38,8632,0.0
8633,2504,284,7,688.82,0.0,4821.74,8633,0.0
8634,2504,5,7,565.68,0.0,3959.76,8634,0.0
8635,2504,230,3,406.62,0.0,1219.86,8635,0.0
8636,2505,152,2,673.03,0.0,1346.06,8636,0.0
8637,2505,399,6,1443.33,0.06,8140.38,8637,0.06
8638,2506,272,6,392.14,0.0,2352.84,8638,0.0
8639,2507,244,5,515.73,0.0,2578.65,8639,0.0
8640,2507,344,1,178.55,0.0,178.55,8640,0.0
8641,2507,121,4,690.83,0.0,2763.32,8641,0.0
8642,2507,240,4,790.43,0.23,2434.52,8642,0.23
8643,2507,78,7,901.68,0.0,6311.76,8643,0.0
8644,2508,198,1,549.96,0.0,549.96,8644,0.0
8645,2508,441,5,276.57,0.0,1382.85,8645,0.0
8646,2508,488,1,701.17,0.0,701.17,8646,0.0
8647,2508,166,3,789.86,0.0,2369.58,8647,0.0
8648,2508,360,6,1426.82,0.0,8560.92,8648,0.0
8649,2509,134,5,1425.49,0.0,7127.45,8649,0.0
8650,2509,67,3,527.13,0.39,964.65,8650,0.39
8651,2509,463,6,816.34,0.0,4898.04,8651,0.0
8652,2509,466,1,1217.26,0.0,1217.26,8652,0.0
8653,2509,47,8,1112.45,0.0,8899.6,8653,0.0
8654,2509,129,7,1407.45,0.0,9852.15,8654,0.0
8655,2510,121,2,103.24,0.0,206.48,8655,0.0
8656,2511,190,7,282.5,0.0,1977.5,8656,0.0
8657,2511,345,1,1037.62,0.0,1037.62,8657,0.0
8658,2511,460,4,791.65,0.0,3166.6,8658,0.0
8659,2512,74,2,1491.79,0.0,2983.58,8659,0.0
8660,2512,452,5,1016.86,0.0,5084.3,8660,0.0
8661,2512,27,6,545.31,0.0,3271.86,8661,0.0
8662,2512,287,7,1181.85,0.0,8272.95,8662,0.0
8663,2513,313,4,700.76,0.09,2550.77,8663,0.09
8664,2513,379,2,426.37,0.0,852.74,8664,0.0
8665,2514,167,4,228.48,0.0,913.92,8665,0.0
8666,2514,452,8,287.36,0.0,2298.88,8666,0.0
8667,2515,436,4,950.78,0.0,3803.12,8667,0.0
8668,2515,417,3,1178.83,0.09,3218.21,8668,0.09
8669,2515,376,2,966.72,0.0,1933.44,8669,0.0
8670,2515,268,3,1380.16,0.0,4140.48,8670,0.0
8671,2515,105,1,1384.78,0.0,1384.78,8671,0.0
8674,2517,366,8,1143.64,0.0,9149.12,8674,0.0
8675,2517,101,7,703.67,0.0,4925.69,8675,0.0
8676,2517,313,1,436.73,0.05,414.89,8676,0.05
8677,2517,49,6,444.25,0.0,2665.5,8677,0.0
8678,2517,111,3,254.13,0.0,762.39,8678,0.0
8679,2517,368,2,575.33,0.0,1150.66,8679,0.0
8680,2518,380,6,829.27,0.0,4975.62,8680,0.0
8681,2518,14,4,944.3,0.0,3777.2,8681,0.0
8682,2518,24,3,1409.55,0.0,4228.65,8682,0.0
8683,2518,398,3,842.1,0.0,2526.3,8683,0.0
8684,2518,432,2,232.94,0.0,465.88,8684,0.0
8685,2518,486,6,58.73,0.0,352.38,8685,0.0
8686,2519,412,1,1239.57,0.0,1239.57,8686,0.0
8687,2519,497,3,867.48,0.0,2602.44,8687,0.0
8688,2519,238,2,519.74,0.0,1039.48,8688,0.0
8693,2521,28,5,278.45,0.26,1030.27,8693,0.26
8694,2521,427,2,1446.52,0.0,2893.04,8694,0.0
8695,2521,471,6,260.74,0.0,1564.44,8695,0.0
8696,2521,166,8,107.87,0.0,862.96,8696,0.0
8697,2521,475,8,203.6,0.09,1482.21,8697,0.09
8698,2522,90,6,236.68,0.0,1420.08,8698,0.0
8699,2522,387,8,834.6,0.0,6676.8,8699,0.0
8706,2525,201,4,1255.78,0.0,5023.12,8706,0.0
8707,2525,334,7,570.03,0.24,3032.56,8707,0.24
8708,2525,252,7,382.07,0.0,2674.49,8708,0.0
8709,2525,260,5,210.76,0.0,1053.8,8709,0.0
8710,2526,165,4,1069.99,0.0,4279.96,8710,0.0
8711,2526,475,2,1285.41,0.37,1619.62,8711,0.37
8712,2526,305,2,1337.01,0.0,2674.02,8712,0.0
8713,2526,53,5,601.43,0.0,3007.15,8713,0.0
8714,2527,442,8,480.12,0.0,3840.96,8714,0.0
8715,2527,365,1,1044.38,0.0,1044.38,8715,0.0
8716,2527,186,8,1388.41,0.0,11107.28,8716,0.0
8717,2527,441,4,1390.46,0.0,5561.84,8717,0.0
8718,2527,210,7,1016.74,0.0,7117.18,8718,0.0
8719,2527,407,5,90.24,0.0,451.2,8719,0.0
8720,2528,197,3,260.82,0.25,586.84,8720,0.25
8721,2528,241,8,1344.25,0.0,10754.0,8721,0.0
8722,2528,449,4,194.74,0.0,778.96,8722,0.0
8723,2529,393,6,1270.24,0.0,7621.44,8723,0.0
8724,2529,416,4,1074.39,0.0,4297.56,8724,0.0
8725,2529,201,1,1307.79,0.0,1307.79,8725,0.0
8726,2529,379,1,127.01,0.0,127.01,8726,0.0
8727,2529,74,1,1314.46,0.0,1314.46,8727,0.0
8728,2529,334,8,444.41,0.19,2879.78,8728,0.19
8729,2530,198,4,1474.5,0.0,5898.0,8729,0.0
8730,2530,29,7,884.79,0.0,6193.53,8730,0.0
8731,2531,211,6,897.59,0.0,5385.54,8731,0.0
8732,2532,72,2,407.29,0.0,814.58,8732,0.0
8733,2532,86,5,1480.77,0.0,7403.85,8733,0.0
8734,2532,433,4,922.34,0.0,3689.36,8734,0.0
8735,2532,37,2,1035.39,0.0,2070.78,8735,0.0
8736,2533,499,1,221.96,0.12,195.32,8736,0.12
8737,2533,208,8,463.15,0.0,3705.2,8737,0.0
8738,2533,263,1,1178.47,0.0,1178.47,8738,0.0
8739,2533,436,7,949.59,0.0,6647.13,8739,0.0
8740,2533,296,4,155.72,0.0,622.88,8740,0.0
8741,2533,90,7,138.85,0.0,971.95,8741,0.0
8742,2534,366,6,501.08,0.0,3006.48,8742,0.0
8743,2534,251,4,553.73,0.0,2214.92,8743,0.0
8744,2535,236,2,319.54,0.0,639.08,8744,0.0
8745,2535,274,4,652.17,0.0,2608.68,8745,0.0
8746,2535,281,1,1499.58,0.0,1499.58,8746,0.0
8747,2535,461,8,63.91,0.0,511.28,8747,0.0
8749,2535,192,6,377.55,0.0,2265.3,8749,0.0
8750,2536,297,7,320.93,0.0,2246.51,8750,0.0
8751,2536,287,5,832.99,0.0,4164.95,8751,0.0
8752,2536,136,3,513.07,0.0,1539.21,8752,0.0
8753,2536,419,5,968.5,0.05,4600.38,8753,0.05
8754,2536,453,6,759.67,0.0,4558.02,8754,0.0
8755,2536,40,1,1291.05,0.0,1291.05,8755,0.0
8756,2537,143,5,854.26,0.0,4271.3,8756,0.0
8757,2537,454,2,502.55,0.0,1005.1,8757,0.0
8763,2539,2,5,813.58,0.0,4067.9,8763,0.0
8764,2539,349,3,1230.91,0.23,2843.4,8764,0.23
8765,2539,436,6,1267.72,0.0,7606.32,8765,0.0
8766,2539,346,1,284.47,0.0,284.47,8766,0.0
8767,2539,313,5,540.77,0.0,2703.85,8767,0.0
8768,2539,403,1,1208.76,0.0,1208.76,8768,0.0
8769,2540,492,1,399.54,0.0,399.54,8769,0.0
8770,2540,28,1,999.49,0.0,999.49,8770,0.0
8771,2540,302,8,236.41,0.0,1891.28,8771,0.0
8772,2540,299,1,45.22,0.0,45.22,8772,0.0
8773,2540,431,4,990.41,0.0,3961.64,8773,0.0
8774,2541,459,5,1325.12,0.0,6625.6,8774,0.0
8775,2541,410,1,1016.53,0.0,1016.53,8775,0.0
8776,2541,121,7,1233.25,0.0,8632.75,8776,0.0
8777,2541,354,2,462.68,0.0,925.36,8777,0.0
8778,2541,6,6,124.03,0.17,617.67,8778,0.17
8779,2541,17,3,1425.25,0.0,4275.75,8779,0.0
8780,2542,33,6,563.8,0.0,3382.8,8780,0.0
8782,2543,473,3,263.88,0.0,791.64,8782,0.0
8783,2543,368,6,738.62,0.0,4431.72,8783,0.0
8784,2544,112,7,620.3,0.0,4342.1,8784,0.0
8785,2545,465,5,808.16,0.0,4040.8,8785,0.0
8795,2548,43,3,968.37,0.13,2527.45,8795,0.13
8796,2548,57,7,814.16,0.0,5699.12,8796,0.0
8797,2548,37,5,818.57,0.0,4092.85,8797,0.0
8798,2548,392,3,189.35,0.32,386.27,8798,0.32
8799,2548,310,5,91.72,0.0,458.6,8799,0.0
8800,2548,165,3,168.84,0.0,506.52,8800,0.0
8801,2549,284,8,1067.37,0.0,8538.96,8801,0.0
8802,2550,213,5,1246.13,0.0,6230.65,8802,0.0
8803,2551,497,7,1111.14,0.0,7777.98,8803,0.0
8804,2551,241,1,653.75,0.0,653.75,8804,0.0
8805,2551,462,5,943.7,0.0,4718.5,8805,0.0
8806,2552,192,5,147.35,0.0,736.75,8806,0.0
8807,2552,341,8,1334.16,0.0,10673.28,8807,0.0
8808,2552,247,2,56.96,0.0,113.92,8808,0.0
8809,2552,297,1,1115.1,0.34,735.97,8809,0.34
8810,2552,274,8,1336.23,0.0,10689.84,8810,0.0
8811,2552,255,7,907.61,0.0,6353.27,8811,0.0
8812,2553,97,4,1176.38,0.0,4705.52,8812,0.0
8813,2553,101,4,571.44,0.0,2285.76,8813,0.0
8814,2553,373,7,68.52,0.0,479.64,8814,0.0
8815,2553,430,3,280.19,0.11,748.11,8815,0.11
8822,2555,155,4,1296.18,0.0,5184.72,8822,0.0
8823,2556,425,4,57.94,0.0,231.76,8823,0.0
8824,2556,9,4,1078.77,0.0,4315.08,8824,0.0
8830,2558,327,8,308.33,0.0,2466.64,8830,0.0
8831,2558,292,5,29.68,0.36,94.98,8831,0.36
8832,2558,330,7,72.58,0.0,508.06,8832,0.0
8834,2560,84,1,1242.99,0.0,1242.99,8834,0.0
8835,2561,164,5,1087.0,0.0,5435.0,8835,0.0
8836,2561,434,3,160.49,0.0,481.47,8836,0.0
8838,2561,214,1,1115.89,0.0,1115.89,8838,0.0
8839,2561,330,1,894.97,0.0,894.97,8839,0.0
8840,2561,29,3,1418.48,0.0,4255.44,8840,0.0
8841,2562,322,8,656.71,0.0,5253.68,8841,0.0
8842,2562,293,2,1102.97,0.0,2205.94,8842,0.0
8843,2563,51,1,413.17,0.14,355.33,8843,0.14
8844,2563,262,1,830.85,0.0,830.85,8844,0.0
8845,2563,492,7,1253.96,0.36,5617.74,8845,0.36
8846,2564,282,2,512.99,0.0,1025.98,8846,0.0
8847,2564,435,5,443.81,0.0,2219.05,8847,0.0
8848,2564,497,2,1027.82,0.0,2055.64,8848,0.0
8849,2564,252,1,152.6,0.0,152.6,8849,0.0
8851,2564,59,1,375.84,0.0,375.84,8851,0.0
8858,2566,215,5,266.76,0.0,1333.8,8858,0.0
8859,2566,118,1,410.22,0.0,410.22,8859,0.0
8860,2566,265,5,1038.38,0.0,5191.9,8860,0.0
8861,2567,66,3,386.84,0.0,1160.52,8861,0.0
8862,2567,258,1,1398.32,0.0,1398.32,8862,0.0
8863,2567,130,4,861.2,0.16,2893.63,8863,0.16
8864,2567,78,4,393.59,0.0,1574.36,8864,0.0
8867,2568,361,1,212.57,0.0,212.57,8867,0.0
8868,2569,447,2,1044.48,0.0,2088.96,8868,0.0
8870,2570,16,4,881.18,0.0,3524.72,8870,0.0
8871,2571,257,4,767.72,0.07,2855.92,8871,0.07
8872,2571,262,6,217.5,0.0,1305.0,8872,0.0
8873,2571,368,8,711.12,0.0,5688.96,8873,0.0
8874,2571,156,6,1433.21,0.0,8599.26,8874,0.0
8875,2571,332,2,300.51,0.0,601.02,8875,0.0
8876,2571,191,2,1493.44,0.0,2986.88,8876,0.0
8877,2572,370,2,170.13,0.32,231.38,8877,0.32
8882,2574,470,6,171.54,0.0,1029.24,8882,0.0
8883,2574,184,8,1462.34,0.0,11698.72,8883,0.0
8884,2574,367,4,1315.47,0.0,5261.88,8884,0.0
8885,2574,156,6,255.16,0.0,1530.96,8885,0.0
8886,2574,84,2,1011.31,0.0,2022.62,8886,0.0
8887,2575,456,7,1043.53,0.0,7304.71,8887,0.0
8888,2575,135,8,342.09,0.17,2271.48,8888,0.17
8889,2575,448,2,1020.58,0.0,2041.16,8889,0.0
8890,2575,351,3,405.98,0.0,1217.94,8890,0.0
8891,2576,369,2,353.56,0.0,707.12,8891,0.0
8892,2576,20,6,612.59,0.0,3675.54,8892,0.0
8893,2576,451,7,719.19,0.0,5034.33,8893,0.0
8894,2577,129,5,107.53,0.0,537.65,8894,0.0
8895,2577,340,1,1080.83,0.0,1080.83,8895,0.0
8896,2577,113,2,444.34,0.0,888.68,8896,0.0
8897,2577,58,7,1309.83,0.0,9168.81,8897,0.0
8898,2578,111,8,271.02,0.0,2168.16,8898,0.0
8901,2580,40,3,157.0,0.3,329.7,8901,0.3
8902,2580,277,7,1070.54,0.0,7493.78,8902,0.0
8903,2581,30,5,647.71,0.0,3238.55,8903,0.0
8904,2581,398,1,305.41,0.0,305.41,8904,0.0
8905,2582,325,3,450.1,0.0,1350.3,8905,0.0
8906,2582,393,8,910.88,0.0,7287.04,8906,0.0
8907,2582,220,2,1266.2,0.06,2380.46,8907,0.06
8908,2583,4,2,335.0,0.0,670.0,8908,0.0
8909,2583,188,1,1232.13,0.0,1232.13,8909,0.0
8910,2583,65,3,1440.57,0.0,4321.71,8910,0.0
8911,2583,216,2,1408.87,0.0,2817.74,8911,0.0
8912,2583,255,2,1136.41,0.0,2272.82,8912,0.0
8917,2585,38,3,207.55,0.4,373.59,8917,0.4
8918,2585,158,5,932.65,0.0,4663.25,8918,0.0
8919,2585,209,1,402.94,0.0,402.94,8919,0.0
8920,2585,465,1,195.48,0.0,195.48,8920,0.0
8921,2585,31,6,826.66,0.0,4959.96,8921,0.0
8922,2586,439,8,158.12,0.0,1264.96,8922,0.0
8923,2586,100,3,269.27,0.0,807.81,8923,0.0
8924,2586,469,1,681.48,0.05,647.41,8924,0.05
8925,2586,275,2,100.06,0.0,200.12,8925,0.0
8930,2588,369,8,665.54,0.0,5324.32,8930,0.0
8931,2588,363,4,1380.66,0.0,5522.64,8931,0.0
8932,2588,151,8,323.39,0.0,2587.12,8932,0.0
8933,2588,443,1,1456.21,0.0,1456.21,8933,0.0
8934,2588,176,1,1169.23,0.0,1169.23,8934,0.0
8935,2588,362,7,520.73,0.0,3645.11,8935,0.0
8936,2589,219,4,1414.55,0.38,3508.08,8936,0.38
8937,2589,301,6,585.2,0.0,3511.2,8937,0.0
8938,2589,360,6,1159.54,0.35,4522.21,8938,0.35
8939,2590,440,8,1296.46,0.0,10371.68,8939,0.0
8940,2590,77,1,345.51,0.0,345.51,8940,0.0
8941,2590,163,3,1206.35,0.0,3619.05,8941,0.0
8942,2590,369,5,413.31,0.0,2066.55,8942,0.0
8943,2591,202,2,1149.76,0.0,2299.52,8943,0.0
8944,2591,221,2,372.74,0.0,745.48,8944,0.0
8945,2591,63,5,838.7,0.0,4193.5,8945,0.0
8946,2591,278,5,670.59,0.0,3352.95,8946,0.0
8947,2591,390,5,54.42,0.0,272.1,8947,0.0
8948,2591,171,3,1447.66,0.05,4125.83,8948,0.05
8949,2592,193,1,1041.34,0.0,1041.34,8949,0.0
8950,2592,200,7,1459.08,0.0,10213.56,8950,0.0
8951,2592,101,4,542.48,0.0,2169.92,8951,0.0
8952,2592,100,7,1355.28,0.0,9486.96,8952,0.0
8953,2593,233,5,712.02,0.0,3560.1,8953,0.0
8954,2593,476,3,810.26,0.0,2430.78,8954,0.0
8955,2593,75,3,1491.83,0.0,4475.49,8955,0.0
8957,2593,57,8,520.96,0.0,4167.68,8957,0.0
8958,2593,193,2,854.26,0.25,1281.39,8958,0.25
8959,2594,247,6,459.29,0.0,2755.74,8959,0.0
8960,2594,205,2,1142.11,0.0,2284.22,8960,0.0
8961,2594,132,4,375.86,0.0,1503.44,8961,0.0
8962,2594,373,2,1130.15,0.0,2260.3,8962,0.0
8963,2594,194,5,690.4,0.0,3452.0,8963,0.0
8964,2595,425,2,510.77,0.0,1021.54,8964,0.0
8965,2595,229,7,579.84,0.0,4058.88,8965,0.0
8966,2595,482,3,1250.85,0.0,3752.55,8966,0.0
8967,2596,87,5,427.71,0.0,2138.55,8967,0.0
8968,2596,114,8,603.91,0.0,4831.28,8968,0.0
8969,2596,259,2,488.05,0.0,976.1,8969,0.0
8970,2597,130,5,1404.89,0.0,7024.45,8970,0.0
8971,2597,339,2,850.64,0.0,1701.28,8971,0.0
8972,2597,235,6,388.84,0.29,1656.46,8972,0.29
8973,2598,180,3,1113.19,0.0,3339.57,8973,0.0
8974,2598,205,4,1457.6,0.0,5830.4,8974,0.0
8981,2600,280,3,304.69,0.18,749.54,8981,0.18
8982,2600,290,1,594.97,0.31,410.53,8982,0.31
8983,2600,383,2,139.06,0.0,278.12,8983,0.0
8984,2600,185,1,406.09,0.0,406.09,8984,0.0
8985,2601,39,2,122.74,0.09,223.39,8985,0.09
8986,2601,89,6,773.59,0.0,4641.54,8986,0.0
8987,2601,190,2,105.84,0.0,211.68,8987,0.0
8989,2601,268,3,450.71,0.0,1352.13,8989,0.0
8990,2601,95,8,1264.53,0.0,10116.24,8990,0.0
8991,2602,194,1,1111.69,0.0,1111.69,8991,0.0
8992,2602,236,6,953.89,0.0,5723.34,8992,0.0
8993,2602,330,1,724.78,0.28,521.84,8993,0.28
8994,2603,48,5,589.02,0.0,2945.1,8994,0.0
8995,2603,176,1,394.43,0.0,394.43,8995,0.0
8996,2603,296,3,1452.82,0.0,4358.46,8996,0.0
8997,2603,334,2,892.78,0.0,1785.56,8997,0.0
8998,2603,423,5,37.34,0.0,186.7,8998,0.0
8999,2604,292,4,1124.25,0.0,4497.0,8999,0.0
9000,2604,424,6,1196.99,0.0,7181.94,9000,0.0
9001,2604,252,4,371.86,0.0,1487.44,9001,0.0
9002,2604,421,5,522.8,0.0,2614.0,9002,0.0
9003,2604,398,5,348.87,0.0,1744.35,9003,0.0
9004,2604,295,1,586.93,0.0,586.93,9004,0.0
9005,2605,311,4,491.79,0.0,1967.16,9005,0.0
9006,2605,197,2,362.16,0.0,724.32,9006,0.0
9007,2605,29,7,1200.43,0.0,8403.01,9007,0.0
9008,2605,305,4,510.04,0.0,2040.16,9008,0.0
9009,2605,5,4,1170.36,0.0,4681.44,9009,0.0
9010,2606,113,5,116.4,0.0,582.0,9010,0.0
9011,2606,353,5,560.44,0.0,2802.2,9011,0.0
9012,2606,127,4,540.73,0.13,1881.74,9012,0.13
9013,2606,61,8,277.43,0.0,2219.44,9013,0.0
9014,2607,434,1,1003.88,0.0,1003.88,9014,0.0
9015,2607,428,8,1150.1,0.34,6072.53,9015,0.34
9016,2607,423,8,1106.76,0.0,8854.08,9016,0.0
9017,2607,304,1,729.16,0.0,729.16,9017,0.0
9018,2607,422,8,1453.99,0.0,11631.92,9018,0.0
9019,2607,383,1,692.92,0.0,692.92,9019,0.0
9020,2608,146,5,123.49,0.0,617.45,9020,0.0
9021,2608,226,6,179.72,0.0,1078.32,9021,0.0
9022,2608,406,1,1326.9,0.0,1326.9,9022,0.0
9023,2609,186,2,96.3,0.0,192.6,9023,0.0
9024,2609,378,7,205.88,0.0,1441.16,9024,0.0
9025,2609,276,6,262.57,0.0,1575.42,9025,0.0
9026,2610,325,3,370.08,0.22,865.99,9026,0.22
9027,2610,399,6,1145.67,0.0,6874.02,9027,0.0
9028,2610,376,4,465.73,0.0,1862.92,9028,0.0
9029,2610,163,4,489.96,0.0,1959.84,9029,0.0
9030,2610,92,7,137.95,0.0,965.65,9030,0.0
9031,2610,34,7,217.47,0.0,1522.29,9031,0.0
9032,2611,466,2,1360.71,0.0,2721.42,9032,0.0
9033,2611,450,1,1277.05,0.0,1277.05,9033,0.0
9034,2611,272,5,1452.54,0.0,7262.7,9034,0.0
9035,2611,8,2,628.26,0.17,1042.91,9035,0.17
9036,2611,435,7,947.41,0.19,5371.81,9036,0.19
9037,2612,24,4,1431.21,0.0,5724.84,9037,0.0
9038,2612,336,6,1485.02,0.0,8910.12,9038,0.0
9039,2612,192,3,1132.72,0.0,3398.16,9039,0.0
9040,2612,317,8,1054.0,0.0,8432.0,9040,0.0
9041,2612,26,7,1466.83,0.0,10267.81,9041,0.0
9042,2612,18,3,486.81,0.0,1460.43,9042,0.0
9044,2614,285,3,288.6,0.0,865.8,9044,0.0
9051,2616,345,4,745.56,0.0,2982.24,9051,0.0
9052,2616,28,2,1143.24,0.38,1417.62,9052,0.38
9053,2616,47,7,1304.9,0.0,9134.3,9053,0.0
9054,2616,262,2,331.76,0.0,663.52,9054,0.0
9055,2617,57,2,1209.2,0.0,2418.4,9055,0.0
9056,2617,146,1,265.99,0.0,265.99,9056,0.0
9057,2617,226,1,1338.03,0.0,1338.03,9057,0.0
9058,2618,1,5,655.07,0.0,3275.35,9058,0.0
9059,2619,240,1,806.15,0.0,806.15,9059,0.0
9060,2619,196,4,1069.89,0.15,3637.63,9060,0.15
9061,2619,102,6,144.92,0.0,869.52,9061,0.0
9062,2619,98,3,733.62,0.2,1760.69,9062,0.2
9063,2620,78,2,414.0,0.0,828.0,9063,0.0
9064,2620,361,8,1487.9,0.0,11903.2,9064,0.0
9065,2621,485,1,935.28,0.0,935.28,9065,0.0
9066,2621,365,5,526.74,0.0,2633.7,9066,0.0
9067,2621,422,6,447.37,0.0,2684.22,9067,0.0
9068,2621,404,6,393.58,0.0,2361.48,9068,0.0
9069,2621,152,3,432.57,0.0,1297.71,9069,0.0
9070,2621,177,2,10.71,0.0,21.42,9070,0.0
9071,2622,319,3,431.87,0.0,1295.61,9071,0.0
9072,2623,67,4,1477.58,0.0,5910.32,9072,0.0
9073,2623,81,7,1368.1,0.0,9576.7,9073,0.0
9074,2623,435,8,623.16,0.0,4985.28,9074,0.0
9075,2624,321,1,1485.07,0.0,1485.07,9075,0.0
9076,2625,116,1,229.79,0.0,229.79,9076,0.0
9077,2625,183,5,1090.4,0.0,5452.0,9077,0.0
9078,2625,157,4,1163.16,0.0,4652.64,9078,0.0
9079,2625,401,1,1223.41,0.23,942.03,9079,0.23
9080,2625,108,5,546.43,0.0,2732.15,9080,0.0
9081,2626,358,7,1406.95,0.0,9848.65,9081,0.0
9082,2626,213,1,1209.71,0.0,1209.71,9082,0.0
9083,2626,397,4,1100.72,0.0,4402.88,9083,0.0
9084,2627,326,4,810.07,0.0,3240.28,9084,0.0
9085,2627,401,3,321.72,0.08,887.95,9085,0.08
9086,2627,194,1,186.68,0.0,186.68,9086,0.0
9087,2627,359,7,556.76,0.0,3897.32,9087,0.0
9089,2628,35,2,1334.31,0.0,2668.62,9089,0.0
9090,2628,312,7,1217.7,0.0,8523.9,9090,0.0
9091,2629,389,2,1234.59,0.0,2469.18,9091,0.0
9092,2629,484,4,739.61,0.0,2958.44,9092,0.0
9096,2632,60,8,1436.89,0.0,11495.12,9096,0.0
9097,2632,285,7,1069.32,0.0,7485.24,9097,0.0
9098,2633,374,4,205.84,0.0,823.36,9098,0.0
9099,2633,112,5,1310.65,0.0,6553.25,9099,0.0
9101,2633,290,8,1449.51,0.0,11596.08,9101,0.0
9102,2634,357,7,392.32,0.0,2746.24,9102,0.0
9114,2637,370,6,73.24,0.0,439.44,9114,0.0
9115,2637,340,2,1467.02,0.0,2934.04,9115,0.0
9116,2637,32,1,1487.02,0.0,1487.02,9116,0.0
9117,2637,184,6,290.58,0.0,1743.48,9117,0.0
9118,2637,59,5,96.9,0.0,484.5,9118,0.0
9122,2640,396,5,1008.36,0.0,5041.8,9122,0.0
9123,2641,50,6,200.45,0.0,1202.7,9123,0.0
9124,2641,162,1,419.05,0.0,419.05,9124,0.0
9125,2641,187,5,632.05,0.0,3160.25,9125,0.0
9126,2641,345,7,1405.61,0.0,9839.27,9126,0.0
9127,2641,167,2,704.73,0.0,1409.46,9127,0.0
9128,2641,97,5,63.23,0.0,316.15,9128,0.0
9129,2642,173,3,1010.9,0.0,3032.7,9129,0.0
9130,2642,417,8,1188.76,0.0,9510.08,9130,0.0
9132,2642,449,5,1352.89,0.0,6764.45,9132,0.0
9133,2642,19,2,1190.44,0.0,2380.88,9133,0.0
9134,2643,170,2,1430.42,0.31,1973.98,9134,0.31
9135,2643,18,8,983.47,0.0,7867.76,9135,0.0
9136,2643,144,1,1461.37,0.0,1461.37,9136,0.0
9137,2643,488,2,167.76,0.0,335.52,9137,0.0
9138,2643,180,1,544.25,0.0,544.25,9138,0.0
9139,2643,433,2,1008.39,0.0,2016.78,9139,0.0
9140,2644,400,3,414.08,0.0,1242.24,9140,0.0
9141,2644,44,3,598.52,0.0,1795.56,9141,0.0
9142,2644,35,2,1020.85,0.0,2041.7,9142,0.0
9143,2644,423,5,825.64,0.0,4128.2,9143,0.0
9144,2644,105,4,370.65,0.0,1482.6,9144,0.0
9145,2645,389,8,1171.0,0.0,9368.0,9145,0.0
9146,2645,469,2,862.79,0.05,1639.3,9146,0.05
9147,2646,191,6,162.65,0.28,702.65,9147,0.28
9148,2646,264,7,848.73,0.0,5941.11,9148,0.0
9149,2646,263,5,1017.87,0.0,5089.35,9149,0.0
9150,2647,271,5,1114.99,0.0,5574.95,9150,0.0
9151,2647,489,3,1173.65,0.0,3520.95,9151,0.0
9152,2647,480,5,1018.28,0.0,5091.4,9152,0.0
9153,2647,259,1,133.57,0.0,133.57,9153,0.0
9154,2647,29,2,893.08,0.0,1786.16,9154,0.0
9155,2648,93,3,1417.31,0.0,4251.93,9155,0.0
9156,2648,181,5,530.01,0.0,2650.05,9156,0.0
9157,2648,336,7,830.21,0.0,5811.47,9157,0.0
9158,2648,290,6,1314.91,0.0,7889.46,9158,0.0
9159,2648,79,6,1344.21,0.0,8065.26,9159,0.0
9161,2650,307,3,1497.28,0.0,4491.84,9161,0.0
9162,2650,22,8,1138.39,0.2,7285.7,9162,0.2
9163,2650,157,5,1265.73,0.0,6328.65,9163,0.0
9164,2650,344,3,898.04,0.0,2694.12,9164,0.0
9165,2650,231,6,432.56,0.11,2309.87,9165,0.11
9166,2651,66,8,694.43,0.3,3888.81,9166,0.3
9167,2651,298,5,608.42,0.0,3042.1,9167,0.0
9171,2653,403,4,167.52,0.0,670.08,9171,0.0
9172,2653,197,5,1198.81,0.0,5994.05,9172,0.0
9173,2653,211,8,1113.49,0.28,6413.7,9173,0.28
9174,2653,348,2,1286.41,0.0,2572.82,9174,0.0
9175,2653,102,1,330.49,0.0,330.49,9175,0.0
9176,2653,104,8,517.75,0.0,4142.0,9176,0.0
9177,2654,209,3,307.83,0.0,923.49,9177,0.0
9178,2654,419,3,870.83,0.0,2612.49,9178,0.0
9182,2656,69,7,115.15,0.0,806.05,9182,0.0
9183,2657,314,1,970.35,0.0,970.35,9183,0.0
9184,2657,65,8,1258.27,0.0,10066.16,9184,0.0
9185,2657,321,3,282.68,0.0,848.04,9185,0.0
9186,2657,299,8,880.15,0.0,7041.2,9186,0.0
9187,2657,89,4,694.01,0.0,2776.04,9187,0.0
9188,2657,114,8,513.84,0.0,4110.72,9188,0.0
9189,2658,453,2,914.83,0.0,1829.66,9189,0.0
9190,2659,183,2,94.4,0.0,188.8,9190,0.0
9191,2659,334,8,1025.38,0.21,6480.4,9191,0.21
9192,2659,316,8,202.81,0.13,1411.56,9192,0.13
9193,2660,234,3,839.01,0.0,2517.03,9193,0.0
9194,2660,292,8,15.48,0.0,123.84,9194,0.0
9195,2660,93,6,6.21,0.36,23.85,9195,0.36
9196,2660,35,7,1129.0,0.0,7903.0,9196,0.0
9197,2660,193,1,611.12,0.0,611.12,9197,0.0
9198,2660,63,5,805.35,0.0,4026.75,9198,0.0
9199,2661,139,1,269.49,0.0,269.49,9199,0.0
9200,2662,83,3,852.5,0.0,2557.5,9200,0.0
9206,2664,457,4,928.52,0.0,3714.08,9206,0.0
9207,2664,281,1,91.68,0.0,91.68,9207,0.0
9208,2664,415,8,870.65,0.0,6965.2,9208,0.0
9209,2664,320,3,586.81,0.0,1760.43,9209,0.0
9210,2665,155,4,1386.95,0.23,4271.81,9210,0.23
9211,2665,301,3,172.17,0.0,516.51,9211,0.0
9212,2665,464,8,282.81,0.0,2262.48,9212,0.0
9213,2666,420,7,1006.64,0.17,5848.58,9213,0.17
9214,2667,201,7,656.32,0.0,4594.24,9214,0.0
9215,2667,357,2,775.55,0.0,1551.1,9215,0.0
9216,2667,19,5,912.28,0.0,4561.4,9216,0.0
9217,2667,267,8,414.58,0.0,3316.64,9217,0.0
9218,2667,267,6,1107.24,0.0,6643.44,9218,0.0
9219,2667,92,5,741.21,0.0,3706.05,9219,0.0
9220,2668,365,4,1422.99,0.0,5691.96,9220,0.0
9221,2668,231,2,1262.71,0.0,2525.42,9221,0.0
9222,2668,15,2,871.86,0.0,1743.72,9222,0.0
9223,2669,277,3,1101.6,0.0,3304.8,9223,0.0
9224,2669,407,7,807.54,0.0,5652.78,9224,0.0
9225,2669,453,2,998.47,0.0,1996.94,9225,0.0
9226,2669,110,8,1424.05,0.0,11392.4,9226,0.0
9227,2669,435,6,451.46,0.0,2708.76,9227,0.0
9228,2669,432,4,1019.45,0.0,4077.8,9228,0.0
9229,2670,341,5,236.03,0.0,1180.15,9229,0.0
9230,2671,85,5,553.37,0.0,2766.85,9230,0.0
9231,2671,307,3,138.55,0.0,415.65,9231,0.0
9232,2671,266,5,1264.22,0.0,6321.1,9232,0.0
9235,2673,412,8,1243.45,0.0,9947.6,9235,0.0
9236,2673,207,7,1477.05,0.0,10339.35,9236,0.0
9237,2673,236,6,1317.24,0.0,7903.44,9237,0.0
9238,2673,48,1,1314.42,0.0,1314.42,9238,0.0
9239,2673,148,4,303.97,0.0,1215.88,9239,0.0
9240,2673,82,5,437.33,0.0,2186.65,9240,0.0
9241,2674,406,3,954.77,0.0,2864.31,9241,0.0
9242,2674,68,6,1148.05,0.0,6888.3,9242,0.0
9243,2674,278,7,1396.04,0.0,9772.28,9243,0.0
9244,2675,394,7,671.6,0.0,4701.2,9244,0.0
9245,2675,146,1,1065.93,0.0,1065.93,9245,0.0
9246,2675,348,5,918.9,0.0,4594.5,9246,0.0
9247,2675,142,7,1486.19,0.0,10403.33,9247,0.0
9249,2677,96,2,325.32,0.0,650.64,9249,0.0
9250,2677,9,4,1260.23,0.24,3831.1,9250,0.24
9251,2678,12,4,1135.78,0.09,4134.24,9251,0.09
9252,2678,45,1,408.01,0.0,408.01,9252,0.0
9253,2679,205,5,523.46,0.0,2617.3,9253,0.0
9254,2679,33,8,413.85,0.0,3310.8,9254,0.0
9255,2680,334,2,1031.86,0.0,2063.72,9255,0.0
9256,2680,131,7,426.47,0.0,2985.29,9256,0.0
9257,2680,231,2,22.96,0.0,45.92,9257,0.0
9258,2680,297,3,1165.91,0.0,3497.73,9258,0.0
9259,2680,245,5,651.21,0.07,3028.13,9259,0.07
9260,2681,329,5,248.82,0.17,1032.6,9260,0.17
9261,2681,383,1,1137.47,0.0,1137.47,9261,0.0
9262,2681,464,6,998.12,0.2,4790.98,9262,0.2
9263,2681,460,8,199.07,0.0,1592.56,9263,0.0
9264,2681,414,6,1486.73,0.0,8920.38,9264,0.0
9265,2682,174,1,576.12,0.0,576.12,9265,0.0
9267,2682,354,3,1366.31,0.13,3566.07,9267,0.13
9268,2682,100,2,1225.41,0.0,2450.82,9268,0.0
9269,2682,149,5,182.95,0.0,914.75,9269,0.0
9270,2683,275,2,380.06,0.0,760.12,9270,0.0
9271,2683,64,7,737.25,0.0,5160.75,9271,0.0
9272,2684,350,1,926.9,0.0,926.9,9272,0.0
9273,2684,83,7,174.38,0.0,1220.66,9273,0.0
9274,2684,400,1,1198.86,0.0,1198.86,9274,0.0
9275,2685,427,8,509.88,0.0,4079.04,9275,0.0
9278,2687,73,1,827.05,0.0,827.05,9278,0.0
9279,2687,80,2,371.4,0.0,742.8,9279,0.0
9280,2687,33,2,1305.72,0.0,2611.44,9280,0.0
9282,2687,383,1,53.32,0.0,53.32,9282,0.0
9283,2687,273,2,269.89,0.0,539.78,9283,0.0
9284,2688,13,6,143.9,0.0,863.4,9284,0.0
9285,2688,484,3,610.59,0.3,1282.24,9285,0.3
9286,2688,341,5,1491.61,0.0,7458.05,9286,0.0
9287,2689,15,6,315.68,0.0,1894.08,9287,0.0
9288,2689,452,1,380.25,0.0,380.25,9288,0.0
9289,2689,326,4,1186.0,0.0,4744.0,9289,0.0
9296,2691,301,1,1061.47,0.3,743.03,9296,0.3
9297,2691,418,2,1428.38,0.0,2856.76,9297,0.0
9298,2692,154,5,625.38,0.0,3126.9,9298,0.0
9299,2692,55,3,719.38,0.0,2158.14,9299,0.0
9300,2692,117,6,840.01,0.26,3729.64,9300,0.26
9301,2692,396,1,1316.7,0.0,1316.7,9301,0.0
9302,2692,210,3,1452.24,0.0,4356.72,9302,0.0
9303,2692,226,5,174.05,0.29,617.88,9303,0.29
9304,2693,417,8,222.09,0.0,1776.72,9304,0.0
9305,2693,93,1,709.31,0.0,709.31,9305,0.0
9306,2693,346,8,615.82,0.33,3300.8,9306,0.33
9307,2693,500,7,584.17,0.0,4089.19,9307,0.0
9308,2693,206,2,635.86,0.0,1271.72,9308,0.0
9309,2693,456,1,1474.38,0.0,1474.38,9309,0.0
9310,2694,139,1,526.97,0.0,526.97,9310,0.0
9311,2694,139,2,374.8,0.26,554.7,9311,0.26
9312,2694,266,7,184.43,0.0,1291.01,9312,0.0
9317,2696,377,7,357.57,0.0,2502.99,9317,0.0
9323,2698,268,4,701.56,0.0,2806.24,9323,0.0
9324,2698,222,7,1172.29,0.32,5580.1,9324,0.32
9325,2698,55,2,1006.51,0.0,2013.02,9325,0.0
9326,2699,304,4,514.53,0.0,2058.12,9326,0.0
9327,2699,100,6,29.17,0.0,175.02,9327,0.0
9328,2699,144,5,1472.1,0.0,7360.5,9328,0.0
9329,2699,342,3,1171.04,0.0,3513.12,9329,0.0
9330,2699,352,1,636.0,0.0,636.0,9330,0.0
9331,2699,474,1,157.12,0.0,157.12,9331,0.0
9332,2700,223,5,343.51,0.0,1717.55,9332,0.0
9333,2701,287,4,667.23,0.0,2668.92,9333,0.0
9334,2701,9,4,184.1,0.0,736.4,9334,0.0
9335,2701,120,1,1068.43,0.0,1068.43,9335,0.0
9336,2702,310,3,713.33,0.0,2139.99,9336,0.0
9337,2702,476,3,423.05,0.0,1269.15,9337,0.0
9338,2702,312,5,628.94,0.15,2673.0,9338,0.15
9339,2702,141,6,1338.32,0.0,8029.92,9339,0.0
9340,2703,246,1,632.77,0.0,632.77,9340,0.0
9341,2704,328,3,6.96,0.0,20.88,9341,0.0
9342,2704,386,4,976.33,0.0,3905.32,9342,0.0
9343,2704,396,3,1318.08,0.0,3954.24,9343,0.0
9344,2704,8,1,1354.5,0.0,1354.5,9344,0.0
9345,2705,34,2,499.5,0.0,999.0,9345,0.0
9346,2705,148,3,323.36,0.0,970.08,9346,0.0
9347,2705,207,2,444.71,0.0,889.42,9347,0.0
9348,2705,352,6,1461.91,0.0,8771.46,9348,0.0
9349,2706,270,1,1421.06,0.0,1421.06,9349,0.0
9350,2707,244,5,1151.11,0.0,5755.55,9350,0.0
9351,2708,80,6,343.92,0.0,2063.52,9351,0.0
9352,2708,473,6,133.6,0.0,801.6,9352,0.0
9353,2708,7,1,1043.88,0.0,1043.88,9353,0.0
9354,2708,145,3,1248.29,0.0,3744.87,9354,0.0
9355,2708,14,5,395.92,0.0,1979.6,9355,0.0
9356,2708,182,8,487.75,0.0,3902.0,9356,0.0
9357,2709,46,3,1215.45,0.37,2297.2,9357,0.37
9358,2709,208,6,1298.97,0.0,7793.82,9358,0.0
9359,2710,234,4,1257.97,0.0,5031.88,9359,0.0
9360,2710,271,3,16.6,0.0,49.8,9360,0.0
9361,2710,400,1,1400.68,0.0,1400.68,9361,0.0
9362,2710,383,6,698.82,0.0,4192.92,9362,0.0
9363,2710,495,5,240.86,0.0,1204.3,9363,0.0
9369,2712,239,1,7.6,0.0,7.6,9369,0.0
9370,2713,35,7,480.74,0.0,3365.18,9370,0.0
9371,2713,151,8,53.93,0.0,431.44,9371,0.0
9372,2713,92,4,752.96,0.0,3011.84,9372,0.0
9373,2713,495,8,707.3,0.0,5658.4,9373,0.0
9374,2713,466,6,685.62,0.0,4113.72,9374,0.0
9375,2714,293,3,1143.07,0.0,3429.21,9375,0.0
9376,2714,97,3,1092.15,0.0,3276.45,9376,0.0
9377,2714,2,4,23.06,0.0,92.24,9377,0.0
9378,2714,31,2,1363.3,0.0,2726.6,9378,0.0
9379,2715,183,6,1183.97,0.0,7103.82,9379,0.0
9380,2715,300,2,543.73,0.0,1087.46,9380,0.0
9381,2715,268,4,1123.93,0.0,4495.72,9381,0.0
9382,2716,242,4,1375.38,0.33,3686.02,9382,0.33
9383,2716,154,8,715.38,0.0,5723.04,9383,0.0
9384,2716,28,8,1262.42,0.0,10099.36,9384,0.0
9385,2716,491,6,85.35,0.0,512.1,9385,0.0
9386,2716,211,6,511.47,0.0,3068.82,9386,0.0
9387,2716,500,8,1441.32,0.0,11530.56,9387,0.0
9388,2717,26,2,366.54,0.0,733.08,9388,0.0
9389,2717,69,5,87.9,0.0,439.5,9389,0.0
9390,2717,197,5,1231.1,0.0,6155.5,9390,0.0
9391,2717,445,3,997.75,0.0,2993.25,9391,0.0
9392,2717,355,3,1387.82,0.0,4163.46,9392,0.0
9393,2717,239,3,450.08,0.0,1350.24,9393,0.0
9394,2718,264,8,1133.05,0.0,9064.4,9394,0.0
9395,2718,279,5,315.41,0.0,1577.05,9395,0.0
9396,2718,355,5,849.83,0.0,4249.15,9396,0.0
9397,2718,6,8,688.05,0.0,5504.4,9397,0.0
9402,2720,423,2,655.23,0.32,891.11,9402,0.32
9403,2720,275,8,653.27,0.0,5226.16,9403,0.0
9404,2720,382,7,942.76,0.0,6599.32,9404,0.0
9405,2720,199,4,1135.73,0.0,4542.92,9405,0.0
9406,2720,489,6,1350.39,0.25,6076.76,9406,0.25
9407,2720,190,3,1407.43,0.0,4222.29,9407,0.0
9410,2722,164,5,745.51,0.0,3727.55,9410,0.0
9411,2722,420,1,1465.29,0.0,1465.29,9411,0.0
9412,2722,132,8,892.55,0.06,6711.98,9412,0.06
9413,2722,217,6,633.29,0.0,3799.74,9413,0.0
9416,2724,201,8,923.94,0.0,7391.52,9416,0.0
9417,2724,226,8,913.17,0.0,7305.36,9417,0.0
9418,2725,215,3,706.06,0.0,2118.18,9418,0.0
9419,2725,50,2,176.48,0.0,352.96,9419,0.0
9420,2725,47,5,1302.27,0.0,6511.35,9420,0.0
9421,2725,326,4,1330.28,0.0,5321.12,9421,0.0
9422,2725,210,5,34.35,0.08,158.01,9422,0.08
9423,2725,164,8,218.0,0.0,1744.0,9423,0.0
9425,2727,219,8,551.04,0.0,4408.32,9425,0.0
9426,2727,375,1,245.38,0.0,245.38,9426,0.0
9427,2727,312,2,709.7,0.0,1419.4,9427,0.0
9428,2727,139,7,1122.64,0.0,7858.48,9428,0.0
9429,2728,471,5,40.61,0.0,203.05,9429,0.0
9430,2728,6,1,725.3,0.0,725.3,9430,0.0
9431,2728,29,7,58.62,0.0,410.34,9431,0.0
9432,2728,318,2,843.78,0.0,1687.56,9432,0.0
9433,2729,4,8,545.27,0.0,4362.16,9433,0.0
9434,2729,195,8,1039.7,0.0,8317.6,9434,0.0
9435,2729,495,6,1072.05,0.23,4952.87,9435,0.23
9436,2729,281,5,1373.59,0.0,6867.95,9436,0.0
9437,2729,287,3,583.49,0.0,1750.47,9437,0.0
9442,2731,400,8,133.64,0.0,1069.12,9442,0.0
9443,2731,8,3,1104.13,0.0,3312.39,9443,0.0
9444,2731,4,8,99.52,0.0,796.16,9444,0.0
9446,2732,420,6,771.12,0.19,3747.64,9446,0.19
9447,2732,25,2,377.29,0.39,460.29,9447,0.39
9448,2733,81,5,859.01,0.14,3693.74,9448,0.14
9449,2734,103,6,1460.27,0.37,5519.82,9449,0.37
9450,2734,444,3,1395.63,0.0,4186.89,9450,0.0
9451,2734,271,5,1044.61,0.0,5223.05,9451,0.0
9452,2734,311,1,427.0,0.0,427.0,9452,0.0
9453,2734,137,1,871.16,0.0,871.16,9453,0.0
9454,2735,12,1,1126.55,0.0,1126.55,9454,0.0
9455,2736,51,7,926.29,0.0,6484.03,9455,0.0
9456,2736,447,3,109.17,0.0,327.51,9456,0.0
9457,2736,49,4,632.78,0.11,2252.7,9457,0.11
9458,2736,74,7,570.93,0.21,3157.24,9458,0.21
9459,2737,265,7,1313.61,0.0,9195.27,9459,0.0
9460,2737,94,5,1342.34,0.0,6711.7,9460,0.0
9461,2737,495,4,185.48,0.0,741.92,9461,0.0
9462,2737,380,1,285.94,0.0,285.94,9462,0.0
9463,2738,432,8,902.59,0.0,7220.72,9463,0.0
9464,2739,429,3,712.61,0.25,1603.37,9464,0.25
9465,2739,409,1,964.13,0.0,964.13,9465,0.0
9466,2739,427,1,175.88,0.0,175.88,9466,0.0
9467,2740,381,7,306.88,0.0,2148.16,9467,0.0
9468,2740,405,3,663.64,0.0,1990.92,9468,0.0
9469,2741,104,4,1435.28,0.0,5741.12,9469,0.0
9470,2741,202,5,31.93,0.0,159.65,9470,0.0
9471,2741,237,5,1043.48,0.0,5217.4,9471,0.0
9472,2741,483,2,482.75,0.0,965.5,9472,0.0
9473,2741,479,3,840.11,0.0,2520.33,9473,0.0
9474,2741,493,6,1217.67,0.0,7306.02,9474,0.0
9475,2742,16,1,82.75,0.0,82.75,9475,0.0
9476,2742,72,1,646.39,0.25,484.79,9476,0.25
9477,2742,442,5,1062.08,0.0,5310.4,9477,0.0
9478,2742,176,4,990.46,0.0,3961.84,9478,0.0
9479,2742,340,5,440.91,0.0,2204.55,9479,0.0
9480,2742,256,3,44.17,0.0,132.51,9480,0.0
9481,2743,142,3,1257.72,0.0,3773.16,9481,0.0
9482,2743,15,1,841.24,0.0,841.24,9482,0.0
9483,2743,48,2,588.79,0.0,1177.58,9483,0.0
9484,2743,466,4,950.04,0.0,3800.16,9484,0.0
9485,2743,449,5,362.16,0.0,1810.8,9485,0.0
9486,2743,309,1,700.66,0.0,700.66,9486,0.0
9487,2744,305,2,980.8,0.0,1961.6,9487,0.0
9488,2744,64,4,628.33,0.0,2513.32,9488,0.0
9489,2744,488,6,800.6,0.0,4803.6,9489,0.0
9490,2744,52,8,1245.79,0.0,9966.32,9490,0.0
9491,2744,195,1,1180.35,0.0,1180.35,9491,0.0
9492,2745,414,8,1262.64,0.0,10101.12,9492,0.0
9493,2746,205,3,306.42,0.36,588.33,9493,0.36
9494,2746,29,7,395.36,0.0,2767.52,9494,0.0
9495,2746,213,8,215.96,0.0,1727.68,9495,0.0
9496,2746,188,3,71.72,0.0,215.16,9496,0.0
9499,2748,27,3,71.1,0.33,142.91,9499,0.33
9500,2748,498,8,262.94,0.0,2103.52,9500,0.0
9501,2748,285,6,198.16,0.0,1188.96,9501,0.0
9502,2749,480,7,904.03,0.0,6328.21,9502,0.0
9503,2749,122,6,951.96,0.0,5711.76,9503,0.0
9504,2750,436,4,440.65,0.0,1762.6,9504,0.0
9505,2750,87,8,216.01,0.0,1728.08,9505,0.0
9506,2750,33,5,138.61,0.0,693.05,9506,0.0
9507,2751,13,1,348.39,0.0,348.39,9507,0.0
9508,2751,162,1,946.71,0.0,946.71,9508,0.0
9509,2751,240,6,217.49,0.0,1304.94,9509,0.0
9510,2752,411,3,1184.87,0.0,3554.61,9510,0.0
9511,2752,395,1,596.55,0.06,560.76,9511,0.06
9512,2752,231,2,1153.86,0.0,2307.72,9512,0.0
9513,2752,189,7,1481.89,0.24,7883.65,9513,0.24
9514,2753,101,4,663.26,0.0,2653.04,9514,0.0
9515,2753,101,1,1202.81,0.0,1202.81,9515,0.0
9516,2753,319,3,1261.1,0.11,3367.14,9516,0.11
9517,2753,227,1,1143.3,0.0,1143.3,9517,0.0
9518,2753,446,4,966.59,0.0,3866.36,9518,0.0
9520,2754,290,4,1389.08,0.2,4445.06,9520,0.2
9521,2754,248,1,1387.56,0.0,1387.56,9521,0.0
9522,2754,21,3,1129.47,0.0,3388.41,9522,0.0
9523,2754,80,1,610.02,0.0,610.02,9523,0.0
9524,2754,76,8,1029.78,0.0,8238.24,9524,0.0
9525,2755,382,2,353.87,0.0,707.74,9525,0.0
9526,2755,375,7,1306.7,0.0,9146.9,9526,0.0
9527,2755,114,7,1435.2,0.0,10046.4,9527,0.0
9528,2756,46,7,1122.15,0.0,7855.05,9528,0.0
9529,2756,464,1,796.39,0.0,796.39,9529,0.0
9530,2756,32,1,985.52,0.0,985.52,9530,0.0
9531,2757,191,4,1273.76,0.0,5095.04,9531,0.0
9532,2758,206,8,1337.25,0.0,10698.0,9532,0.0
9533,2758,64,2,824.03,0.0,1648.06,9533,0.0
9534,2758,252,3,378.46,0.0,1135.38,9534,0.0
9535,2758,233,5,379.13,0.0,1895.65,9535,0.0
9536,2759,262,5,356.31,0.31,1229.27,9536,0.31
9537,2759,89,5,117.15,0.0,585.75,9537,0.0
9538,2759,333,4,466.94,0.0,1867.76,9538,0.0
9539,2760,211,3,1163.61,0.0,3490.83,9539,0.0
9540,2761,206,6,1051.18,0.0,6307.08,9540,0.0
9541,2762,451,4,1037.73,0.0,4150.92,9541,0.0
9542,2763,151,8,1009.78,0.0,8078.24,9542,0.0
9543,2763,216,3,1430.34,0.0,4291.02,9543,0.0
9544,2763,37,3,1335.41,0.0,4006.23,9544,0.0
9545,2763,395,1,410.02,0.36,262.41,9545,0.36
9546,2763,175,3,342.53,0.0,1027.59,9546,0.0
9547,2763,167,1,762.56,0.0,762.56,9547,0.0
9548,2764,399,3,383.47,0.39,701.75,9548,0.39
9549,2764,279,5,152.62,0.0,763.1,9549,0.0
9550,2764,448,7,1498.0,0.0,10486.0,9550,0.0
9551,2765,488,3,290.48,0.0,871.44,9551,0.0
9552,2765,495,8,1469.87,0.0,11758.96,9552,0.0
9553,2765,405,2,310.79,0.0,621.58,9553,0.0
9554,2766,282,1,21.5,0.0,21.5,9554,0.0
9555,2766,211,2,1079.22,0.0,2158.44,9555,0.0
9556,2767,463,8,968.42,0.0,7747.36,9556,0.0
9557,2767,343,8,240.88,0.13,1676.52,9557,0.13
9558,2768,420,1,88.87,0.0,88.87,9558,0.0
9559,2768,338,7,39.79,0.0,278.53,9559,0.0
9560,2769,144,1,467.86,0.0,467.86,9560,0.0
9561,2769,99,6,661.4,0.0,3968.4,9561,0.0
9562,2770,337,7,856.77,0.0,5997.39,9562,0.0
9563,2770,371,1,11.75,0.0,11.75,9563,0.0
9564,2771,100,4,1200.43,0.0,4801.72,9564,0.0
9565,2771,423,6,1354.9,0.0,8129.4,9565,0.0
9566,2771,241,4,718.56,0.0,2874.24,9566,0.0
9567,2771,274,1,81.35,0.0,81.35,9567,0.0
9568,2771,50,2,537.15,0.0,1074.3,9568,0.0
9569,2771,397,2,584.35,0.37,736.28,9569,0.37
9570,2772,241,8,1122.77,0.0,8982.16,9570,0.0
9571,2772,330,2,257.97,0.0,515.94,9571,0.0
9572,2772,411,5,888.7,0.0,4443.5,9572,0.0
9573,2772,203,8,610.57,0.0,4884.56,9573,0.0
9574,2772,404,7,615.83,0.0,4310.81,9574,0.0
9575,2772,69,1,984.18,0.0,984.18,9575,0.0
9576,2773,35,4,1150.84,0.0,4603.36,9576,0.0
9577,2773,268,7,766.8,0.05,5099.22,9577,0.05
9578,2773,157,5,1150.12,0.0,5750.6,9578,0.0
9580,2774,359,6,1311.26,0.0,7867.56,9580,0.0
9581,2774,181,6,615.83,0.0,3694.98,9581,0.0
9582,2774,76,8,221.16,0.0,1769.28,9582,0.0
9583,2774,23,3,648.54,0.0,1945.62,9583,0.0
9584,2774,463,2,1165.2,0.0,2330.4,9584,0.0
9585,2774,437,2,1172.42,0.0,2344.84,9585,0.0
9586,2775,363,7,1385.42,0.0,9697.94,9586,0.0
9593,2777,480,7,1394.83,0.0,9763.81,9593,0.0
9594,2777,230,3,1251.63,0.0,3754.89,9594,0.0
9595,2778,256,1,1321.93,0.0,1321.93,9595,0.0
9596,2778,462,1,1171.74,0.0,1171.74,9596,0.0
9597,2778,245,4,175.62,0.0,702.48,9597,0.0
9598,2778,126,7,496.27,0.0,3473.89,9598,0.0
9599,2778,338,2,476.74,0.0,953.48,9599,0.0
9600,2778,130,2,556.46,0.0,1112.92,9600,0.0
9601,2779,394,8,454.07,0.0,3632.56,9601,0.0
9602,2779,231,2,560.81,0.0,1121.62,9602,0.0
9603,2779,160,4,883.3,0.0,3533.2,9603,0.0
9604,2780,452,5,146.6,0.0,733.0,9604,0.0
9605,2780,231,3,1432.03,0.33,2878.38,9605,0.33
9606,2780,144,1,682.98,0.0,682.98,9606,0.0
9607,2780,116,1,1113.56,0.0,1113.56,9607,0.0
9608,2780,381,5,759.42,0.0,3797.1,9608,0.0
9609,2781,243,4,696.14,0.0,2784.56,9609,0.0
9610,2781,97,6,1187.49,0.0,7124.94,9610,0.0
9611,2781,452,5,1348.22,0.0,6741.1,9611,0.0
9612,2781,3,4,1484.03,0.0,5936.12,9612,0.0
9613,2781,390,5,1398.65,0.12,6154.06,9613,0.12
9614,2781,461,4,522.33,0.0,2089.32,9614,0.0
9615,2782,142,3,749.01,0.0,2247.03,9615,0.0
9616,2782,66,8,1175.21,0.0,9401.68,9616,0.0
9617,2782,63,4,1370.48,0.0,5481.92,9617,0.0
9618,2782,406,4,1038.79,0.0,4155.16,9618,0.0
9619,2782,192,4,997.79,0.0,3991.16,9619,0.0
9620,2783,402,3,826.79,0.0,2480.37,9620,0.0
9621,2783,156,8,943.52,0.0,7548.16,9621,0.0
9622,2783,245,5,458.94,0.0,2294.7,9622,0.0
9623,2783,6,3,413.77,0.0,1241.31,9623,0.0
9624,2783,105,2,1001.5,0.0,2003.0,9624,0.0
9625,2784,98,2,119.83,0.12,210.9,9625,0.12
9626,2784,38,6,600.03,0.0,3600.18,9626,0.0
9627,2784,81,5,362.14,0.0,1810.7,9627,0.0
9628,2784,176,8,482.66,0.0,3861.28,9628,0.0
9629,2784,275,7,277.84,0.0,1944.88,9629,0.0
9630,2784,135,8,1493.64,0.0,11949.12,9630,0.0
9631,2785,20,8,1447.96,0.31,7992.74,9631,0.31
9632,2785,324,8,586.45,0.0,4691.6,9632,0.0
9633,2785,148,2,350.26,0.0,700.52,9633,0.0
9634,2785,191,5,1445.53,0.0,7227.65,9634,0.0
9635,2786,298,8,549.34,0.2,3515.78,9635,0.2
9636,2786,261,4,1436.79,0.0,5747.16,9636,0.0
9637,2786,454,3,616.97,0.0,1850.91,9637,0.0
9638,2787,185,7,967.88,0.0,6775.16,9638,0.0
9639,2787,368,7,1287.04,0.0,9009.28,9639,0.0
9640,2787,339,5,97.64,0.15,414.97,9640,0.15
9641,2787,247,8,867.42,0.0,6939.36,9641,0.0
9642,2787,287,8,781.36,0.2,5000.7,9642,0.2
9643,2788,411,5,1460.21,0.05,6936.0,9643,0.05
9644,2788,368,8,501.2,0.0,4009.6,9644,0.0
9650,2790,475,6,47.88,0.13,249.93,9650,0.13
9651,2790,31,1,450.25,0.0,450.25,9651,0.0
9652,2791,485,7,441.42,0.21,2441.05,9652,0.21
9653,2791,259,5,1284.66,0.0,6423.3,9653,0.0
9654,2791,123,3,114.51,0.0,343.53,9654,0.0
9655,2791,402,1,1356.77,0.0,1356.77,9655,0.0
9656,2792,472,4,31.79,0.0,127.16,9656,0.0
9657,2793,338,3,681.56,0.0,2044.68,9657,0.0
9658,2793,323,1,1227.3,0.0,1227.3,9658,0.0
9659,2794,465,4,836.7,0.0,3346.8,9659,0.0
9665,2796,484,4,550.22,0.0,2200.88,9665,0.0
9666,2796,34,1,689.4,0.0,689.4,9666,0.0
9667,2797,153,2,1165.45,0.0,2330.9,9667,0.0
9668,2797,380,8,833.35,0.0,6666.8,9668,0.0
9669,2797,109,4,939.14,0.0,3756.56,9669,0.0
9670,2797,20,3,1354.82,0.08,3739.3,9670,0.08
9671,2797,234,7,245.25,0.0,1716.75,9671,0.0
9672,2797,88,1,666.08,0.0,666.08,9672,0.0
9673,2798,274,8,918.28,0.0,7346.24,9673,0.0
9674,2798,50,6,1060.23,0.0,6361.38,9674,0.0
9675,2798,81,8,1248.03,0.0,9984.24,9675,0.0
9676,2798,439,8,1212.89,0.0,9703.12,9676,0.0
9681,2801,124,6,1424.8,0.0,8548.8,9681,0.0
9683,2801,59,4,170.86,0.0,683.44,9683,0.0
9684,2801,317,2,271.98,0.0,543.96,9684,0.0
9685,2802,262,8,1424.48,0.0,11395.84,9685,0.0
9686,2802,10,3,474.79,0.0,1424.37,9686,0.0
9687,2802,27,6,977.26,0.0,5863.56,9687,0.0
9688,2802,219,1,1447.37,0.0,1447.37,9688,0.0
9689,2803,162,1,645.92,0.0,645.92,9689,0.0
9690,2803,155,4,1101.11,0.0,4404.44,9690,0.0
9691,2803,319,6,523.59,0.19,2544.65,9691,0.19
9692,2803,141,4,939.27,0.0,3757.08,9692,0.0
9693,2803,370,7,331.61,0.2,1857.02,9693,0.2
9694,2803,95,8,15.81,0.0,126.48,9694,0.0
9695,2804,196,4,1441.25,0.0,5765.0,9695,0.0
9696,2804,467,5,973.95,0.0,4869.75,9696,0.0
9697,2805,86,7,975.61,0.0,6829.27,9697,0.0
9698,2805,88,8,178.32,0.0,1426.56,9698,0.0
9699,2805,425,6,455.42,0.0,2732.52,9699,0.0
9700,2805,178,2,355.62,0.0,711.24,9700,0.0
9701,2805,402,6,917.24,0.0,5503.44,9701,0.0
9702,2805,427,6,1198.89,0.0,7193.34,9702,0.0
9703,2806,350,6,1139.47,0.0,6836.82,9703,0.0
9704,2806,209,1,798.39,0.0,798.39,9704,0.0
9705,2807,258,1,266.63,0.0,266.63,9705,0.0
9706,2807,430,8,971.37,0.0,7770.96,9706,0.0
9708,2808,216,4,672.78,0.0,2691.12,9708,0.0
9709,2808,312,5,296.24,0.0,1481.2,9709,0.0
9710,2808,130,8,174.64,0.34,922.1,9710,0.34
9711,2809,404,1,682.3,0.07,634.54,9711,0.07
9712,2809,17,2,743.84,0.0,1487.68,9712,0.0
9713,2809,305,4,1097.65,0.28,3161.23,9713,0.28
9714,2810,357,1,386.71,0.0,386.71,9714,0.0
9715,2811,249,1,483.22,0.0,483.22,9715,0.0
9716,2811,203,3,255.71,0.0,767.13,9716,0.0
9717,2811,296,7,1473.46,0.0,10314.22,9717,0.0
9718,2811,149,6,226.36,0.0,1358.16,9718,0.0
9719,2811,13,6,61.23,0.0,367.38,9719,0.0
9720,2811,500,1,240.46,0.0,240.46,9720,0.0
9721,2812,463,6,411.5,0.0,2469.0,9721,0.0
9722,2812,151,2,592.66,0.0,1185.32,9722,0.0
9723,2812,221,4,1238.15,0.0,4952.6,9723,0.0
9724,2812,159,6,1194.22,0.0,7165.32,9724,0.0
9725,2812,325,7,729.5,0.0,5106.5,9725,0.0
9726,2813,191,1,271.91,0.0,271.91,9726,0.0
9727,2813,251,4,55.25,0.0,221.0,9727,0.0
9728,2813,115,3,1004.99,0.0,3014.97,9728,0.0
9736,2816,134,1,1280.21,0.0,1280.21,9736,0.0
9737,2816,54,6,407.82,0.0,2446.92,9737,0.0
9738,2816,255,4,52.22,0.0,208.88,9738,0.0
9739,2816,296,8,651.79,0.0,5214.32,9739,0.0
9740,2816,333,8,1319.24,0.0,10553.92,9740,0.0
9741,2816,477,6,1150.02,0.0,6900.12,9741,0.0
9742,2817,347,5,754.47,0.0,3772.35,9742,0.0
9743,2817,405,2,225.12,0.0,450.24,9743,0.0
9744,2817,451,2,374.61,0.0,749.22,9744,0.0
9745,2817,58,7,1499.35,0.0,10495.45,9745,0.0
9746,2817,69,7,1150.97,0.38,4995.21,9746,0.38
9747,2817,302,2,675.87,0.3,946.22,9747,0.3
9748,2818,129,7,806.45,0.0,5645.15,9748,0.0
9749,2818,174,6,1362.09,0.0,8172.54,9749,0.0
9750,2818,78,6,1195.0,0.09,6524.7,9750,0.09
9751,2818,47,5,1009.32,0.0,5046.6,9751,0.0
9752,2818,252,6,994.9,0.0,5969.4,9752,0.0
9757,2820,401,8,481.95,0.0,3855.6,9757,0.0
9758,2821,350,4,1231.19,0.0,4924.76,9758,0.0
9759,2821,109,3,1143.08,0.0,3429.24,9759,0.0
9760,2821,165,8,1054.13,0.0,8433.04,9760,0.0
9761,2821,287,1,853.4,0.0,853.4,9761,0.0
9762,2821,90,4,1420.95,0.0,5683.8,9762,0.0
9765,2823,12,3,750.13,0.0,2250.39,9765,0.0
9766,2823,275,6,58.0,0.28,250.56,9766,0.28
9767,2823,280,7,134.69,0.0,942.83,9767,0.0
9768,2823,195,1,1336.5,0.0,1336.5,9768,0.0
9769,2823,145,4,554.9,0.0,2219.6,9769,0.0
9770,2823,235,5,540.01,0.05,2565.05,9770,0.05
9771,2824,147,4,958.13,0.0,3832.52,9771,0.0
9772,2825,162,4,702.21,0.0,2808.84,9772,0.0
9774,2825,150,8,1232.94,0.0,9863.52,9774,0.0
9775,2825,112,3,320.67,0.0,962.01,9775,0.0
9776,2825,244,4,582.28,0.2,1863.3,9776,0.2
9777,2826,290,5,999.91,0.0,4999.55,9777,0.0
9778,2826,166,6,952.48,0.0,5714.88,9778,0.0
9779,2826,270,2,12.9,0.0,25.8,9779,0.0
9780,2826,197,1,108.98,0.0,108.98,9780,0.0
9781,2827,132,3,1045.53,0.1,2822.93,9781,0.1
9782,2827,488,5,669.96,0.0,3349.8,9782,0.0
9783,2828,432,5,62.74,0.0,313.7,9783,0.0
9784,2828,455,6,803.88,0.0,4823.28,9784,0.0
9785,2828,289,4,366.76,0.0,1467.04,9785,0.0
9786,2829,343,2,395.14,0.0,790.28,9786,0.0
9787,2830,263,6,1353.49,0.0,8120.94,9787,0.0
9788,2830,253,4,1426.43,0.0,5705.72,9788,0.0
9789,2830,366,3,932.39,0.0,2797.17,9789,0.0
9790,2830,448,5,669.71,0.0,3348.55,9790,0.0
9791,2830,64,3,244.17,0.0,732.51,9791,0.0
9792,2831,46,2,1200.63,0.0,2401.26,9792,0.0
9793,2831,318,5,40.23,0.0,201.15,9793,0.0
9794,2831,201,3,857.3,0.0,2571.9,9794,0.0
9795,2832,473,3,1063.61,0.0,3190.83,9795,0.0
9796,2832,210,1,988.2,0.0,988.2,9796,0.0
9797,2832,97,4,1227.23,0.0,4908.92,9797,0.0
9798,2832,227,4,1301.89,0.0,5207.56,9798,0.0
9799,2833,95,1,474.64,0.0,474.64,9799,0.0
9800,2833,274,6,917.69,0.0,5506.14,9800,0.0
9801,2834,316,1,1006.45,0.35,654.19,9801,0.35
9802,2834,222,6,521.8,0.0,3130.8,9802,0.0
9803,2834,383,4,1368.54,0.35,3558.2,9803,0.35
9804,2834,365,4,1418.76,0.0,5675.04,9804,0.0
9805,2834,216,2,125.76,0.13,218.82,9805,0.13
9806,2834,269,1,1205.23,0.0,1205.23,9806,0.0
9807,2835,263,6,317.86,0.24,1449.44,9807,0.24
9808,2835,387,8,101.6,0.16,682.75,9808,0.16
9809,2835,16,3,1460.41,0.0,4381.23,9809,0.0
9810,2835,485,7,1153.54,0.0,8074.78,9810,0.0
9811,2836,172,7,236.91,0.0,1658.37,9811,0.0
9812,2836,109,8,628.53,0.0,5028.24,9812,0.0
9813,2837,29,3,609.57,0.0,1828.71,9813,0.0
9814,2837,249,7,1082.76,0.0,7579.32,9814,0.0
9815,2837,433,1,716.62,0.0,716.62,9815,0.0
9816,2837,82,5,561.12,0.0,2805.6,9816,0.0
9817,2837,358,2,1463.57,0.0,2927.14,9817,0.0
9818,2837,129,4,226.0,0.0,904.0,9818,0.0
9822,2839,205,4,988.36,0.0,3953.44,9822,0.0
9823,2839,155,2,279.98,0.0,559.96,9823,0.0
9824,2840,35,3,1194.75,0.12,3154.14,9824,0.12
9825,2840,77,8,345.69,0.0,2765.52,9825,0.0
9830,2842,289,8,1167.38,0.0,9339.04,9830,0.0
9832,2843,82,4,1260.69,0.4,3025.66,9832,0.4
9833,2843,352,5,9.72,0.0,48.6,9833,0.0
9834,2843,284,4,315.92,0.0,1263.68,9834,0.0
9835,2843,360,7,114.55,0.0,801.85,9835,0.0
9836,2844,161,3,706.94,0.0,2120.82,9836,0.0
9837,2844,157,2,878.83,0.0,1757.66,9837,0.0
9838,2845,380,1,972.06,0.3,680.44,9838,0.3
9839,2845,479,5,606.34,0.0,3031.7,9839,0.0
9840,2845,40,1,1257.35,0.0,1257.35,9840,0.0
9841,2846,265,1,527.01,0.0,527.01,9841,0.0
9842,2847,386,5,292.62,0.0,1463.1,9842,0.0
9843,2847,469,8,1282.88,0.0,10263.04,9843,0.0
9844,2847,307,4,194.63,0.0,778.52,9844,0.0
9845,2847,417,1,1415.96,0.0,1415.96,9845,0.0
9846,2848,419,2,616.88,0.0,1233.76,9846,0.0
9847,2849,360,5,1391.3,0.21,5495.64,9847,0.21
9848,2849,356,2,1478.92,0.0,2957.84,9848,0.0
9849,2849,177,2,813.76,0.0,1627.52,9849,0.0
9850,2850,478,8,245.94,0.0,1967.52,9850,0.0
9851,2850,64,2,958.54,0.0,1917.08,9851,0.0
9856,2852,491,6,88.39,0.0,530.34,9856,0.0
9857,2852,475,8,882.73,0.0,7061.84,9857,0.0
9858,2852,265,2,169.88,0.0,339.76,9858,0.0
9859,2852,36,7,974.31,0.0,6820.17,9859,0.0
9860,2853,24,5,1130.69,0.07,5257.71,9860,0.07
9861,2853,297,4,1172.33,0.0,4689.32,9861,0.0
9862,2853,113,2,373.77,0.0,747.54,9862,0.0
9863,2853,241,1,561.72,0.0,561.72,9863,0.0
9864,2853,105,3,373.72,0.0,1121.16,9864,0.0
9865,2853,186,5,927.88,0.06,4361.04,9865,0.06
9874,2856,333,3,134.98,0.0,404.94,9874,0.0
9875,2856,119,4,1030.24,0.0,4120.96,9875,0.0
9876,2857,451,6,665.74,0.28,2876.0,9876,0.28
9877,2857,113,1,893.63,0.0,893.63,9877,0.0
9878,2857,177,8,341.21,0.0,2729.68,9878,0.0
9879,2858,474,6,1490.68,0.0,8944.08,9879,0.0
9880,2858,212,8,892.19,0.0,7137.52,9880,0.0
9881,2858,115,7,53.62,0.0,375.34,9881,0.0
9882,2858,119,7,264.56,0.0,1851.92,9882,0.0
9883,2859,225,4,749.72,0.0,2998.88,9883,0.0
9884,2859,439,2,1485.46,0.11,2644.12,9884,0.11
9885,2859,148,4,1380.38,0.0,5521.52,9885,0.0
9886,2860,422,8,217.82,0.0,1742.56,9886,0.0
9887,2860,92,7,330.7,0.0,2314.9,9887,0.0
9888,2861,366,5,1041.39,0.0,5206.95,9888,0.0
9889,2861,97,2,633.16,0.0,1266.32,9889,0.0
9890,2862,340,2,1323.03,0.0,2646.06,9890,0.0
9891,2863,343,6,1150.7,0.0,6904.2,9891,0.0
9892,2863,461,1,111.23,0.0,111.23,9892,0.0
9893,2863,480,8,44.49,0.0,355.92,9893,0.0
9894,2863,345,2,48.34,0.14,83.14,9894,0.14
9895,2863,23,7,552.95,0.0,3870.65,9895,0.0
9896,2864,264,2,839.33,0.0,1678.66,9896,0.0
9897,2864,270,4,531.4,0.0,2125.6,9897,0.0
9898,2864,303,1,1046.81,0.19,847.92,9898,0.19
9899,2864,163,8,943.52,0.0,7548.16,9899,0.0
9900,2864,55,6,1460.59,0.0,8763.54,9900,0.0
9908,2866,3,4,1320.86,0.0,5283.44,9908,0.0
9909,2866,362,8,1235.69,0.0,9885.52,9909,0.0
9910,2866,189,1,1032.92,0.0,1032.92,9910,0.0
9911,2867,278,6,1388.58,0.0,8331.48,9911,0.0
9913,2867,351,2,581.04,0.0,1162.08,9913,0.0
9914,2868,486,4,303.28,0.0,1213.12,9914,0.0
9915,2869,420,4,382.05,0.16,1283.69,9915,0.16
9916,2869,77,7,29.65,0.19,168.12,9916,0.19
9917,2869,400,1,1054.52,0.22,822.53,9917,0.22
9918,2869,82,8,1203.68,0.0,9629.44,9918,0.0
9919,2869,484,3,915.93,0.0,2747.79,9919,0.0
9920,2869,342,3,1056.92,0.0,3170.76,9920,0.0
9921,2870,91,1,1316.78,0.0,1316.78,9921,0.0
9922,2870,167,5,913.08,0.0,4565.4,9922,0.0
9923,2870,122,3,944.2,0.0,2832.6,9923,0.0
9924,2870,389,8,1424.97,0.0,11399.76,9924,0.0
9926,2872,84,6,322.41,0.22,1508.88,9926,0.22
9927,2872,379,2,1109.99,0.0,2219.98,9927,0.0
9928,2873,380,5,1166.64,0.0,5833.2,9928,0.0
9929,2873,321,3,875.69,0.0,2627.07,9929,0.0
9930,2873,244,8,1221.4,0.0,9771.2,9930,0.0
9931,2873,228,6,828.35,0.0,4970.1,9931,0.0
9932,2874,131,5,1496.32,0.0,7481.6,9932,0.0
9933,2874,66,1,287.89,0.0,287.89,9933,0.0
9934,2874,299,2,208.19,0.27,303.96,9934,0.27
9935,2874,405,4,445.1,0.0,1780.4,9935,0.0
9942,2877,346,2,1186.01,0.0,2372.02,9942,0.0
9943,2877,378,6,1265.59,0.0,7593.54,9943,0.0
9944,2877,197,1,383.14,0.0,383.14,9944,0.0
9945,2877,358,3,609.73,0.34,1207.27,9945,0.34
9946,2877,164,4,530.83,0.0,2123.32,9946,0.0
9947,2878,395,6,670.81,0.08,3702.87,9947,0.08
9948,2879,214,6,1051.02,0.23,4855.71,9948,0.23
9949,2879,466,2,1035.37,0.0,2070.74,9949,0.0
9950,2879,64,1,1265.78,0.0,1265.78,9950,0.0
9951,2879,328,5,1391.49,0.0,6957.45,9951,0.0
9952,2880,183,2,1451.22,0.0,2902.44,9952,0.0
9953,2880,99,8,711.13,0.38,3527.2,9953,0.38
9954,2881,354,5,1335.59,0.0,6677.95,9954,0.0
9955,2881,222,1,681.39,0.0,681.39,9955,0.0
9956,2881,11,8,751.28,0.0,6010.24,9956,0.0
9957,2881,157,2,1034.49,0.0,2068.98,9957,0.0
9958,2881,194,2,293.44,0.14,504.72,9958,0.14
9959,2881,392,6,92.75,0.0,556.5,9959,0.0
9960,2882,310,4,1392.39,0.0,5569.56,9960,0.0
9961,2882,481,8,729.07,0.0,5832.56,9961,0.0
9962,2882,208,7,330.49,0.0,2313.43,9962,0.0
9963,2882,9,3,555.19,0.0,1665.57,9963,0.0
9964,2882,137,3,975.97,0.0,2927.91,9964,0.0
9965,2882,23,7,41.28,0.0,288.96,9965,0.0
9966,2883,33,8,389.25,0.0,3114.0,9966,0.0
9967,2883,269,2,574.28,0.0,1148.56,9967,0.0
9968,2883,472,8,334.73,0.17,2222.61,9968,0.17
9969,2883,166,5,526.7,0.0,2633.5,9969,0.0
9970,2884,22,5,1424.45,0.0,7122.25,9970,0.0
9971,2885,357,6,923.06,0.0,5538.36,9971,0.0
9972,2885,446,6,706.08,0.0,4236.48,9972,0.0
9973,2885,430,3,601.83,0.09,1643.0,9973,0.09
9974,2885,423,3,951.9,0.0,2855.7,9974,0.0
9975,2885,407,8,1232.83,0.0,9862.64,9975,0.0
9976,2885,287,8,638.43,0.0,5107.44,9976,0.0
9977,2886,154,1,509.55,0.0,509.55,9977,0.0
9978,2886,367,4,1343.91,0.0,5375.64,9978,0.0
9979,2886,323,4,290.88,0.0,1163.52,9979,0.0
9980,2886,340,2,467.3,0.0,934.6,9980,0.0
9981,2886,278,6,42.66,0.0,255.96,9981,0.0
9982,2887,399,8,854.08,0.0,6832.64,9982,0.0
9983,2887,84,3,105.01,0.09,286.68,9983,0.09
9984,2887,182,4,711.61,0.0,2846.44,9984,0.0
9985,2887,167,1,938.79,0.0,938.79,9985,0.0
9986,2887,131,2,208.1,0.0,416.2,9986,0.0
9987,2887,201,1,1208.18,0.0,1208.18,9987,0.0
9988,2888,276,3,1414.03,0.0,4242.09,9988,0.0
9989,2888,253,5,1288.85,0.0,6444.25,9989,0.0
9990,2888,457,8,969.41,0.0,7755.28,9990,0.0
9991,2889,106,5,762.0,0.0,3810.0,9991,0.0
9992,2889,295,2,222.28,0.0,444.56,9992,0.0
9993,2889,156,6,768.43,0.0,4610.58,9993,0.0
9994,2889,128,1,790.82,0.0,790.82,9994,0.0
9995,2890,368,2,1105.03,0.0,2210.06,9995,0.0
9996,2890,71,7,354.33,0.0,2480.31,9996,0.0
9997,2891,25,2,57.82,0.0,115.64,9997,0.0
9998,2891,104,8,733.46,0.0,5867.68,9998,0.0
9999,2891,28,7,299.38,0.0,2095.66,9999,0.0
10000,2891,390,7,826.63,0.21,4571.26,10000,0.21
10001,2891,391,3,1354.81,0.0,4064.43,10001,0.0
10002,2891,58,4,723.04,0.0,2892.16,10002,0.0
10003,2892,327,3,863.8,0.31,1788.07,10003,0.31
10004,2892,30,7,119.66,0.0,837.62,10004,0.0
10005,2893,368,2,364.97,0.0,729.94,10005,0.0
10006,2893,287,2,73.68,0.16,123.78,10006,0.16
10007,2893,401,5,228.15,0.0,1140.75,10007,0.0
10008,2893,355,1,933.43,0.0,933.43,10008,0.0
10009,2894,151,5,285.07,0.0,1425.35,10009,0.0
10010,2894,232,2,386.8,0.0,773.6,10010,0.0
10011,2894,492,8,1362.04,0.13,9479.8,10011,0.13
10012,2894,345,7,1467.66,0.0,10273.62,10012,0.0
10013,2894,52,1,152.39,0.0,152.39,10013,0.0
10014,2895,35,6,767.77,0.0,4606.62,10014,0.0
10015,2895,387,3,540.23,0.25,1215.52,10015,0.25
10016,2895,73,3,9.35,0.0,28.05,10016,0.0
10017,2895,49,4,542.6,0.0,2170.4,10017,0.0
10018,2895,355,3,578.71,0.0,1736.13,10018,0.0
10019,2896,6,7,1241.08,0.0,8687.56,10019,0.0
10020,2896,177,8,1098.37,0.0,8786.96,10020,0.0
10021,2896,302,5,925.2,0.0,4626.0,10021,0.0
10022,2896,491,6,447.47,0.33,1798.83,10022,0.33
10023,2897,50,4,499.11,0.0,1996.44,10023,0.0
10024,2897,393,5,969.79,0.0,4848.95,10024,0.0
10025,2897,480,6,741.22,0.0,4447.32,10025,0.0
10026,2897,292,3,711.41,0.0,2134.23,10026,0.0
10027,2897,384,5,460.04,0.0,2300.2,10027,0.0
10034,2899,58,4,747.02,0.0,2988.08,10034,0.0
10035,2899,145,1,1139.08,0.0,1139.08,10035,0.0
10036,2900,433,6,1434.09,0.0,8604.54,10036,0.0
10037,2901,432,6,1362.61,0.0,8175.66,10037,0.0
10038,2901,486,1,1008.0,0.0,1008.0,10038,0.0
10039,2901,247,1,962.36,0.0,962.36,10039,0.0
10040,2901,176,1,1245.98,0.33,834.81,10040,0.33
10041,2901,300,8,118.77,0.0,950.16,10041,0.0
10042,2902,314,7,61.96,0.0,433.72,10042,0.0
10043,2902,86,6,1372.92,0.0,8237.52,10043,0.0
10044,2902,197,3,68.68,0.0,206.04,10044,0.0
10045,2902,428,1,356.3,0.0,356.3,10045,0.0
10046,2902,203,8,363.4,0.0,2907.2,10046,0.0
10047,2903,487,7,1161.59,0.0,8131.13,10047,0.0
10048,2904,359,3,341.34,0.0,1024.02,10048,0.0
10049,2905,85,4,367.88,0.0,1471.52,10049,0.0
10050,2905,377,8,1390.94,0.0,11127.52,10050,0.0
10051,2905,388,5,1220.14,0.19,4941.57,10051,0.19
10052,2905,350,1,158.33,0.0,158.33,10052,0.0
10053,2905,475,7,1494.55,0.0,10461.85,10053,0.0
10054,2906,457,6,1336.34,0.0,8018.04,10054,0.0
10055,2906,199,3,1025.16,0.0,3075.48,10055,0.0
10056,2906,412,4,188.28,0.0,753.12,10056,0.0
10057,2906,179,8,925.39,0.0,7403.12,10057,0.0
10058,2906,367,8,1243.75,0.0,9950.0,10058,0.0
10059,2907,374,8,1086.47,0.0,8691.76,10059,0.0
10060,2907,97,3,1278.62,0.0,3835.86,10060,0.0
10061,2907,265,4,1223.66,0.0,4894.64,10061,0.0
10062,2907,448,5,264.97,0.0,1324.85,10062,0.0
10063,2907,460,8,1240.62,0.0,9924.96,10063,0.0
10064,2907,311,6,207.13,0.0,1242.78,10064,0.0
10065,2908,185,7,519.94,0.0,3639.58,10065,0.0
10066,2908,151,4,428.64,0.0,1714.56,10066,0.0
10067,2908,51,1,246.0,0.0,246.0,10067,0.0
10068,2909,472,6,1125.98,0.0,6755.88,10068,0.0
10069,2909,109,6,21.72,0.0,130.32,10069,0.0
10070,2909,322,7,89.72,0.08,577.8,10070,0.08
10071,2910,171,2,1495.38,0.0,2990.76,10071,0.0
10072,2910,365,2,954.34,0.0,1908.68,10072,0.0
10073,2911,316,8,1195.91,0.0,9567.28,10073,0.0
10074,2911,340,7,897.46,0.0,6282.22,10074,0.0
10075,2911,399,5,619.42,0.0,3097.1,10075,0.0
10076,2911,373,6,511.31,0.34,2024.79,10076,0.34
10077,2912,449,6,895.7,0.0,5374.2,10077,0.0
10078,2912,492,5,985.9,0.0,4929.5,10078,0.0
10079,2912,387,4,393.04,0.0,1572.16,10079,0.0
10080,2912,372,6,617.86,0.0,3707.16,10080,0.0
10081,2912,419,6,58.52,0.0,351.12,10081,0.0
10082,2912,138,7,1292.84,0.28,6515.91,10082,0.28
10084,2913,259,8,367.61,0.0,2940.88,10084,0.0
10085,2913,126,2,1113.87,0.0,2227.74,10085,0.0
10086,2913,34,4,944.83,0.21,2985.66,10086,0.21
10087,2913,100,2,726.31,0.0,1452.62,10087,0.0
10094,2915,371,5,379.36,0.0,1896.8,10094,0.0
10095,2916,24,3,164.01,0.0,492.03,10095,0.0
10096,2916,466,5,1438.29,0.0,7191.45,10096,0.0
10097,2916,19,8,690.14,0.0,5521.12,10097,0.0
10098,2916,305,4,1080.29,0.0,4321.16,10098,0.0
10099,2916,13,7,381.52,0.0,2670.64,10099,0.0
10100,2916,72,2,1347.18,0.0,2694.36,10100,0.0
10101,2917,27,3,950.1,0.0,2850.3,10101,0.0
10102,2917,131,1,1313.99,0.0,1313.99,10102,0.0
10103,2917,169,1,696.53,0.0,696.53,10103,0.0
10104,2917,208,4,593.84,0.0,2375.36,10104,0.0
10105,2918,35,1,996.07,0.0,996.07,10105,0.0
10106,2918,242,7,1367.17,0.0,9570.19,10106,0.0
10107,2918,489,3,768.9,0.23,1776.16,10107,0.23
10109,2918,39,6,1072.65,0.09,5856.67,10109,0.09
10110,2919,135,6,946.86,0.0,5681.16,10110,0.0
10111,2920,23,8,56.73,0.0,453.84,10111,0.0
10118,2922,443,1,1093.9,0.0,1093.9,10118,0.0
10119,2922,88,7,951.78,0.22,5196.72,10119,0.22
10120,2922,143,6,111.6,0.0,669.6,10120,0.0
10121,2923,166,3,516.52,0.0,1549.56,10121,0.0
10122,2923,123,7,922.92,0.0,6460.44,10122,0.0
10123,2923,367,7,294.83,0.0,2063.81,10123,0.0
10124,2923,317,1,955.19,0.0,955.19,10124,0.0
10125,2923,450,1,731.15,0.0,731.15,10125,0.0
10126,2924,176,4,1182.49,0.0,4729.96,10126,0.0
10127,2925,405,2,577.63,0.28,831.79,10127,0.28
10128,2925,207,8,37.71,0.0,301.68,10128,0.0
10129,2925,478,3,988.72,0.0,2966.16,10129,0.0
10130,2925,71,5,687.06,0.0,3435.3,10130,0.0
10131,2925,480,5,981.27,0.37,3091.0,10131,0.37
10132,2925,295,3,769.26,0.0,2307.78,10132,0.0
10133,2926,371,8,460.77,0.12,3243.82,10133,0.12
10134,2926,373,4,91.7,0.25,275.1,10134,0.25
10135,2926,469,6,1165.69,0.0,6994.14,10135,0.0
10136,2926,53,2,439.16,0.0,878.32,10136,0.0
10137,2926,425,8,750.91,0.36,3844.66,10137,0.36
10138,2926,213,1,1318.57,0.0,1318.57,10138,0.0
10139,2927,16,3,857.53,0.0,2572.59,10139,0.0
10140,2927,482,4,525.37,0.0,2101.48,10140,0.0
10141,2928,204,3,768.83,0.29,1637.61,10141,0.29
10142,2928,365,7,729.03,0.0,5103.21,10142,0.0
10143,2928,158,4,1146.04,0.0,4584.16,10143,0.0
10144,2928,291,6,595.65,0.0,3573.9,10144,0.0
10145,2929,167,3,744.07,0.0,2232.21,10145,0.0
10146,2930,240,4,1394.34,0.0,5577.36,10146,0.0
10147,2931,360,1,699.18,0.15,594.3,10147,0.15
10152,2933,396,8,613.07,0.0,4904.56,10152,0.0
10153,2933,18,7,644.76,0.0,4513.32,10153,0.0
10155,2934,242,2,234.49,0.0,468.98,10155,0.0
10156,2934,361,2,385.59,0.0,771.18,10156,0.0
10157,2934,72,6,462.63,0.0,2775.78,10157,0.0
10158,2934,10,4,909.91,0.0,3639.64,10158,0.0
10159,2934,35,8,1224.66,0.0,9797.28,10159,0.0
10160,2935,105,5,1449.65,0.0,7248.25,10160,0.0
10161,2935,73,5,608.2,0.0,3041.0,10161,0.0
10162,2935,125,3,1304.73,0.38,2426.8,10162,0.38
10163,2935,360,7,483.99,0.0,3387.93,10163,0.0
10164,2936,362,7,797.65,0.0,5583.55,10164,0.0
10165,2936,16,4,1399.88,0.0,5599.52,10165,0.0
10166,2936,342,6,912.74,0.0,5476.44,10166,0.0
10167,2937,51,7,204.64,0.0,1432.48,10167,0.0
10168,2937,72,1,1462.27,0.0,1462.27,10168,0.0
10169,2938,444,8,362.19,0.0,2897.52,10169,0.0
10170,2938,451,8,591.75,0.26,3503.16,10170,0.26
10171,2938,251,3,1238.15,0.0,3714.45,10171,0.0
10172,2938,387,4,784.13,0.0,3136.52,10172,0.0
10173,2938,168,1,306.1,0.0,306.1,10173,0.0
10175,2939,166,6,244.98,0.0,1469.88,10175,0.0
10176,2939,376,1,662.87,0.26,490.52,10176,0.26
10179,2941,353,4,617.14,0.0,2468.56,10179,0.0
10180,2941,223,3,806.46,0.35,1572.6,10180,0.35
10182,2941,397,2,1225.0,0.0,2450.0,10182,0.0
10183,2941,7,8,1239.39,0.0,9915.12,10183,0.0
10184,2942,42,3,1017.55,0.0,3052.65,10184,0.0
10185,2942,245,1,154.31,0.11,137.34,10185,0.11
10186,2942,435,5,965.63,0.0,4828.15,10186,0.0
10187,2942,27,1,1411.69,0.0,1411.69,10187,0.0
10188,2942,17,6,1471.5,0.0,8829.0,10188,0.0
10189,2942,86,3,375.3,0.4,675.54,10189,0.4
10190,2943,84,5,849.4,0.0,4247.0,10190,0.0
10191,2944,283,1,1007.98,0.0,1007.98,10191,0.0
10192,2944,371,6,371.37,0.0,2228.22,10192,0.0
10193,2944,392,2,972.09,0.39,1185.95,10193,0.39
10194,2945,454,1,867.83,0.0,867.83,10194,0.0
10195,2945,233,5,286.17,0.0,1430.85,10195,0.0
10196,2946,482,1,944.25,0.0,944.25,10196,0.0
10197,2946,310,6,53.4,0.0,320.4,10197,0.0
10198,2946,65,5,835.76,0.0,4178.8,10198,0.0
10199,2947,401,3,380.35,0.07,1061.18,10199,0.07
10200,2947,45,8,902.84,0.0,7222.72,10200,0.0
10201,2948,118,8,778.93,0.0,6231.44,10201,0.0
10202,2948,199,6,1045.18,0.27,4577.89,10202,0.27
10203,2948,112,2,1020.14,0.0,2040.28,10203,0.0
10204,2948,209,4,459.4,0.0,1837.6,10204,0.0
10205,2948,335,4,269.49,0.14,927.05,10205,0.14
10206,2949,144,7,1058.48,0.0,7409.36,10206,0.0
10207,2949,243,6,751.74,0.0,4510.44,10207,0.0
10208,2949,5,6,1081.7,0.0,6490.2,10208,0.0
10209,2950,435,7,158.35,0.0,1108.45,10209,0.0
10210,2951,317,6,1454.03,0.0,8724.18,10210,0.0
10211,2951,500,1,202.8,0.0,202.8,10211,0.0
10212,2952,231,6,715.8,0.24,3264.05,10212,0.24
10213,2952,45,8,469.51,0.0,3756.08,10213,0.0
10214,2952,45,1,595.51,0.0,595.51,10214,0.0
10215,2953,191,6,1330.57,0.31,5508.56,10215,0.31
10216,2954,323,3,5.98,0.0,17.94,10216,0.0
10217,2954,459,1,1483.87,0.0,1483.87,10217,0.0
10218,2955,491,8,928.14,0.28,5346.09,10218,0.28
10219,2955,123,8,715.43,0.27,4178.11,10219,0.27
10220,2955,60,8,1214.14,0.0,9713.12,10220,0.0
10221,2955,416,3,1168.48,0.0,3505.44,10221,0.0
10222,2956,427,2,254.25,0.0,508.5,10222,0.0
10223,2956,489,4,839.99,0.0,3359.96,10223,0.0
10224,2956,480,3,386.91,0.0,1160.73,10224,0.0
10225,2956,411,6,1448.54,0.0,8691.24,10225,0.0
10226,2956,65,4,64.34,0.08,236.77,10226,0.08
10227,2957,249,4,1170.66,0.13,4073.9,10227,0.13
10228,2957,394,4,134.57,0.0,538.28,10228,0.0
10229,2957,136,1,1314.42,0.0,1314.42,10229,0.0
10230,2958,400,7,581.62,0.0,4071.34,10230,0.0
10231,2958,87,4,396.57,0.0,1586.28,10231,0.0
10232,2959,58,4,1055.36,0.0,4221.44,10232,0.0
10233,2959,346,4,555.67,0.0,2222.68,10233,0.0
10234,2959,117,4,712.44,0.0,2849.76,10234,0.0
10235,2959,477,6,737.76,0.0,4426.56,10235,0.0
10236,2959,371,5,1154.67,0.0,5773.35,10236,0.0
10237,2959,441,5,1186.48,0.0,5932.4,10237,0.0
10238,2960,140,4,186.89,0.0,747.56,10238,0.0
10239,2961,415,2,592.94,0.0,1185.88,10239,0.0
10240,2961,8,2,1313.68,0.0,2627.36,10240,0.0
10241,2961,317,5,63.8,0.0,319.0,10241,0.0
10242,2961,472,7,1363.22,0.33,6393.5,10242,0.33
10247,2964,377,5,343.1,0.0,1715.5,10247,0.0
10248,2965,435,8,567.78,0.0,4542.24,10248,0.0
10249,2965,101,2,60.51,0.0,121.02,10249,0.0
10250,2966,403,6,938.08,0.4,3377.09,10250,0.4
10251,2966,257,5,1344.78,0.0,6723.9,10251,0.0
10252,2966,472,5,109.68,0.0,548.4,10252,0.0
10253,2966,411,8,92.05,0.0,736.4,10253,0.0
10254,2966,373,2,1296.7,0.0,2593.4,10254,0.0
10255,2966,204,1,1406.03,0.0,1406.03,10255,0.0
10256,2967,373,6,1033.98,0.0,6203.88,10256,0.0
10257,2968,488,2,546.41,0.0,1092.82,10257,0.0
10258,2968,127,4,585.3,0.0,2341.2,10258,0.0
10259,2968,412,8,908.99,0.0,7271.92,10259,0.0
10260,2968,91,4,178.22,0.0,712.88,10260,0.0
10261,2969,355,4,1381.85,0.0,5527.4,10261,0.0
10262,2969,103,4,798.23,0.0,3192.92,10262,0.0
10263,2970,314,3,1361.89,0.0,4085.67,10263,0.0
10264,2970,190,5,939.4,0.0,4697.0,10264,0.0
10265,2970,240,7,1324.03,0.0,9268.21,10265,0.0
10266,2970,408,1,1141.8,0.0,1141.8,10266,0.0
10267,2971,218,1,1329.99,0.0,1329.99,10267,0.0
10268,2971,390,2,472.77,0.0,945.54,10268,0.0
10269,2972,379,5,729.2,0.0,3646.0,10269,0.0
10270,2973,412,3,963.95,0.09,2631.58,10270,0.09
10271,2973,56,4,657.89,0.0,2631.56,10271,0.0
10272,2974,229,2,1033.07,0.0,2066.14,10272,0.0
10273,2975,312,5,553.27,0.0,2766.35,10273,0.0
10274,2975,190,2,280.9,0.0,561.8,10274,0.0
10275,2975,249,5,775.1,0.0,3875.5,10275,0.0
10276,2975,234,7,1481.27,0.0,10368.89,10276,0.0
10277,2975,198,8,121.45,0.0,971.6,10277,0.0
10278,2975,328,7,660.82,0.0,4625.74,10278,0.0
10279,2976,66,5,844.95,0.0,4224.75,10279,0.0
10280,2977,310,8,789.15,0.0,6313.2,10280,0.0
10281,2977,3,8,154.21,0.0,1233.68,10281,0.0
10282,2978,48,5,918.27,0.12,4040.39,10282,0.12
10283,2978,58,6,625.5,0.23,2889.81,10283,0.23
10284,2978,444,2,860.08,0.0,1720.16,10284,0.0
10285,2978,323,6,717.21,0.0,4303.26,10285,0.0
10286,2979,416,8,461.7,0.0,3693.6,10286,0.0
10287,2979,133,1,21.15,0.33,14.17,10287,0.33
10288,2979,27,2,1407.75,0.37,1773.76,10288,0.37
10291,2981,350,8,1239.98,0.11,8828.66,10291,0.11
10292,2981,118,3,200.74,0.0,602.22,10292,0.0
10293,2981,194,4,840.22,0.0,3360.88,10293,0.0
10294,2982,110,8,132.39,0.0,1059.12,10294,0.0
10295,2982,416,6,1068.79,0.0,6412.74,10295,0.0
10297,2982,100,6,113.74,0.0,682.44,10297,0.0
10298,2983,484,6,1047.66,0.0,6285.96,10298,0.0
10303,2985,120,2,607.17,0.0,1214.34,10303,0.0
10304,2985,390,2,397.31,0.0,794.62,10304,0.0
10305,2986,496,1,555.73,0.0,555.73,10305,0.0
10306,2986,175,1,700.35,0.0,700.35,10306,0.0
10307,2986,228,6,162.38,0.08,896.34,10307,0.08
10308,2986,286,3,1021.52,0.0,3064.56,10308,0.0
10309,2986,63,5,1139.78,0.0,5698.9,10309,0.0
10310,2987,116,3,837.73,0.0,2513.19,10310,0.0
10311,2987,421,2,1366.54,0.0,2733.08,10311,0.0
10312,2987,296,1,696.51,0.0,696.51,10312,0.0
10313,2987,53,7,1087.09,0.0,7609.63,10313,0.0
10314,2988,156,6,855.63,0.0,5133.78,10314,0.0
10319,2990,485,1,1005.23,0.0,1005.23,10319,0.0
10320,2990,357,4,810.51,0.0,3242.04,10320,0.0
10321,2990,21,3,561.2,0.0,1683.6,10321,0.0
10322,2990,266,7,936.54,0.0,6555.78,10322,0.0
10323,2990,477,7,620.82,0.0,4345.74,10323,0.0
10324,2990,161,4,971.28,0.0,3885.12,10324,0.0
10325,2991,448,5,1286.86,0.0,6434.3,10325,0.0
10326,2991,395,8,231.08,0.0,1848.64,10326,0.0
10327,2991,145,8,435.52,0.33,2334.39,10327,0.33
10328,2992,30,1,698.58,0.0,698.58,10328,0.0
10329,2993,18,4,718.48,0.0,2873.92,10329,0.0
10330,2993,26,7,668.4,0.0,4678.8,10330,0.0
10331,2993,197,8,741.37,0.0,5930.96,10331,0.0
10332,2994,90,2,1464.32,0.0,2928.64,10332,0.0
10333,2994,250,4,384.09,0.0,1536.36,10333,0.0
10334,2995,97,5,572.16,0.0,2860.8,10334,0.0
10335,2995,358,4,918.44,0.0,3673.76,10335,0.0
10336,2995,50,5,980.71,0.0,4903.55,10336,0.0
10337,2995,22,5,1232.29,0.0,6161.45,10337,0.0
10338,2995,77,5,1278.86,0.0,6394.3,10338,0.0
10339,2995,316,6,593.05,0.0,3558.3,10339,0.0
10341,2996,267,6,265.41,0.35,1035.1,10341,0.35
10342,2996,398,6,1245.81,0.0,7474.86,10342,0.0
10343,2996,159,5,517.49,0.0,2587.45,10343,0.0
10344,2996,134,1,1293.55,0.0,1293.55,10344,0.0
10345,2997,29,1,1346.38,0.0,1346.38,10345,0.0
10346,2997,399,3,14.09,0.0,42.27,10346,0.0
10347,2998,348,6,98.14,0.0,588.84,10347,0.0
10349,2998,168,8,265.34,0.0,2122.72,10349,0.0
10352,3000,176,2,1230.63,0.0,2461.26,10352,0.0
10353,3000,251,8,351.36,0.0,2810.88,10353,0.0
10354,3001,2,1,1130.64,0.0,1130.64,10354,0.0
10355,3001,397,8,800.54,0.0,6404.32,10355,0.0
10357,3001,9,8,1223.68,0.0,9789.44,10357,0.0
10358,3001,319,3,555.58,0.0,1666.74,10358,0.0
10359,3002,434,6,573.51,0.25,2580.8,10359,0.25
10360,3002,88,7,929.56,0.0,6506.92,10360,0.0
10361,3002,266,2,508.98,0.0,1017.96,10361,0.0
10362,3002,171,2,770.67,0.0,1541.34,10362,0.0
10363,3002,366,1,698.08,0.0,698.08,10363,0.0
10364,3003,456,8,882.83,0.0,7062.64,10364,0.0
10365,3003,83,1,237.62,0.0,237.62,10365,0.0
10366,3003,173,3,1122.84,0.0,3368.52,10366,0.0
10367,3003,417,5,1231.48,0.17,5110.64,10367,0.17
10368,3003,479,1,61.66,0.22,48.09,10368,0.22
10369,3003,10,3,892.37,0.0,2677.11,10369,0.0
10370,3004,261,5,632.02,0.0,3160.1,10370,0.0
10371,3004,174,1,480.49,0.0,480.49,10371,0.0
10372,3004,412,8,573.0,0.0,4584.0,10372,0.0
10373,3004,307,8,167.95,0.0,1343.6,10373,0.0
10374,3004,113,2,222.83,0.0,445.66,10374,0.0
10375,3005,264,5,809.2,0.0,4046.0,10375,0.0
10376,3006,491,8,1038.48,0.0,8307.84,10376,0.0
10377,3006,457,2,114.01,0.39,139.09,10377,0.39
10378,3006,5,1,1426.72,0.0,1426.72,10378,0.0
10379,3006,467,3,1147.68,0.0,3443.04,10379,0.0
10380,3006,95,4,345.69,0.0,1382.76,10380,0.0
10381,3007,484,7,1373.55,0.0,9614.85,10381,0.0
10382,3007,475,6,1019.07,0.0,6114.42,10382,0.0
10383,3007,258,7,796.24,0.0,5573.68,10383,0.0
10384,3007,79,7,566.09,0.24,3011.6,10384,0.24
10385,3008,425,1,240.6,0.0,240.6,10385,0.0
10386,3008,399,4,354.67,0.0,1418.68,10386,0.0
10387,3008,398,6,630.73,0.0,3784.38,10387,0.0
10388,3009,147,8,431.95,0.0,3455.6,10388,0.0
10389,3009,454,4,754.57,0.0,3018.28,10389,0.0
10390,3009,323,7,1028.37,0.0,7198.59,10390,0.0
10391,3009,487,4,20.65,0.08,75.99,10391,0.08
10392,3009,363,4,1346.21,0.0,5384.84,10392,0.0
10393,3009,131,6,600.55,0.0,3603.3,10393,0.0
10394,3010,232,3,840.4,0.0,2521.2,10394,0.0
10395,3010,376,6,478.28,0.0,2869.68,10395,0.0
10397,3010,58,1,751.85,0.0,751.85,10397,0.0
10398,3011,185,8,249.73,0.14,1718.14,10398,0.14
10399,3011,405,3,1331.79,0.0,3995.37,10399,0.0
10400,3012,359,4,1082.08,0.0,4328.32,10400,0.0
10401,3012,142,3,730.06,0.0,2190.18,10401,0.0
10402,3012,413,8,1082.03,0.0,8656.24,10402,0.0
10403,3012,370,6,116.51,0.0,699.06,10403,0.0
10404,3012,459,7,846.56,0.0,5925.92,10404,0.0
10405,3012,413,1,527.23,0.0,527.23,10405,0.0
10411,3014,79,4,956.12,0.39,2332.93,10411,0.39
10412,3014,138,4,421.89,0.09,1535.68,10412,0.09
10413,3014,173,4,476.37,0.0,1905.48,10413,0.0
10414,3014,428,2,966.91,0.0,1933.82,10414,0.0
10415,3014,224,3,825.69,0.0,2477.07,10415,0.0
10416,3014,435,8,1406.97,0.2,9004.61,10416,0.2
10417,3015,188,1,642.64,0.0,642.64,10417,0.0
10418,3015,66,4,573.95,0.35,1492.27,10418,0.35
10419,3015,191,6,1282.84,0.0,7697.04,10419,0.0
10420,3015,64,1,560.95,0.19,454.37,10420,0.19
10421,3016,209,8,1084.1,0.0,8672.8,10421,0.0
10422,3016,79,1,1090.97,0.0,1090.97,10422,0.0
10423,3016,430,4,1133.37,0.0,4533.48,10423,0.0
10425,3016,164,1,654.05,0.0,654.05,10425,0.0
10426,3016,399,3,853.03,0.0,2559.09,10426,0.0
10431,3018,69,7,102.01,0.0,714.07,10431,0.0
10432,3019,149,7,855.86,0.0,5991.02,10432,0.0
10433,3019,349,7,448.18,0.0,3137.26,10433,0.0
10434,3019,291,6,502.05,0.0,3012.3,10434,0.0
10435,3019,355,6,239.09,0.0,1434.54,10435,0.0
10436,3019,155,4,1435.56,0.0,5742.24,10436,0.0
10437,3020,346,5,339.51,0.0,1697.55,10437,0.0
10438,3021,251,7,293.21,0.0,2052.47,10438,0.0
10439,3022,92,4,189.47,0.0,757.88,10439,0.0
10443,3024,226,8,56.63,0.36,289.95,10443,0.36
10444,3024,15,6,782.68,0.0,4696.08,10444,0.0
10449,3026,488,4,850.72,0.0,3402.88,10449,0.0
10450,3026,350,4,1013.28,0.0,4053.12,10450,0.0
10451,3026,258,2,115.02,0.29,163.33,10451,0.29
10452,3026,58,2,835.99,0.0,1671.98,10452,0.0
10453,3026,150,7,1317.93,0.0,9225.51,10453,0.0
10454,3027,224,8,1257.13,0.0,10057.04,10454,0.0
10455,3027,406,5,34.22,0.0,171.1,10455,0.0
10456,3027,273,4,1046.53,0.0,4186.12,10456,0.0
10457,3027,149,6,982.39,0.0,5894.34,10457,0.0
10458,3027,226,6,584.74,0.0,3508.44,10458,0.0
10463,3029,473,8,317.71,0.0,2541.68,10463,0.0
10464,3029,30,5,797.37,0.0,3986.85,10464,0.0
10465,3029,19,5,240.72,0.0,1203.6,10465,0.0
10466,3029,389,8,780.22,0.0,6241.76,10466,0.0
10467,3030,474,4,394.71,0.0,1578.84,10467,0.0
10468,3030,186,1,1379.77,0.0,1379.77,10468,0.0
10469,3031,203,2,1246.23,0.0,2492.46,10469,0.0
10470,3031,409,7,622.05,0.0,4354.35,10470,0.0
10471,3031,488,4,315.72,0.0,1262.88,10471,0.0
10472,3032,185,5,824.59,0.0,4122.95,10472,0.0
10473,3032,27,4,657.45,0.0,2629.8,10473,0.0
10474,3032,126,7,23.71,0.0,165.97,10474,0.0
10475,3033,175,3,1079.13,0.0,3237.39,10475,0.0
10476,3034,100,7,772.79,0.0,5409.53,10476,0.0
10477,3035,175,3,1131.41,0.0,3394.23,10477,0.0
10478,3035,58,5,703.43,0.0,3517.15,10478,0.0
10479,3035,493,1,1016.33,0.27,741.92,10479,0.27
10480,3035,442,7,812.85,0.0,5689.95,10480,0.0
10481,3035,92,4,445.27,0.0,1781.08,10481,0.0
10482,3036,370,6,1425.21,0.0,8551.26,10482,0.0
10487,3038,83,5,1266.75,0.0,6333.75,10487,0.0
10488,3038,334,7,252.52,0.0,1767.64,10488,0.0
10492,3040,374,2,1314.52,0.0,2629.04,10492,0.0
10493,3040,79,1,357.21,0.0,357.21,10493,0.0
10494,3040,6,8,237.16,0.0,1897.28,10494,0.0
10495,3040,41,3,446.01,0.22,1043.66,10495,0.22
10496,3040,67,1,672.06,0.0,672.06,10496,0.0
10497,3041,132,6,1165.93,0.3,4896.91,10497,0.3
10498,3041,500,7,1087.32,0.21,6012.88,10498,0.21
10499,3041,212,8,302.13,0.0,2417.04,10499,0.0
10500,3041,364,2,736.95,0.0,1473.9,10500,0.0
10501,3041,266,8,256.23,0.0,2049.84,10501,0.0
10502,3041,285,8,75.8,0.0,606.4,10502,0.0
10503,3042,267,7,119.98,0.0,839.86,10503,0.0
10504,3042,326,1,1306.48,0.0,1306.48,10504,0.0
10505,3042,399,5,233.33,0.24,886.65,10505,0.24
10506,3042,371,4,1268.13,0.0,5072.52,10506,0.0
10507,3043,105,1,566.69,0.34,374.02,10507,0.34
10508,3043,354,5,1458.17,0.28,5249.41,10508,0.28
10509,3043,333,2,704.87,0.0,1409.74,10509,0.0
10510,3044,360,5,479.35,0.0,2396.75,10510,0.0
10511,3045,276,6,607.79,0.0,3646.74,10511,0.0
10512,3045,345,7,529.08,0.0,3703.56,10512,0.0
10513,3045,347,2,157.23,0.0,314.46,10513,0.0
10514,3045,358,2,1192.22,0.0,2384.44,10514,0.0
10515,3046,97,8,813.43,0.0,6507.44,10515,0.0
10516,3046,35,7,374.7,0.0,2622.9,10516,0.0
10517,3047,171,8,297.18,0.0,2377.44,10517,0.0
10518,3047,237,1,63.49,0.0,63.49,10518,0.0
10519,3048,303,3,1379.88,0.0,4139.64,10519,0.0
10520,3048,36,1,763.48,0.13,664.23,10520,0.13
10521,3048,369,5,610.7,0.0,3053.5,10521,0.0
10522,3049,112,8,204.62,0.0,1636.96,10522,0.0
10523,3049,140,1,329.38,0.0,329.38,10523,0.0
10524,3049,413,1,1023.96,0.0,1023.96,10524,0.0
10525,3049,158,2,1412.81,0.35,1836.65,10525,0.35
10526,3050,178,5,1268.28,0.0,6341.4,10526,0.0
10527,3050,113,5,88.08,0.0,440.4,10527,0.0
10528,3050,396,2,1337.58,0.0,2675.16,10528,0.0
10529,3051,188,8,768.74,0.0,6149.92,10529,0.0
10530,3051,339,7,17.61,0.06,115.87,10530,0.06
10531,3051,237,2,896.08,0.0,1792.16,10531,0.0
10532,3051,92,2,1474.21,0.0,2948.42,10532,0.0
10533,3052,309,5,1047.17,0.0,5235.85,10533,0.0
10534,3052,45,4,939.62,0.0,3758.48,10534,0.0
10535,3053,491,7,482.99,0.29,2400.46,10535,0.29
10536,3054,283,1,1033.98,0.0,1033.98,10536,0.0
10537,3055,404,2,906.0,0.0,1812.0,10537,0.0
10538,3055,488,6,1152.44,0.0,6914.64,10538,0.0
10539,3055,263,1,57.2,0.34,37.75,10539,0.34
10540,3055,388,6,480.17,0.0,2881.02,10540,0.0
10541,3055,172,5,833.78,0.0,4168.9,10541,0.0
10542,3055,205,2,722.02,0.0,1444.04,10542,0.0
10543,3056,139,7,955.63,0.0,6689.41,10543,0.0
10544,3056,28,1,532.12,0.0,532.12,10544,0.0
10545,3056,130,4,1402.87,0.0,5611.48,10545,0.0
10546,3056,321,2,964.32,0.0,1928.64,10546,0.0
10547,3057,163,3,503.92,0.0,1511.76,10547,0.0
10548,3057,174,8,1239.18,0.0,9913.44,10548,0.0
10549,3057,267,5,28.7,0.22,111.93,10549,0.22
10550,3057,201,2,539.43,0.0,1078.86,10550,0.0
10551,3057,421,8,1196.5,0.0,9572.0,10551,0.0
10552,3057,199,6,1046.35,0.0,6278.1,10552,0.0
10553,3058,394,7,126.5,0.0,885.5,10553,0.0
10554,3058,150,8,323.27,0.0,2586.16,10554,0.0
10555,3058,414,4,1217.92,0.0,4871.68,10555,0.0
10556,3058,474,2,1312.44,0.0,2624.88,10556,0.0
10557,3058,250,8,1096.98,0.0,8775.84,10557,0.0
10558,3058,402,7,1103.52,0.0,7724.64,10558,0.0
10559,3059,238,8,172.22,0.0,1377.76,10559,0.0
10560,3059,211,7,1498.83,0.0,10491.81,10560,0.0
10561,3060,63,7,575.2,0.0,4026.4,10561,0.0
10562,3060,7,4,511.34,0.0,2045.36,10562,0.0
10563,3060,138,2,691.44,0.0,1382.88,10563,0.0
10564,3060,265,7,259.94,0.36,1164.53,10564,0.36
10565,3060,458,7,350.78,0.0,2455.46,10565,0.0
10566,3060,129,4,277.16,0.22,864.74,10566,0.22
10567,3061,451,3,987.23,0.0,2961.69,10567,0.0
10568,3061,70,5,762.83,0.0,3814.15,10568,0.0
10569,3062,173,1,902.51,0.1,812.26,10569,0.1
10570,3062,193,7,705.28,0.0,4936.96,10570,0.0
10571,3062,20,1,962.53,0.3,673.77,10571,0.3
10572,3062,480,1,1383.5,0.0,1383.5,10572,0.0
10573,3062,259,8,834.52,0.0,6676.16,10573,0.0
10574,3062,251,1,623.7,0.0,623.7,10574,0.0
10575,3063,68,7,1107.75,0.0,7754.25,10575,0.0
10576,3063,480,2,1476.97,0.29,2097.3,10576,0.29
10577,3063,383,7,329.36,0.0,2305.52,10577,0.0
10578,3064,114,2,883.42,0.0,1766.84,10578,0.0
10579,3065,404,2,629.02,0.0,1258.04,10579,0.0
10580,3065,181,2,979.61,0.0,1959.22,10580,0.0
10581,3065,92,1,681.02,0.0,681.02,10581,0.0
10582,3065,242,7,543.7,0.0,3805.9,10582,0.0
10583,3065,425,1,499.02,0.0,499.02,10583,0.0
10584,3066,62,3,681.77,0.05,1943.04,10584,0.05
10585,3066,472,2,616.14,0.14,1059.76,10585,0.14
10586,3066,94,3,185.33,0.0,555.99,10586,0.0
10587,3066,203,1,345.8,0.1,311.22,10587,0.1
10588,3066,109,3,1108.4,0.0,3325.2,10588,0.0
10589,3066,260,2,35.7,0.0,71.4,10589,0.0
10590,3067,138,7,754.06,0.0,5278.42,10590,0.0
10591,3067,357,7,1486.36,0.0,10404.52,10591,0.0
10592,3067,132,7,1342.84,0.0,9399.88,10592,0.0
10593,3067,257,7,179.76,0.0,1258.32,10593,0.0
10594,3067,439,4,761.62,0.4,1827.89,10594,0.4
10595,3068,218,3,836.89,0.0,2510.67,10595,0.0
10596,3068,175,7,1059.48,0.0,7416.36,10596,0.0
10598,3069,283,7,704.73,0.0,4933.11,10598,0.0
10599,3070,92,4,315.36,0.0,1261.44,10599,0.0
10600,3070,275,2,730.15,0.0,1460.3,10600,0.0
10601,3070,155,8,551.79,0.0,4414.32,10601,0.0
10602,3070,103,1,1324.25,0.0,1324.25,10602,0.0
10603,3071,173,4,796.44,0.0,3185.76,10603,0.0
10604,3071,29,5,1408.27,0.0,7041.35,10604,0.0
10605,3071,95,5,126.17,0.0,630.85,10605,0.0
10606,3071,146,5,1389.33,0.0,6946.65,10606,0.0
10607,3072,14,2,1197.06,0.0,2394.12,10607,0.0
10608,3072,319,1,1094.59,0.0,1094.59,10608,0.0
10609,3072,371,8,1317.28,0.0,10538.24,10609,0.0
10610,3073,123,8,1206.34,0.18,7913.59,10610,0.18
10611,3073,296,5,1351.99,0.0,6759.95,10611,0.0
10612,3074,11,4,429.62,0.0,1718.48,10612,0.0
10613,3074,112,2,1237.1,0.18,2028.84,10613,0.18
10614,3074,280,4,703.08,0.0,2812.32,10614,0.0
10615,3074,321,4,801.78,0.0,3207.12,10615,0.0
10616,3074,360,7,629.05,0.0,4403.35,10616,0.0
10617,3074,344,4,144.92,0.0,579.68,10617,0.0
10618,3075,412,6,1465.89,0.0,8795.34,10618,0.0
10619,3076,92,3,1253.18,0.0,3759.54,10619,0.0
10620,3076,425,1,1487.44,0.0,1487.44,10620,0.0
10621,3077,338,1,1320.01,0.0,1320.01,10621,0.0
10622,3077,376,4,1217.16,0.0,4868.64,10622,0.0
10623,3078,407,7,915.5,0.0,6408.5,10623,0.0
10624,3078,444,4,1167.44,0.0,4669.76,10624,0.0
10625,3078,104,4,653.58,0.0,2614.32,10625,0.0
10626,3078,214,7,1237.43,0.0,8662.01,10626,0.0
10627,3078,181,6,989.81,0.0,5938.86,10627,0.0
10628,3079,131,7,190.38,0.0,1332.66,10628,0.0
10629,3079,440,6,971.99,0.0,5831.94,10629,0.0
10630,3079,282,4,974.11,0.0,3896.44,10630,0.0
10631,3080,297,6,784.38,0.0,4706.28,10631,0.0
10632,3080,448,1,619.39,0.0,619.39,10632,0.0
10633,3080,14,1,704.23,0.0,704.23,10633,0.0
10638,3082,228,4,788.57,0.3,2208.0,10638,0.3
10639,3082,399,2,312.04,0.0,624.08,10639,0.0
10640,3082,154,2,739.8,0.0,1479.6,10640,0.0
10641,3083,281,4,54.65,0.0,218.6,10641,0.0
10642,3084,269,1,245.32,0.0,245.32,10642,0.0
10643,3085,318,4,958.02,0.0,3832.08,10643,0.0
10644,3085,60,3,122.49,0.0,367.47,10644,0.0
10645,3085,247,8,1173.4,0.0,9387.2,10645,0.0
10646,3085,421,7,919.89,0.0,6439.23,10646,0.0
10647,3085,10,3,929.26,0.0,2787.78,10647,0.0
10648,3085,378,1,1469.47,0.0,1469.47,10648,0.0
10649,3086,461,6,1190.16,0.0,7140.96,10649,0.0
10650,3086,90,6,1488.56,0.13,7770.28,10650,0.13
10651,3086,397,5,92.07,0.0,460.35,10651,0.0
10652,3086,312,7,1057.94,0.0,7405.58,10652,0.0
10653,3087,274,3,1045.93,0.0,3137.79,10653,0.0
10654,3087,217,3,633.8,0.0,1901.4,10654,0.0
10655,3087,194,1,636.06,0.0,636.06,10655,0.0
10656,3087,324,7,1331.99,0.15,7925.34,10656,0.15
10657,3088,289,8,769.62,0.28,4433.01,10657,0.28
10658,3088,363,8,1443.01,0.0,11544.08,10658,0.0
10659,3088,387,1,885.62,0.0,885.62,10659,0.0
10660,3088,258,7,711.27,0.0,4978.89,10660,0.0
10661,3088,313,1,1389.79,0.0,1389.79,10661,0.0
10662,3088,299,6,864.17,0.0,5185.02,10662,0.0
10663,3089,456,2,1364.74,0.0,2729.48,10663,0.0
10664,3089,152,4,596.4,0.0,2385.6,10664,0.0
10665,3089,235,1,207.01,0.0,207.01,10665,0.0
10666,3089,2,5,1067.47,0.32,3629.4,10666,0.32
10667,3090,488,3,479.51,0.0,1438.53,10667,0.0
10668,3090,465,5,1158.34,0.0,5791.7,10668,0.0
10669,3091,250,1,224.53,0.0,224.53,10669,0.0
10670,3091,186,8,727.29,0.0,5818.32,10670,0.0
10671,3091,370,8,616.33,0.0,4930.64,10671,0.0
10672,3092,64,2,917.76,0.0,1835.52,10672,0.0
10673,3092,424,6,1198.83,0.0,7192.98,10673,0.0
10674,3092,50,4,1263.13,0.0,5052.52,10674,0.0
10675,3093,141,2,933.98,0.0,1867.96,10675,0.0
10676,3094,119,2,536.48,0.0,1072.96,10676,0.0
10677,3094,3,4,502.1,0.0,2008.4,10677,0.0
10678,3094,179,8,770.44,0.0,6163.52,10678,0.0
10680,3096,80,3,532.33,0.0,1596.99,10680,0.0
10681,3096,91,5,1166.59,0.0,5832.95,10681,0.0
10687,3099,59,5,1153.98,0.0,5769.9,10687,0.0
10688,3099,386,3,793.93,0.0,2381.79,10688,0.0
10689,3099,164,5,576.94,0.38,1788.51,10689,0.38
10692,3101,278,7,727.19,0.0,5090.33,10692,0.0
10693,3101,15,4,82.95,0.0,331.8,10693,0.0
10694,3102,257,2,243.0,0.0,486.0,10694,0.0
10695,3102,447,6,525.56,0.0,3153.36,10695,0.0
10696,3102,102,3,267.98,0.0,803.94,10696,0.0
10697,3102,276,1,790.2,0.0,790.2,10697,0.0
10698,3103,476,6,581.54,0.36,2233.11,10698,0.36
10699,3104,330,4,960.59,0.22,2997.04,10699,0.22
10700,3104,195,8,1461.21,0.0,11689.68,10700,0.0
10701,3104,321,7,744.88,0.0,5214.16,10701,0.0
10702,3105,183,5,846.67,0.0,4233.35,10702,0.0
10703,3105,172,8,503.49,0.0,4027.92,10703,0.0
10704,3105,29,4,878.8,0.0,3515.2,10704,0.0
10705,3105,330,8,1351.95,0.0,10815.6,10705,0.0
10706,3106,385,4,547.65,0.0,2190.6,10706,0.0
10707,3106,426,4,1095.58,0.0,4382.32,10707,0.0
10708,3106,299,6,595.59,0.0,3573.54,10708,0.0
10709,3107,57,7,1192.23,0.0,8345.61,10709,0.0
10710,3107,49,6,594.95,0.0,3569.7,10710,0.0
10715,3109,199,2,393.85,0.0,787.7,10715,0.0
10716,3109,363,8,696.58,0.0,5572.64,10716,0.0
10717,3110,325,3,193.19,0.0,579.57,10717,0.0
10718,3110,12,3,773.67,0.34,1531.87,10718,0.34
10719,3110,494,7,901.5,0.1,5679.45,10719,0.1
10720,3110,347,2,1352.05,0.0,2704.1,10720,0.0
10721,3111,192,7,621.43,0.0,4350.01,10721,0.0
10722,3111,435,6,1495.19,0.0,8971.14,10722,0.0
10723,3112,215,2,90.61,0.0,181.22,10723,0.0
10724,3112,316,6,170.92,0.0,1025.52,10724,0.0
10725,3113,45,1,1302.52,0.0,1302.52,10725,0.0
10726,3113,43,4,303.56,0.0,1214.24,10726,0.0
10727,3113,389,3,814.61,0.0,2443.83,10727,0.0
10728,3114,352,7,78.44,0.14,472.21,10728,0.14
10729,3115,289,8,27.05,0.0,216.4,10729,0.0
10730,3116,50,3,1459.68,0.0,4379.04,10730,0.0
10731,3116,86,4,478.07,0.0,1912.28,10731,0.0
10732,3117,116,3,445.59,0.0,1336.77,10732,0.0
10737,3119,70,3,968.84,0.0,2906.52,10737,0.0
10738,3120,251,2,870.5,0.0,1741.0,10738,0.0
10742,3122,218,5,696.56,0.0,3482.8,10742,0.0
10743,3122,186,6,821.21,0.21,3892.54,10743,0.21
10744,3122,241,8,1354.66,0.0,10837.28,10744,0.0
10745,3122,307,5,694.94,0.11,3092.48,10745,0.11
10746,3122,353,8,1163.61,0.0,9308.88,10746,0.0
10747,3122,369,3,806.58,0.0,2419.74,10747,0.0
10748,3123,452,7,595.18,0.0,4166.26,10748,0.0
10749,3123,276,2,1041.1,0.0,2082.2,10749,0.0
10750,3123,335,5,619.56,0.0,3097.8,10750,0.0
10751,3123,192,7,1024.27,0.0,7169.89,10751,0.0
10752,3123,419,8,1064.16,0.0,8513.28,10752,0.0
10753,3124,223,6,772.68,0.0,4636.08,10753,0.0
10754,3124,290,4,127.28,0.0,509.12,10754,0.0
10755,3124,180,5,1461.26,0.0,7306.3,10755,0.0
10756,3124,413,3,810.21,0.32,1652.83,10756,0.32
10757,3125,341,5,1467.9,0.0,7339.5,10757,0.0
10758,3125,146,1,1139.32,0.0,1139.32,10758,0.0
10759,3125,241,7,1052.65,0.0,7368.55,10759,0.0
10760,3125,309,2,252.46,0.0,504.92,10760,0.0
10761,3126,129,1,1152.01,0.0,1152.01,10761,0.0
10762,3126,406,3,405.28,0.0,1215.84,10762,0.0
10763,3127,440,2,724.92,0.0,1449.84,10763,0.0
10764,3128,333,5,96.37,0.0,481.85,10764,0.0
10765,3129,55,4,55.85,0.0,223.4,10765,0.0
10766,3129,139,4,1211.2,0.0,4844.8,10766,0.0
10767,3129,193,6,1157.67,0.0,6946.02,10767,0.0
10768,3129,146,3,741.87,0.0,2225.61,10768,0.0
10769,3129,222,6,643.4,0.0,3860.4,10769,0.0
10770,3129,188,3,442.8,0.0,1328.4,10770,0.0
10771,3130,165,7,1087.87,0.0,7615.09,10771,0.0
10772,3130,283,6,1240.62,0.0,7443.72,10772,0.0
10773,3130,80,8,735.44,0.0,5883.52,10773,0.0
10774,3130,295,4,577.98,0.23,1780.18,10774,0.23
10775,3130,311,5,624.17,0.0,3120.85,10775,0.0
10776,3131,47,8,935.03,0.0,7480.24,10776,0.0
10777,3131,86,2,414.57,0.0,829.14,10777,0.0
10778,3131,51,5,11.46,0.0,57.3,10778,0.0
10779,3131,79,4,1396.64,0.0,5586.56,10779,0.0
10780,3131,16,3,47.7,0.0,143.1,10780,0.0
10781,3131,24,2,47.98,0.0,95.96,10781,0.0
10782,3132,97,2,387.4,0.0,774.8,10782,0.0
10783,3132,498,2,742.39,0.0,1484.78,10783,0.0
10784,3133,127,8,263.49,0.0,2107.92,10784,0.0
10785,3133,488,1,181.26,0.0,181.26,10785,0.0
10786,3133,167,1,332.13,0.0,332.13,10786,0.0
10787,3133,395,2,563.39,0.0,1126.78,10787,0.0
10788,3133,429,3,153.2,0.0,459.6,10788,0.0
10789,3133,474,4,332.67,0.0,1330.68,10789,0.0
10790,3134,1,3,1268.05,0.0,3804.15,10790,0.0
10791,3134,253,2,1450.69,0.17,2408.15,10791,0.17
10792,3134,442,7,762.25,0.0,5335.75,10792,0.0
10793,3134,104,1,207.32,0.0,207.32,10793,0.0
10794,3134,97,4,1435.12,0.0,5740.48,10794,0.0
10795,3135,87,2,802.41,0.0,1604.82,10795,0.0
10796,3135,201,7,688.94,0.0,4822.58,10796,0.0
10797,3135,408,5,968.7,0.0,4843.5,10797,0.0
10798,3135,149,2,1001.02,0.0,2002.04,10798,0.0
10799,3135,375,1,352.7,0.0,352.7,10799,0.0
10800,3135,92,5,1132.4,0.21,4472.98,10800,0.21
10801,3136,182,3,1113.29,0.0,3339.87,10801,0.0
10802,3136,15,5,1290.07,0.06,6063.33,10802,0.06
10803,3136,248,5,1025.94,0.0,5129.7,10803,0.0
10804,3136,478,5,1127.19,0.0,5635.95,10804,0.0
10805,3137,420,5,662.14,0.32,2251.28,10805,0.32
10806,3137,219,4,316.0,0.0,1264.0,10806,0.0
10807,3138,452,3,1089.97,0.29,2321.64,10807,0.29
10808,3138,372,6,724.37,0.0,4346.22,10808,0.0
10809,3138,1,2,966.07,0.0,1932.14,10809,0.0
10810,3138,20,8,846.96,0.0,6775.68,10810,0.0
10811,3138,473,6,1137.23,0.0,6823.38,10811,0.0
10812,3139,88,6,55.97,0.0,335.82,10812,0.0
10813,3139,417,1,1125.93,0.0,1125.93,10813,0.0
10814,3140,72,4,1163.88,0.0,4655.52,10814,0.0
10815,3140,112,2,255.26,0.0,510.52,10815,0.0
10816,3140,113,2,393.74,0.18,645.73,10816,0.18
10817,3140,472,8,1113.27,0.2,7124.93,10817,0.2
10818,3141,225,6,126.15,0.0,756.9,10818,0.0
10819,3141,2,3,150.81,0.0,452.43,10819,0.0
10820,3142,175,8,553.41,0.0,4427.28,10820,0.0
10821,3142,45,8,609.41,0.0,4875.28,10821,0.0
10822,3142,212,8,498.68,0.0,3989.44,10822,0.0
10823,3142,484,3,1274.38,0.0,3823.14,10823,0.0
10824,3142,384,7,1435.62,0.0,10049.34,10824,0.0
10825,3143,381,8,486.46,0.0,3891.68,10825,0.0
10826,3143,366,4,854.96,0.0,3419.84,10826,0.0
10827,3144,419,7,515.33,0.0,3607.31,10827,0.0
10829,3145,12,1,350.5,0.0,350.5,10829,0.0
10830,3145,41,1,749.56,0.0,749.56,10830,0.0
10831,3146,259,3,443.78,0.0,1331.34,10831,0.0
10832,3146,397,8,28.56,0.32,155.37,10832,0.32
10833,3147,231,1,187.63,0.0,187.63,10833,0.0
10834,3147,98,8,49.14,0.0,393.12,10834,0.0
10835,3147,346,7,543.99,0.0,3807.93,10835,0.0
10836,3147,16,6,852.57,0.0,5115.42,10836,0.0
10837,3147,91,1,418.72,0.19,339.16,10837,0.19
10838,3148,355,1,283.95,0.0,283.95,10838,0.0
10839,3148,3,8,1293.45,0.0,10347.6,10839,0.0
10840,3148,347,5,109.89,0.0,549.45,10840,0.0
10842,3150,110,1,1282.99,0.0,1282.99,10842,0.0
10843,3150,268,4,593.48,0.0,2373.92,10843,0.0
10844,3150,255,4,1181.7,0.0,4726.8,10844,0.0
10845,3150,141,5,528.93,0.0,2644.65,10845,0.0
10846,3150,108,8,1465.19,0.0,11721.52,10846,0.0
10847,3151,480,3,723.52,0.0,2170.56,10847,0.0
10848,3152,278,7,686.27,0.0,4803.89,10848,0.0
10849,3152,238,5,270.4,0.0,1352.0,10849,0.0
10850,3152,255,1,1313.36,0.0,1313.36,10850,0.0
10851,3152,421,1,1497.66,0.0,1497.66,10851,0.0
10852,3153,255,4,214.09,0.0,856.36,10852,0.0
10853,3153,26,4,63.36,0.0,253.44,10853,0.0
10854,3154,81,4,1330.34,0.0,5321.36,10854,0.0
10855,3154,107,2,209.42,0.0,418.84,10855,0.0
10856,3154,225,2,599.27,0.0,1198.54,10856,0.0
10857,3155,328,1,593.45,0.0,593.45,10857,0.0
10858,3155,117,5,733.86,0.11,3265.68,10858,0.11
10859,3155,299,4,1351.78,0.0,5407.12,10859,0.0
10860,3155,185,1,1124.38,0.14,966.97,10860,0.14
10861,3155,151,4,1086.99,0.0,4347.96,10861,0.0
10862,3155,452,8,151.77,0.37,764.92,10862,0.37
10863,3156,63,2,903.37,0.0,1806.74,10863,0.0
10864,3156,419,5,34.45,0.0,172.25,10864,0.0
10865,3156,242,1,670.11,0.0,670.11,10865,0.0
10866,3156,455,4,254.76,0.0,1019.04,10866,0.0
10867,3156,67,2,1055.51,0.0,2111.02,10867,0.0
10868,3156,315,8,334.3,0.0,2674.4,10868,0.0
10869,3157,367,1,872.01,0.0,872.01,10869,0.0
10870,3157,450,2,301.13,0.0,602.26,10870,0.0
10871,3157,41,5,339.25,0.0,1696.25,10871,0.0
10872,3157,271,6,976.66,0.0,5859.96,10872,0.0
10873,3157,430,2,481.6,0.0,963.2,10873,0.0
10874,3157,159,7,603.5,0.0,4224.5,10874,0.0
10875,3158,317,5,657.55,0.0,3287.75,10875,0.0
10876,3158,253,1,114.89,0.0,114.89,10876,0.0
10877,3158,256,4,571.76,0.0,2287.04,10877,0.0
10878,3158,98,6,681.92,0.0,4091.52,10878,0.0
10879,3158,457,2,962.02,0.0,1924.04,10879,0.0
10880,3158,226,1,154.22,0.0,154.22,10880,0.0
10881,3159,262,5,436.89,0.0,2184.45,10881,0.0
10882,3159,499,1,306.76,0.0,306.76,10882,0.0
10883,3159,120,1,408.38,0.0,408.38,10883,0.0
10884,3159,53,4,294.11,0.0,1176.44,10884,0.0
10885,3160,169,2,840.86,0.0,1681.72,10885,0.0
10886,3160,405,6,1099.26,0.0,6595.56,10886,0.0
10889,3162,473,6,1139.42,0.37,4307.01,10889,0.37
10890,3162,268,8,601.37,0.0,4810.96,10890,0.0
10891,3162,325,4,820.62,0.0,3282.48,10891,0.0
10892,3162,418,3,1266.56,0.0,3799.68,10892,0.0
10893,3162,92,5,1055.2,0.0,5276.0,10893,0.0
10894,3162,222,4,1032.44,0.0,4129.76,10894,0.0
10895,3163,304,6,689.58,0.0,4137.48,10895,0.0
10896,3164,412,1,565.02,0.4,339.01,10896,0.4
10897,3164,174,8,114.35,0.0,914.8,10897,0.0
10898,3164,498,3,1133.3,0.0,3399.9,10898,0.0
10899,3164,260,2,636.0,0.0,1272.0,10899,0.0
10900,3164,475,6,893.37,0.15,4556.19,10900,0.15
10901,3165,206,5,900.74,0.0,4503.7,10901,0.0
10902,3165,471,1,258.26,0.0,258.26,10902,0.0
10903,3166,69,5,831.76,0.0,4158.8,10903,0.0
10904,3167,400,8,189.75,0.0,1518.0,10904,0.0
10905,3167,243,2,1204.95,0.0,2409.9,10905,0.0
10906,3167,214,7,455.63,0.0,3189.41,10906,0.0
10907,3167,413,4,374.98,0.0,1499.92,10907,0.0
10908,3167,345,4,772.65,0.0,3090.6,10908,0.0
10909,3168,495,4,1079.53,0.0,4318.12,10909,0.0
10910,3168,442,2,1234.88,0.0,2469.76,10910,0.0
10911,3168,292,3,1179.87,0.0,3539.61,10911,0.0
10912,3169,144,4,1138.97,0.0,4555.88,10912,0.0
10913,3169,61,7,731.1,0.0,5117.7,10913,0.0
10914,3169,198,4,203.37,0.0,813.48,10914,0.0
10915,3169,390,5,1203.14,0.0,6015.7,10915,0.0
10916,3170,497,6,634.97,0.0,3809.82,10916,0.0
10917,3170,364,2,114.76,0.0,229.52,10917,0.0
10918,3170,296,4,960.9,0.0,3843.6,10918,0.0
10920,3170,450,4,987.85,0.0,3951.4,10920,0.0
10921,3170,97,1,598.01,0.0,598.01,10921,0.0
10922,3171,390,7,1159.6,0.0,8117.2,10922,0.0
10923,3171,94,3,1019.49,0.34,2018.59,10923,0.34
10924,3171,378,2,957.93,0.0,1915.86,10924,0.0
10925,3171,127,7,427.53,0.0,2992.71,10925,0.0
10926,3171,290,7,475.93,0.0,3331.51,10926,0.0
10927,3171,10,4,1456.15,0.0,5824.6,10927,0.0
10928,3172,423,7,808.31,0.13,4922.61,10928,0.13
10929,3173,427,7,723.03,0.0,5061.21,10929,0.0
10930,3173,377,1,202.72,0.0,202.72,10930,0.0
10931,3174,179,4,1286.91,0.0,5147.64,10931,0.0
10932,3174,379,1,174.93,0.0,174.93,10932,0.0
10933,3174,499,4,1224.03,0.0,4896.12,10933,0.0
10934,3174,50,7,819.25,0.0,5734.75,10934,0.0
10935,3175,478,2,522.84,0.0,1045.68,10935,0.0
10936,3175,123,7,667.86,0.0,4675.02,10936,0.0
10937,3175,398,5,362.58,0.0,1812.9,10937,0.0
10938,3175,189,6,844.0,0.0,5064.0,10938,0.0
10939,3175,488,6,1217.87,0.0,7307.22,10939,0.0
10940,3175,184,7,1118.81,0.0,7831.67,10940,0.0
10941,3176,148,5,1343.41,0.0,6717.05,10941,0.0
10942,3176,409,1,691.58,0.29,491.02,10942,0.29
10943,3177,294,8,399.27,0.0,3194.16,10943,0.0
10944,3177,392,6,803.32,0.0,4819.92,10944,0.0
10945,3177,276,6,367.62,0.0,2205.72,10945,0.0
10946,3178,377,1,1418.59,0.31,978.83,10946,0.31
10947,3178,21,8,1305.46,0.0,10443.68,10947,0.0
10948,3178,343,3,821.19,0.0,2463.57,10948,0.0
10949,3178,363,7,1308.31,0.15,7784.44,10949,0.15
10951,3179,46,2,1309.98,0.12,2305.56,10951,0.12
10952,3179,313,5,114.64,0.0,573.2,10952,0.0
10953,3179,403,8,1308.64,0.0,10469.12,10953,0.0
10954,3179,45,7,1442.04,0.0,10094.28,10954,0.0
10955,3179,72,2,710.85,0.0,1421.7,10955,0.0
10956,3180,223,8,954.0,0.0,7632.0,10956,0.0
10957,3180,92,1,1031.34,0.0,1031.34,10957,0.0
10958,3180,401,4,300.89,0.39,734.17,10958,0.39
10959,3180,461,1,258.25,0.0,258.25,10959,0.0
10960,3180,277,5,351.4,0.0,1757.0,10960,0.0
10961,3180,152,6,596.18,0.26,2647.04,10961,0.26
10962,3181,217,6,531.29,0.1,2868.97,10962,0.1
10963,3181,234,8,1472.4,0.0,11779.2,10963,0.0
10964,3181,295,8,1320.01,0.0,10560.08,10964,0.0
10967,3183,353,1,1484.98,0.0,1484.98,10967,0.0
10968,3183,267,6,761.39,0.0,4568.34,10968,0.0
10969,3183,179,2,657.29,0.0,1314.58,10969,0.0
10971,3185,462,7,1053.86,0.0,7377.02,10971,0.0
10972,3185,437,4,802.4,0.34,2118.34,10972,0.34
10974,3187,82,8,430.51,0.0,3444.08,10974,0.0
10975,3187,404,4,437.4,0.19,1417.18,10975,0.19
10976,3187,275,7,341.63,0.0,2391.41,10976,0.0
10977,3187,68,3,338.44,0.0,1015.32,10977,0.0
10978,3188,83,4,259.72,0.0,1038.88,10978,0.0
10979,3189,479,4,417.59,0.0,1670.36,10979,0.0
10980,3190,489,6,740.36,0.0,4442.16,10980,0.0
10981,3190,238,2,526.78,0.0,1053.56,10981,0.0
10982,3190,414,1,295.06,0.0,295.06,10982,0.0
10983,3190,122,8,957.5,0.0,7660.0,10983,0.0
10985,3190,431,5,121.84,0.0,609.2,10985,0.0
10986,3191,151,6,101.28,0.0,607.68,10986,0.0
10987,3192,441,2,936.94,0.0,1873.88,10987,0.0
10988,3192,356,6,1007.57,0.0,6045.42,10988,0.0
10989,3192,99,3,599.53,0.32,1223.04,10989,0.32
10990,3193,328,8,89.75,0.0,718.0,10990,0.0
10991,3193,12,3,686.56,0.0,2059.68,10991,0.0
10992,3193,164,3,587.59,0.0,1762.77,10992,0.0
10993,3193,457,4,770.73,0.0,3082.92,10993,0.0
10994,3193,218,7,612.45,0.0,4287.15,10994,0.0
10995,3193,103,6,1060.44,0.0,6362.64,10995,0.0
10996,3194,13,4,111.42,0.0,445.68,10996,0.0
10997,3194,370,1,687.43,0.0,687.43,10997,0.0
10998,3194,231,5,189.45,0.0,947.25,10998,0.0
10999,3194,55,4,378.11,0.0,1512.44,10999,0.0
11000,3194,367,5,318.93,0.0,1594.65,11000,0.0
11001,3194,188,8,956.25,0.0,7650.0,11001,0.0
11002,3195,455,4,1058.71,0.14,3641.96,11002,0.14
11003,3195,223,8,166.55,0.0,1332.4,11003,0.0
11004,3195,33,3,712.53,0.0,2137.59,11004,0.0
11005,3195,259,1,530.75,0.0,530.75,11005,0.0
11006,3195,127,8,907.62,0.0,7260.96,11006,0.0
11007,3195,305,4,609.78,0.2,1951.3,11007,0.2
11008,3196,372,8,1278.3,0.0,10226.4,11008,0.0
11009,3196,56,3,93.19,0.0,279.57,11009,0.0
11010,3196,206,3,40.72,0.34,80.63,11010,0.34
11011,3196,433,1,168.08,0.0,168.08,11011,0.0
11012,3196,451,4,1479.89,0.0,5919.56,11012,0.0
11013,3196,103,2,276.66,0.0,553.32,11013,0.0
11020,3198,216,6,1275.38,0.16,6427.92,11020,0.16
11021,3198,163,3,840.95,0.0,2522.85,11021,0.0
11022,3198,17,7,63.63,0.38,276.15,11022,0.38
11023,3198,454,7,1171.7,0.0,8201.9,11023,0.0
11024,3198,2,2,582.59,0.0,1165.18,11024,0.0
11027,3200,376,5,671.88,0.0,3359.4,11027,0.0
11028,3200,186,3,686.71,0.0,2060.13,11028,0.0
11029,3200,275,3,435.96,0.0,1307.88,11029,0.0
11030,3201,199,1,169.32,0.0,169.32,11030,0.0
11031,3201,358,3,570.07,0.0,1710.21,11031,0.0
11032,3202,479,3,1218.03,0.0,3654.09,11032,0.0
11033,3202,243,3,726.26,0.0,2178.78,11033,0.0
11034,3203,221,3,676.37,0.0,2029.11,11034,0.0
11035,3203,7,5,275.72,0.0,1378.6,11035,0.0
11037,3204,136,8,517.85,0.08,3811.38,11037,0.08
11038,3204,110,3,402.47,0.0,1207.41,11038,0.0
11039,3204,246,5,179.04,0.0,895.2,11039,0.0
11040,3204,266,6,247.13,0.0,1482.78,11040,0.0
11041,3204,214,6,724.08,0.0,4344.48,11041,0.0
11042,3205,141,6,283.37,0.0,1700.22,11042,0.0
11043,3205,273,1,38.07,0.0,38.07,11043,0.0
11044,3205,393,3,749.1,0.0,2247.3,11044,0.0
11045,3205,255,3,1395.86,0.31,2889.43,11045,0.31
11046,3205,405,1,1034.15,0.0,1034.15,11046,0.0
11047,3205,308,1,392.66,0.09,357.32,11047,0.09
11048,3206,21,7,1017.93,0.32,4845.35,11048,0.32
11049,3206,446,5,356.66,0.0,1783.3,11049,0.0
11050,3206,327,6,590.45,0.0,3542.7,11050,0.0
11051,3207,111,5,1124.39,0.0,5621.95,11051,0.0
11052,3207,353,6,1273.89,0.0,7643.34,11052,0.0
11053,3207,99,8,101.79,0.0,814.32,11053,0.0
11054,3207,118,5,868.73,0.0,4343.65,11054,0.0
11055,3208,312,3,162.12,0.0,486.36,11055,0.0
11056,3208,211,2,737.62,0.0,1475.24,11056,0.0
11057,3208,134,5,625.01,0.0,3125.05,11057,0.0
11058,3209,427,3,1135.79,0.0,3407.37,11058,0.0
11059,3209,97,6,1204.77,0.0,7228.62,11059,0.0
11060,3210,357,3,942.44,0.0,2827.32,11060,0.0
11061,3211,25,6,696.7,0.0,4180.2,11061,0.0
11062,3212,51,4,1008.88,0.26,2986.28,11062,0.26
11063,3212,48,7,1208.41,0.0,8458.87,11063,0.0
11064,3212,350,1,1228.91,0.0,1228.91,11064,0.0
11065,3213,365,3,1348.65,0.0,4045.95,11065,0.0
11066,3214,12,2,13.75,0.0,27.5,11066,0.0
11067,3215,291,6,948.74,0.0,5692.44,11067,0.0
11068,3215,220,7,200.03,0.0,1400.21,11068,0.0
11069,3215,336,6,101.23,0.0,607.38,11069,0.0
11070,3215,382,1,81.19,0.0,81.19,11070,0.0
11071,3216,115,1,706.63,0.0,706.63,11071,0.0
11072,3216,317,7,740.88,0.0,5186.16,11072,0.0
11073,3216,470,1,20.68,0.0,20.68,11073,0.0
11074,3216,372,8,641.56,0.0,5132.48,11074,0.0
11078,3218,181,1,1032.21,0.0,1032.21,11078,0.0
11079,3218,293,6,738.72,0.0,4432.32,11079,0.0
11080,3218,342,4,1336.18,0.0,5344.72,11080,0.0
11081,3218,274,6,287.02,0.0,1722.12,11081,0.0
11082,3218,382,1,349.52,0.2,279.62,11082,0.2
11083,3219,211,8,1404.44,0.0,11235.52,11083,0.0
11084,3219,141,3,842.57,0.0,2527.71,11084,0.0
11085,3219,239,6,846.02,0.0,5076.12,11085,0.0
11086,3219,260,1,575.95,0.0,575.95,11086,0.0
11087,3220,75,1,587.62,0.0,587.62,11087,0.0
11088,3220,84,3,596.77,0.0,1790.31,11088,0.0
11093,3223,145,2,1461.21,0.0,2922.42,11093,0.0
11094,3223,345,2,26.79,0.0,53.58,11094,0.0
11095,3224,173,7,668.39,0.0,4678.73,11095,0.0
11096,3224,93,1,179.32,0.0,179.32,11096,0.0
11097,3224,163,3,767.53,0.08,2118.38,11097,0.08
11098,3224,345,1,1330.14,0.0,1330.14,11098,0.0
11099,3224,217,3,1219.12,0.0,3657.36,11099,0.0
11100,3225,391,2,1499.83,0.0,2999.66,11100,0.0
11101,3225,285,7,969.3,0.21,5360.23,11101,0.21
11102,3225,212,3,694.47,0.0,2083.41,11102,0.0
11103,3225,12,7,45.04,0.0,315.28,11103,0.0
11104,3225,318,1,1084.05,0.0,1084.05,11104,0.0
11105,3225,441,4,649.55,0.0,2598.2,11105,0.0
11106,3226,78,3,1124.05,0.0,3372.15,11106,0.0
11107,3226,498,8,564.17,0.37,2843.42,11107,0.37
11108,3226,424,8,609.88,0.14,4195.97,11108,0.14
11109,3226,197,8,1442.71,0.0,11541.68,11109,0.0
11110,3226,418,3,510.25,0.0,1530.75,11110,0.0
11111,3227,93,2,544.87,0.0,1089.74,11111,0.0
11112,3227,159,3,1357.01,0.0,4071.03,11112,0.0
11113,3228,326,8,1444.69,0.0,11557.52,11113,0.0
11114,3228,60,3,84.84,0.0,254.52,11114,0.0
11115,3228,452,4,149.39,0.0,597.56,11115,0.0
11116,3228,291,5,275.27,0.0,1376.35,11116,0.0
11117,3228,169,2,520.94,0.0,1041.88,11117,0.0
11118,3229,184,4,1229.76,0.0,4919.04,11118,0.0
11119,3229,398,4,1200.74,0.0,4802.96,11119,0.0
11120,3229,407,2,623.38,0.0,1246.76,11120,0.0
11121,3229,380,6,376.33,0.15,1919.28,11121,0.15
11122,3229,85,5,190.41,0.26,704.52,11122,0.26
11123,3229,372,6,370.5,0.0,2223.0,11123,0.0
11124,3230,11,6,1052.25,0.0,6313.5,11124,0.0
11125,3230,285,6,337.83,0.0,2026.98,11125,0.0
11126,3230,117,2,1437.69,0.3,2012.77,11126,0.3
11127,3230,173,1,188.86,0.0,188.86,11127,0.0
11128,3231,165,2,952.97,0.0,1905.94,11128,0.0
11129,3232,224,4,331.77,0.0,1327.08,11129,0.0
11130,3232,409,7,1063.81,0.0,7446.67,11130,0.0
11131,3232,62,4,1391.57,0.0,5566.28,11131,0.0
11132,3232,165,3,499.32,0.0,1497.96,11132,0.0
11133,3232,169,4,597.0,0.0,2388.0,11133,0.0
11134,3232,389,8,1110.68,0.0,8885.44,11134,0.0
11135,3233,256,7,1024.93,0.0,7174.51,11135,0.0
11138,3235,359,2,157.24,0.0,314.48,11138,0.0
11139,3236,412,2,951.1,0.05,1807.09,11139,0.05
11140,3236,253,1,1230.78,0.25,923.08,11140,0.25
11141,3236,432,4,1273.69,0.0,5094.76,11141,0.0
11142,3237,402,8,1278.56,0.0,10228.48,11142,0.0
11143,3237,266,3,755.41,0.0,2266.23,11143,0.0
11144,3237,28,2,735.75,0.0,1471.5,11144,0.0
11145,3237,186,7,958.49,0.0,6709.43,11145,0.0
11146,3237,51,7,260.31,0.0,1822.17,11146,0.0
11147,3237,321,8,776.28,0.0,6210.24,11147,0.0
11148,3238,214,1,1000.42,0.0,1000.42,11148,0.0
11149,3238,80,5,1022.41,0.0,5112.05,11149,0.0
11150,3239,276,6,210.64,0.0,1263.84,11150,0.0
11151,3239,310,5,203.8,0.0,1019.0,11151,0.0
11152,3239,185,2,1290.08,0.0,2580.16,11152,0.0
11156,3241,219,7,566.54,0.0,3965.78,11156,0.0
11157,3241,16,4,1073.36,0.0,4293.44,11157,0.0
11158,3241,303,4,273.72,0.29,777.36,11158,0.29
11159,3241,472,8,280.09,0.0,2240.72,11159,0.0
11161,3241,416,4,570.27,0.0,2281.08,11161,0.0
11162,3242,138,7,837.04,0.0,5859.28,11162,0.0
11164,3244,219,8,975.54,0.0,7804.32,11164,0.0
11169,3246,466,1,1271.14,0.0,1271.14,11169,0.0
11170,3246,243,2,311.84,0.0,623.68,11170,0.0
11171,3247,424,4,1208.51,0.0,4834.04,11171,0.0
11172,3247,429,1,1115.56,0.0,1115.56,11172,0.0
11173,3247,297,8,1341.59,0.0,10732.72,11173,0.0
11174,3247,76,4,1463.36,0.0,5853.44,11174,0.0
11175,3248,268,5,1120.96,0.0,5604.8,11175,0.0
11176,3248,113,2,608.56,0.0,1217.12,11176,0.0
11177,3249,57,5,1336.72,0.0,6683.6,11177,0.0
11178,3249,335,8,973.31,0.0,7786.48,11178,0.0
11179,3250,130,8,1173.1,0.0,9384.8,11179,0.0
11180,3250,350,8,139.07,0.0,1112.56,11180,0.0
11181,3250,397,3,725.29,0.0,2175.87,11181,0.0
11182,3250,328,8,1303.16,0.0,10425.28,11182,0.0
11183,3250,314,1,195.77,0.0,195.77,11183,0.0
11184,3250,330,3,1407.7,0.0,4223.1,11184,0.0
11185,3251,167,6,904.89,0.0,5429.34,11185,0.0
11186,3251,491,5,720.72,0.0,3603.6,11186,0.0
11187,3251,390,5,1499.78,0.26,5549.19,11187,0.26
11188,3251,339,8,500.27,0.0,4002.16,11188,0.0
11189,3251,410,5,185.07,0.0,925.35,11189,0.0
11190,3252,304,4,829.48,0.0,3317.92,11190,0.0
11191,3252,433,1,338.81,0.0,338.81,11191,0.0
11192,3252,214,3,52.23,0.0,156.69,11192,0.0
11193,3253,392,1,397.7,0.0,397.7,11193,0.0
11194,3253,320,7,1303.23,0.0,9122.61,11194,0.0
11195,3253,485,5,221.14,0.0,1105.7,11195,0.0
11196,3253,146,1,271.12,0.07,252.14,11196,0.07
11197,3253,144,2,725.86,0.0,1451.72,11197,0.0
11198,3254,474,3,194.93,0.0,584.79,11198,0.0
11199,3254,334,8,494.8,0.0,3958.4,11199,0.0
11200,3254,425,2,568.29,0.0,1136.58,11200,0.0
11201,3254,31,7,873.81,0.0,6116.67,11201,0.0
11202,3254,324,6,1186.03,0.08,6546.89,11202,0.08
11203,3254,210,1,1476.29,0.1,1328.66,11203,0.1
11204,3255,51,7,26.25,0.0,183.75,11204,0.0
11205,3255,115,4,1029.22,0.0,4116.88,11205,0.0
11206,3255,318,8,405.82,0.0,3246.56,11206,0.0
11207,3255,193,8,1034.53,0.0,8276.24,11207,0.0
11208,3255,406,7,1343.69,0.39,5737.56,11208,0.39
11209,3256,64,6,232.93,0.0,1397.58,11209,0.0
11210,3256,237,3,901.97,0.0,2705.91,11210,0.0
11211,3256,33,6,1385.34,0.0,8312.04,11211,0.0
11212,3256,315,4,922.11,0.0,3688.44,11212,0.0
11213,3257,130,3,163.23,0.0,489.69,11213,0.0
11214,3257,75,7,541.39,0.0,3789.73,11214,0.0
11215,3257,463,5,1166.55,0.0,5832.75,11215,0.0
11216,3257,172,7,1171.13,0.0,8197.91,11216,0.0
11217,3257,401,8,644.91,0.0,5159.28,11217,0.0
11218,3257,451,4,903.63,0.0,3614.52,11218,0.0
11219,3258,457,7,41.31,0.0,289.17,11219,0.0
11220,3258,213,1,103.62,0.0,103.62,11220,0.0
11221,3259,407,3,78.45,0.0,235.35,11221,0.0
11222,3259,88,1,1379.41,0.16,1158.7,11222,0.16
11223,3259,125,3,818.03,0.31,1693.32,11223,0.31
11224,3260,51,3,371.28,0.0,1113.84,11224,0.0
11225,3260,159,5,1473.38,0.06,6924.89,11225,0.06
11226,3260,471,2,14.82,0.0,29.64,11226,0.0
11227,3261,493,3,193.06,0.0,579.18,11227,0.0
11228,3261,351,8,180.45,0.0,1443.6,11228,0.0
11229,3261,97,1,1080.59,0.0,1080.59,11229,0.0
11230,3261,140,3,1265.02,0.0,3795.06,11230,0.0
11231,3262,111,2,1106.0,0.0,2212.0,11231,0.0
11232,3262,14,3,613.94,0.16,1547.13,11232,0.16
11233,3263,214,4,648.43,0.0,2593.72,11233,0.0
11234,3263,164,7,915.79,0.0,6410.53,11234,0.0
11236,3263,348,2,327.44,0.0,654.88,11236,0.0
11240,3265,350,5,1064.75,0.0,5323.75,11240,0.0
11241,3265,221,4,845.32,0.0,3381.28,11241,0.0
11242,3265,81,5,1152.23,0.0,5761.15,11242,0.0
11243,3265,278,6,389.29,0.23,1798.52,11243,0.23
11244,3265,21,3,445.48,0.31,922.14,11244,0.31
11245,3265,405,4,159.91,0.0,639.64,11245,0.0
11246,3266,206,5,764.13,0.0,3820.65,11246,0.0
11247,3266,31,3,1267.97,0.0,3803.91,11247,0.0
11248,3266,24,8,1146.62,0.0,9172.96,11248,0.0
11249,3267,407,5,244.4,0.0,1222.0,11249,0.0
11250,3268,256,8,881.32,0.0,7050.56,11250,0.0
11251,3268,450,7,193.05,0.0,1351.35,11251,0.0
11252,3268,344,3,242.43,0.0,727.29,11252,0.0
11253,3268,401,7,831.91,0.13,5066.33,11253,0.13
11254,3268,336,8,953.02,0.13,6633.02,11254,0.13
11255,3268,250,6,186.47,0.31,771.99,11255,0.31
11256,3269,94,5,1467.03,0.06,6895.04,11256,0.06
11257,3269,220,5,33.91,0.26,125.47,11257,0.26
11258,3269,99,5,188.69,0.0,943.45,11258,0.0
11260,3269,243,4,216.62,0.23,667.19,11260,0.23
11261,3269,317,7,1294.79,0.18,7432.09,11261,0.18
11262,3270,31,2,843.43,0.0,1686.86,11262,0.0
11263,3270,154,8,81.54,0.0,652.32,11263,0.0
11264,3270,316,1,192.31,0.0,192.31,11264,0.0
11265,3271,402,6,257.27,0.0,1543.62,11265,0.0
11266,3271,35,6,1042.42,0.0,6254.52,11266,0.0
11267,3271,140,5,443.52,0.0,2217.6,11267,0.0
11268,3271,105,4,1096.49,0.0,4385.96,11268,0.0
11269,3271,264,6,755.06,0.0,4530.36,11269,0.0
11270,3272,332,4,27.38,0.0,109.52,11270,0.0
11271,3272,148,6,1336.37,0.0,8018.22,11271,0.0
11272,3272,101,3,46.74,0.0,140.22,11272,0.0
11273,3272,88,1,1434.55,0.0,1434.55,11273,0.0
11274,3273,237,8,1078.25,0.0,8626.0,11274,0.0
11275,3273,130,8,1148.01,0.0,9184.08,11275,0.0
11276,3274,141,6,70.19,0.0,421.14,11276,0.0
11280,3276,469,6,578.3,0.0,3469.8,11280,0.0
11281,3276,152,7,1033.9,0.0,7237.3,11281,0.0
11282,3276,133,7,178.36,0.0,1248.52,11282,0.0
11283,3276,368,1,969.68,0.0,969.68,11283,0.0
11284,3276,314,6,1175.44,0.0,7052.64,11284,0.0
11285,3277,35,7,762.8,0.0,5339.6,11285,0.0
11286,3278,394,5,976.99,0.0,4884.95,11286,0.0
11287,3278,11,8,31.73,0.24,192.92,11287,0.24
11288,3278,392,5,1238.92,0.1,5575.14,11288,0.1
11289,3279,315,7,274.16,0.0,1919.12,11289,0.0
11290,3279,179,8,886.64,0.0,7093.12,11290,0.0
11291,3280,272,3,874.83,0.0,2624.49,11291,0.0
11292,3280,28,3,585.65,0.0,1756.95,11292,0.0
11297,3282,267,5,814.84,0.0,4074.2,11297,0.0
11298,3282,354,7,765.83,0.0,5360.81,11298,0.0
11299,3282,389,1,198.77,0.0,198.77,11299,0.0
11300,3282,349,2,819.42,0.0,1638.84,11300,0.0
11301,3282,202,5,603.24,0.0,3016.2,11301,0.0
11302,3283,176,1,1111.15,0.0,1111.15,11302,0.0
11303,3283,275,6,796.2,0.0,4777.2,11303,0.0
11304,3283,179,7,251.41,0.0,1759.87,11304,0.0
11305,3284,225,5,609.48,0.0,3047.4,11305,0.0
11306,3284,403,2,454.18,0.0,908.36,11306,0.0
11307,3284,100,2,710.8,0.0,1421.6,11307,0.0
11308,3284,348,6,569.94,0.0,3419.64,11308,0.0
11309,3284,7,6,643.93,0.0,3863.58,11309,0.0
11310,3285,413,2,156.74,0.0,313.48,11310,0.0
11311,3285,123,2,244.04,0.0,488.08,11311,0.0
11312,3285,45,1,598.64,0.38,371.16,11312,0.38
11313,3285,291,5,1000.17,0.11,4450.76,11313,0.11
11314,3286,276,4,1311.18,0.0,5244.72,11314,0.0
11315,3286,110,2,639.61,0.0,1279.22,11315,0.0
11316,3287,199,7,981.26,0.0,6868.82,11316,0.0
11317,3287,286,7,632.78,0.0,4429.46,11317,0.0
11318,3287,319,5,211.16,0.0,1055.8,11318,0.0
11319,3287,482,2,214.13,0.0,428.26,11319,0.0
11320,3288,148,3,99.42,0.37,187.9,11320,0.37
11321,3288,150,5,1140.31,0.0,5701.55,11321,0.0
11322,3288,211,7,1053.74,0.31,5089.56,11322,0.31
11323,3288,192,5,622.87,0.0,3114.35,11323,0.0
11324,3288,376,5,602.99,0.0,3014.95,11324,0.0
11325,3288,32,4,914.01,0.0,3656.04,11325,0.0
11326,3289,396,2,1185.92,0.0,2371.84,11326,0.0
11327,3290,408,6,120.84,0.0,725.04,11327,0.0
11328,3290,141,4,276.46,0.0,1105.84,11328,0.0
11329,3290,314,4,411.48,0.0,1645.92,11329,0.0
11330,3290,80,4,1234.21,0.0,4936.84,11330,0.0
11331,3291,333,4,1192.26,0.0,4769.04,11331,0.0
11332,3291,131,2,1250.64,0.0,2501.28,11332,0.0
11333,3291,18,3,960.0,0.0,2880.0,11333,0.0
11334,3291,404,3,1138.88,0.0,3416.64,11334,0.0
11335,3291,102,3,243.33,0.0,729.99,11335,0.0
11336,3291,318,8,1320.07,0.0,10560.56,11336,0.0
11337,3292,163,6,134.9,0.23,623.24,11337,0.23
11338,3292,206,5,274.15,0.0,1370.75,11338,0.0
11339,3292,468,7,476.75,0.38,2069.09,11339,0.38
11346,3294,287,6,185.19,0.0,1111.14,11346,0.0
11347,3294,261,7,1404.74,0.0,9833.18,11347,0.0
11348,3294,138,7,15.37,0.0,107.59,11348,0.0
11349,3294,203,1,909.01,0.0,909.01,11349,0.0
11350,3294,460,1,902.68,0.0,902.68,11350,0.0
11351,3294,145,5,192.13,0.34,634.03,11351,0.34
11352,3295,489,6,784.04,0.0,4704.24,11352,0.0
11353,3295,307,6,1013.74,0.0,6082.44,11353,0.0
11354,3295,179,4,1286.13,0.0,5144.52,11354,0.0
11355,3295,67,3,866.63,0.0,2599.89,11355,0.0
11356,3296,368,8,437.26,0.0,3498.08,11356,0.0
11357,3296,211,5,1084.99,0.0,5424.95,11357,0.0
11358,3296,276,4,72.78,0.0,291.12,11358,0.0
11359,3296,30,3,849.29,0.25,1910.9,11359,0.25
11366,3298,340,4,33.51,0.0,134.04,11366,0.0
11367,3298,140,3,443.9,0.0,1331.7,11367,0.0
11368,3298,279,3,1166.07,0.0,3498.21,11368,0.0
11369,3298,73,5,160.71,0.0,803.55,11369,0.0
11370,3298,223,2,299.86,0.0,599.72,11370,0.0
11371,3299,287,5,1049.92,0.0,5249.6,11371,0.0
11372,3299,427,8,383.33,0.0,3066.64,11372,0.0
11373,3299,207,6,27.32,0.0,163.92,11373,0.0
11374,3299,202,2,243.38,0.16,408.88,11374,0.16
11375,3300,36,5,1271.71,0.0,6358.55,11375,0.0
11376,3300,374,4,28.23,0.0,112.92,11376,0.0
11377,3300,190,1,168.91,0.0,168.91,11377,0.0
11378,3300,170,3,1027.4,0.0,3082.2,11378,0.0
11379,3300,175,5,231.88,0.38,718.83,11379,0.38
11380,3300,369,7,924.39,0.0,6470.73,11380,0.0
11381,3301,247,7,1038.15,0.0,7267.05,11381,0.0
11382,3301,120,8,1118.15,0.0,8945.2,11382,0.0
11384,3301,225,3,124.94,0.0,374.82,11384,0.0
11385,3301,65,7,1444.32,0.0,10110.24,11385,0.0
11386,3301,440,2,707.43,0.0,1414.86,11386,0.0
11387,3302,245,2,1369.37,0.0,2738.74,11387,0.0
11388,3302,191,4,250.24,0.0,1000.96,11388,0.0
11389,3302,267,7,853.3,0.0,5973.1,11389,0.0
11390,3302,126,8,654.5,0.0,5236.0,11390,0.0
11391,3303,453,4,129.29,0.0,517.16,11391,0.0
11392,3303,192,7,1390.93,0.0,9736.51,11392,0.0
11393,3303,427,7,68.52,0.0,479.64,11393,0.0
11394,3303,215,4,1098.16,0.0,4392.64,11394,0.0
11395,3303,461,5,1311.78,0.0,6558.9,11395,0.0
11396,3303,255,3,972.65,0.0,2917.95,11396,0.0
11397,3304,56,4,685.8,0.0,2743.2,11397,0.0
11398,3304,484,1,138.92,0.38,86.13,11398,0.38
11399,3304,83,1,566.41,0.0,566.41,11399,0.0
11400,3304,422,2,162.1,0.0,324.2,11400,0.0
11401,3304,289,5,178.69,0.0,893.45,11401,0.0
11402,3304,264,4,1217.51,0.0,4870.04,11402,0.0
11403,3305,280,2,690.89,0.0,1381.78,11403,0.0
11404,3305,217,4,33.46,0.0,133.84,11404,0.0
11405,3305,394,6,67.64,0.0,405.84,11405,0.0
11406,3306,311,4,491.06,0.0,1964.24,11406,0.0
11407,3306,406,5,593.6,0.14,2552.48,11407,0.14
11408,3307,290,7,1141.6,0.0,7991.2,11408,0.0
11409,3307,175,6,713.29,0.0,4279.74,11409,0.0
11410,3307,63,6,219.31,0.0,1315.86,11410,0.0
11411,3307,398,5,1364.1,0.0,6820.5,11411,0.0
11412,3308,315,7,512.23,0.0,3585.61,11412,0.0
11413,3308,132,4,1414.46,0.0,5657.84,11413,0.0
11416,3310,342,2,948.3,0.0,1896.6,11416,0.0
11417,3311,99,2,491.55,0.0,983.1,11417,0.0
11418,3311,221,2,264.55,0.0,529.1,11418,0.0
11419,3311,63,6,664.57,0.0,3987.42,11419,0.0
11420,3311,379,8,1058.0,0.0,8464.0,11420,0.0
11421,3311,437,3,740.19,0.0,2220.57,11421,0.0
11422,3311,315,7,539.02,0.0,3773.14,11422,0.0
11423,3312,126,8,1363.79,0.0,10910.32,11423,0.0
11424,3313,427,3,227.03,0.0,681.09,11424,0.0
11426,3313,94,6,541.89,0.0,3251.34,11426,0.0
11427,3313,50,5,1469.22,0.0,7346.1,11427,0.0
11428,3313,119,4,924.08,0.0,3696.32,11428,0.0
11429,3313,170,6,1201.89,0.0,7211.34,11429,0.0
11430,3314,488,4,939.87,0.0,3759.48,11430,0.0
11431,3314,250,4,592.72,0.0,2370.88,11431,0.0
11432,3314,99,5,13.74,0.0,68.7,11432,0.0
11433,3314,318,7,766.34,0.0,5364.38,11433,0.0
11434,3314,63,5,459.52,0.09,2090.82,11434,0.09
11435,3315,101,8,613.01,0.0,4904.08,11435,0.0
11436,3316,500,5,1211.96,0.0,6059.8,11436,0.0
11437,3317,433,6,1456.96,0.0,8741.76,11437,0.0
11438,3317,468,1,132.51,0.0,132.51,11438,0.0
11439,3317,213,2,691.22,0.0,1382.44,11439,0.0
11440,3318,388,1,1306.5,0.0,1306.5,11440,0.0
11441,3318,300,7,12.39,0.17,71.99,11441,0.17
11442,3318,313,4,944.84,0.0,3779.36,11442,0.0
11443,3318,105,5,860.53,0.0,4302.65,11443,0.0
11444,3319,98,6,355.95,0.0,2135.7,11444,0.0
11445,3319,88,5,319.25,0.0,1596.25,11445,0.0
11446,3319,241,6,1349.65,0.0,8097.9,11446,0.0
11447,3319,212,2,512.6,0.0,1025.2,11447,0.0
11448,3319,12,5,862.66,0.0,4313.3,11448,0.0
11449,3319,84,5,169.82,0.0,849.1,11449,0.0
11450,3320,180,5,899.22,0.0,4496.1,11450,0.0
11451,3320,32,7,1304.09,0.0,9128.63,11451,0.0
11452,3320,370,8,536.26,0.0,4290.08,11452,0.0
11453,3320,496,7,551.63,0.0,3861.41,11453,0.0
11454,3320,160,5,592.84,0.0,2964.2,11454,0.0
11455,3321,195,2,418.28,0.0,836.56,11455,0.0
11456,3321,479,3,1274.31,0.0,3822.93,11456,0.0
11457,3321,182,5,659.0,0.0,3295.0,11457,0.0
11458,3321,426,3,1336.26,0.29,2846.23,11458,0.29
11459,3321,279,7,59.15,0.0,414.05,11459,0.0
11460,3322,315,7,736.24,0.0,5153.68,11460,0.0
11461,3322,180,8,1078.16,0.0,8625.28,11461,0.0
11462,3322,360,6,1079.08,0.08,5956.52,11462,0.08
11463,3322,349,3,1092.37,0.0,3277.11,11463,0.0
11464,3322,447,2,993.04,0.15,1688.17,11464,0.15
11465,3322,297,1,1356.91,0.0,1356.91,11465,0.0
11466,3323,202,5,479.94,0.18,1967.75,11466,0.18
11467,3323,191,5,174.93,0.0,874.65,11467,0.0
11468,3323,384,4,1398.37,0.0,5593.48,11468,0.0
11469,3323,212,4,737.44,0.25,2212.32,11469,0.25
11470,3323,496,6,711.4,0.0,4268.4,11470,0.0
11471,3324,54,2,530.06,0.0,1060.12,11471,0.0
11472,3324,386,8,1087.7,0.05,8266.52,11472,0.05
11473,3324,455,2,485.02,0.0,970.04,11473,0.0
11478,3326,2,4,164.21,0.0,656.84,11478,0.0
11479,3326,132,5,224.38,0.0,1121.9,11479,0.0
11480,3327,328,3,504.49,0.0,1513.47,11480,0.0
11481,3327,294,4,1321.73,0.0,5286.92,11481,0.0
11482,3327,351,4,884.09,0.0,3536.36,11482,0.0
11483,3328,174,7,990.05,0.12,6098.71,11483,0.12
11484,3328,490,7,492.31,0.33,2308.93,11484,0.33
11485,3328,6,3,577.96,0.0,1733.88,11485,0.0
11486,3329,21,2,53.32,0.0,106.64,11486,0.0
11487,3330,486,8,1003.32,0.0,8026.56,11487,0.0
11488,3330,157,2,68.57,0.0,137.14,11488,0.0
11490,3331,28,7,585.41,0.27,2991.45,11490,0.27
11491,3331,393,7,808.03,0.0,5656.21,11491,0.0
11492,3332,189,5,65.62,0.0,328.1,11492,0.0
11493,3332,278,2,323.32,0.0,646.64,11493,0.0
11494,3332,480,4,936.41,0.0,3745.64,11494,0.0
11495,3333,85,5,568.42,0.0,2842.1,11495,0.0
11496,3333,208,8,79.2,0.36,405.5,11496,0.36
11497,3333,431,2,1258.42,0.0,2516.84,11497,0.0
11498,3333,482,1,648.95,0.0,648.95,11498,0.0
11499,3334,194,8,315.48,0.0,2523.84,11499,0.0
11500,3334,464,5,226.71,0.0,1133.55,11500,0.0
11501,3334,464,8,72.46,0.0,579.68,11501,0.0
11502,3334,202,5,1273.23,0.0,6366.15,11502,0.0
11508,3336,227,1,137.51,0.31,94.88,11508,0.31
11509,3336,313,2,1016.38,0.0,2032.76,11509,0.0
11510,3336,334,4,392.17,0.0,1568.68,11510,0.0
11511,3337,89,7,413.31,0.0,2893.17,11511,0.0
11512,3337,225,8,1110.23,0.0,8881.84,11512,0.0
11513,3337,37,5,1480.07,0.0,7400.35,11513,0.0
11514,3337,127,5,1440.86,0.0,7204.3,11514,0.0
11515,3337,378,8,25.55,0.0,204.4,11515,0.0
11516,3337,307,2,1321.99,0.0,2643.98,11516,0.0
11517,3338,116,7,1353.24,0.0,9472.68,11517,0.0
11518,3338,172,6,527.74,0.0,3166.44,11518,0.0
11519,3338,64,4,363.7,0.0,1454.8,11519,0.0
11520,3338,135,6,999.47,0.0,5996.82,11520,0.0
11521,3338,336,8,580.3,0.0,4642.4,11521,0.0
11522,3338,110,6,1297.1,0.0,7782.6,11522,0.0
11523,3339,270,3,782.4,0.39,1431.79,11523,0.39
11524,3339,189,4,1339.68,0.0,5358.72,11524,0.0
11525,3339,340,2,1211.27,0.0,2422.54,11525,0.0
11526,3340,472,2,123.9,0.39,151.16,11526,0.39
11527,3340,113,1,1197.16,0.0,1197.16,11527,0.0
11528,3340,327,3,1448.66,0.0,4345.98,11528,0.0
11529,3340,172,8,530.8,0.0,4246.4,11529,0.0
11530,3341,233,4,411.12,0.0,1644.48,11530,0.0
11531,3342,224,1,984.8,0.0,984.8,11531,0.0
11532,3343,427,1,1264.62,0.0,1264.62,11532,0.0
11533,3343,294,3,615.89,0.0,1847.67,11533,0.0
11534,3343,71,1,408.65,0.0,408.65,11534,0.0
11535,3343,308,5,1032.14,0.0,5160.7,11535,0.0
11536,3343,178,8,1098.27,0.0,8786.16,11536,0.0
11537,3343,307,6,606.77,0.0,3640.62,11537,0.0
11540,3345,498,2,49.15,0.0,98.3,11540,0.0
11541,3345,234,7,140.12,0.0,980.84,11541,0.0
11542,3345,171,8,713.19,0.0,5705.52,11542,0.0
11543,3345,349,2,123.28,0.0,246.56,11543,0.0
11544,3346,393,4,1449.38,0.17,4811.94,11544,0.17
11545,3346,155,2,56.51,0.0,113.02,11545,0.0
11546,3346,100,8,433.0,0.0,3464.0,11546,0.0
11547,3346,56,7,961.39,0.0,6729.73,11547,0.0
11548,3347,36,1,784.77,0.34,517.95,11548,0.34
11549,3347,129,1,1343.45,0.0,1343.45,11549,0.0
11550,3347,330,6,1063.47,0.0,6380.82,11550,0.0
11551,3348,423,6,1488.45,0.0,8930.7,11551,0.0
11552,3348,139,8,683.68,0.0,5469.44,11552,0.0
11553,3348,291,7,1421.09,0.16,8356.01,11553,0.16
11554,3348,51,5,185.31,0.0,926.55,11554,0.0
11559,3350,397,7,1200.6,0.0,8404.2,11559,0.0
11560,3351,476,7,167.75,0.0,1174.25,11560,0.0
11561,3351,495,8,474.93,0.0,3799.44,11561,0.0
11562,3351,57,1,1065.88,0.07,991.27,11562,0.07
11563,3351,51,8,402.54,0.0,3220.32,11563,0.0
11564,3351,420,4,951.13,0.07,3538.2,11564,0.07
11565,3352,142,5,990.28,0.0,4951.4,11565,0.0
11566,3352,438,2,1338.74,0.0,2677.48,11566,0.0
11567,3352,300,3,1198.73,0.0,3596.19,11567,0.0
11568,3352,179,5,1411.9,0.0,7059.5,11568,0.0
11569,3353,123,4,727.16,0.0,2908.64,11569,0.0
11570,3353,173,1,778.53,0.07,724.03,11570,0.07
11571,3354,411,4,99.91,0.0,399.64,11571,0.0
11573,3354,281,3,1096.86,0.0,3290.58,11573,0.0
11574,3354,368,1,1270.65,0.0,1270.65,11574,0.0
11575,3354,465,4,1353.89,0.0,5415.56,11575,0.0
11576,3354,127,3,39.77,0.0,119.31,11576,0.0
11577,3355,267,3,1379.4,0.0,4138.2,11577,0.0
11578,3355,298,7,959.99,0.0,6719.93,11578,0.0
11579,3355,176,5,357.56,0.0,1787.8,11579,0.0
11580,3356,391,5,676.76,0.0,3383.8,11580,0.0
11581,3357,94,8,426.92,0.0,3415.36,11581,0.0
11582,3358,107,4,25.94,0.0,103.76,11582,0.0
11583,3359,447,6,1089.7,0.0,6538.2,11583,0.0
11584,3359,442,1,987.9,0.0,987.9,11584,0.0
11585,3359,213,2,426.49,0.08,784.74,11585,0.08
11586,3359,302,4,1434.4,0.0,5737.6,11586,0.0
11589,3361,93,6,386.96,0.0,2321.76,11589,0.0
11590,3361,92,8,897.15,0.0,7177.2,11590,0.0
11591,3361,48,4,761.45,0.0,3045.8,11591,0.0
11594,3363,50,1,638.02,0.0,638.02,11594,0.0
11595,3363,237,1,222.47,0.28,160.18,11595,0.28
11596,3364,56,1,1080.1,0.0,1080.1,11596,0.0
11597,3364,325,4,241.24,0.0,964.96,11597,0.0
11598,3365,96,3,345.43,0.0,1036.29,11598,0.0
11599,3365,240,2,1247.07,0.0,2494.14,11599,0.0
11600,3365,209,4,500.1,0.0,2000.4,11600,0.0
11601,3366,97,1,382.79,0.0,382.79,11601,0.0
11602,3366,455,8,692.3,0.0,5538.4,11602,0.0
11603,3366,135,3,170.82,0.0,512.46,11603,0.0
11605,3366,332,4,1171.0,0.0,4684.0,11605,0.0
11606,3366,429,6,1075.08,0.0,6450.48,11606,0.0
11607,3367,182,3,645.96,0.0,1937.88,11607,0.0
11608,3367,374,6,384.01,0.0,2304.06,11608,0.0
11609,3367,308,6,460.55,0.28,1989.58,11609,0.28
11610,3367,147,8,1398.95,0.0,11191.6,11610,0.0
11611,3368,500,4,825.35,0.0,3301.4,11611,0.0
11612,3368,269,6,892.13,0.33,3586.36,11612,0.33
11613,3368,261,5,1020.55,0.0,5102.75,11613,0.0
11614,3368,448,7,1285.19,0.0,8996.33,11614,0.0
11616,3369,399,4,226.44,0.0,905.76,11616,0.0
11617,3369,88,5,794.35,0.0,3971.75,11617,0.0
11618,3369,141,7,5.55,0.0,38.85,11618,0.0
11619,3369,346,1,252.58,0.0,252.58,11619,0.0
11620,3370,91,5,665.36,0.0,3326.8,11620,0.0
11621,3370,263,4,433.89,0.0,1735.56,11621,0.0
11622,3370,223,7,949.27,0.0,6644.89,11622,0.0
11623,3370,277,1,618.99,0.0,618.99,11623,0.0
11624,3371,469,4,987.13,0.0,3948.52,11624,0.0
11625,3371,345,6,445.55,0.0,2673.3,11625,0.0
11626,3371,14,1,1354.29,0.0,1354.29,11626,0.0
11627,3372,128,8,108.7,0.0,869.6,11627,0.0
11628,3372,176,4,695.55,0.0,2782.2,11628,0.0
11629,3372,339,1,1090.42,0.0,1090.42,11629,0.0
11630,3373,50,1,1181.82,0.37,744.55,11630,0.37
11631,3373,203,6,1283.11,0.28,5543.04,11631,0.28
11633,3374,125,4,1330.82,0.0,5323.28,11633,0.0
11634,3374,126,8,582.29,0.0,4658.32,11634,0.0
11635,3374,11,5,639.32,0.0,3196.6,11635,0.0
11636,3374,438,7,793.59,0.0,5555.13,11636,0.0
11643,3377,237,6,119.92,0.18,590.01,11643,0.18
11644,3377,416,2,250.33,0.13,435.57,11644,0.13
11645,3377,283,1,1497.31,0.22,1167.9,11645,0.22
11646,3377,401,1,121.13,0.26,89.64,11646,0.26
11651,3379,382,4,1024.94,0.0,4099.76,11651,0.0
11652,3379,150,5,535.89,0.0,2679.45,11652,0.0
11653,3379,355,3,246.85,0.0,740.55,11653,0.0
11654,3379,376,1,888.79,0.0,888.79,11654,0.0
11655,3380,112,3,327.22,0.0,981.66,11655,0.0
11656,3380,329,7,1215.79,0.2,6808.42,11656,0.2
11657,3380,42,2,752.01,0.24,1143.06,11657,0.24
11658,3380,303,3,1308.65,0.0,3925.95,11658,0.0
11659,3380,52,2,1034.84,0.0,2069.68,11659,0.0
11660,3380,174,4,1068.69,0.0,4274.76,11660,0.0
11661,3381,236,8,1076.17,0.0,8609.36,11661,0.0
11662,3381,212,4,1412.9,0.0,5651.6,11662,0.0
11663,3381,111,5,390.55,0.0,1952.75,11663,0.0
11664,3382,470,1,765.77,0.0,765.77,11664,0.0
11665,3382,31,4,757.71,0.0,3030.84,11665,0.0
11666,3382,418,7,330.8,0.35,1505.14,11666,0.35
11667,3382,95,8,1338.2,0.0,10705.6,11667,0.0
11668,3382,281,3,1285.33,0.0,3855.99,11668,0.0
11669,3383,277,1,1380.23,0.0,1380.23,11669,0.0
11670,3383,154,4,121.57,0.18,398.75,11670,0.18
11671,3384,400,2,356.48,0.0,712.96,11671,0.0
11672,3385,448,6,497.7,0.0,2986.2,11672,0.0
11673,3385,278,4,197.95,0.27,578.01,11673,0.27
11674,3386,244,4,201.89,0.39,492.61,11674,0.39
11675,3386,126,8,379.93,0.0,3039.44,11675,0.0
11680,3388,337,6,1398.91,0.0,8393.46,11680,0.0
11681,3388,369,8,376.75,0.0,3014.0,11681,0.0
11682,3388,408,6,281.64,0.0,1689.84,11682,0.0
11683,3388,186,7,1091.56,0.0,7640.92,11683,0.0
11684,3389,100,4,785.16,0.0,3140.64,11684,0.0
11685,3389,152,5,21.34,0.0,106.7,11685,0.0
11686,3390,342,2,715.66,0.0,1431.32,11686,0.0
11687,3390,257,5,1373.97,0.0,6869.85,11687,0.0
11688,3390,111,4,1056.83,0.0,4227.32,11688,0.0
11689,3390,286,2,1182.53,0.0,2365.06,11689,0.0
11690,3390,50,5,83.75,0.0,418.75,11690,0.0
11691,3390,240,6,1491.03,0.0,8946.18,11691,0.0
11692,3391,428,1,511.69,0.0,511.69,11692,0.0
11693,3391,414,2,456.52,0.0,913.04,11693,0.0
11694,3391,116,8,361.54,0.0,2892.32,11694,0.0
11695,3391,225,5,536.24,0.0,2681.2,11695,0.0
11696,3391,497,8,110.39,0.0,883.12,11696,0.0
11697,3391,261,5,1066.46,0.0,5332.3,11697,0.0
11698,3392,170,6,30.45,0.0,182.7,11698,0.0
11699,3392,9,2,1359.03,0.19,2201.63,11699,0.19
11700,3392,12,2,1359.13,0.0,2718.26,11700,0.0
11701,3392,127,5,1133.87,0.0,5669.35,11701,0.0
11702,3392,12,4,1455.92,0.0,5823.68,11702,0.0
11703,3392,486,1,849.26,0.0,849.26,11703,0.0
11704,3393,475,7,758.75,0.0,5311.25,11704,0.0
11705,3393,15,3,276.39,0.0,829.17,11705,0.0
11706,3393,199,4,552.24,0.0,2208.96,11706,0.0
11707,3394,455,3,1292.57,0.34,2559.29,11707,0.34
11708,3394,129,6,222.08,0.0,1332.48,11708,0.0
11709,3394,395,7,969.77,0.0,6788.39,11709,0.0
11710,3394,58,1,1499.03,0.24,1139.26,11710,0.24
11711,3394,481,2,113.29,0.28,163.14,11711,0.28
11712,3394,138,6,1124.07,0.0,6744.42,11712,0.0
11713,3395,39,2,618.94,0.0,1237.88,11713,0.0
11714,3396,241,1,544.25,0.0,544.25,11714,0.0
11715,3397,47,6,625.98,0.0,3755.88,11715,0.0
11717,3399,29,3,427.68,0.0,1283.04,11717,0.0
11718,3399,294,2,366.81,0.0,733.62,11718,0.0
11719,3399,231,4,1139.91,0.0,4559.64,11719,0.0
11720,3399,464,5,1091.92,0.0,5459.6,11720,0.0
11721,3399,387,2,880.39,0.0,1760.78,11721,0.0
11722,3399,127,5,970.67,0.0,4853.35,11722,0.0
11723,3400,2,4,184.17,0.0,736.68,11723,0.0
11724,3400,479,4,596.47,0.0,2385.88,11724,0.0
11725,3400,86,7,707.83,0.0,4954.81,11725,0.0
11726,3401,464,2,1218.57,0.39,1486.66,11726,0.39
11727,3401,397,6,1355.55,0.29,5774.64,11727,0.29
11728,3402,139,6,1087.93,0.29,4634.58,11728,0.29
11729,3402,414,8,679.24,0.0,5433.92,11729,0.0
11730,3402,355,4,520.15,0.0,2080.6,11730,0.0
11731,3402,35,6,812.33,0.0,4873.98,11731,0.0
11732,3402,161,4,1330.82,0.0,5323.28,11732,0.0
11733,3402,221,4,773.74,0.0,3094.96,11733,0.0
11734,3403,207,6,1454.53,0.0,8727.18,11734,0.0
11735,3404,454,3,213.27,0.32,435.07,11735,0.32
11736,3404,314,6,505.7,0.39,1850.86,11736,0.39
11737,3404,67,3,793.84,0.0,2381.52,11737,0.0
11738,3404,130,2,138.27,0.0,276.54,11738,0.0
11739,3404,487,5,1472.73,0.37,4639.1,11739,0.37
11740,3405,11,4,1289.89,0.0,5159.56,11740,0.0
11741,3405,187,2,1450.84,0.0,2901.68,11741,0.0
11742,3405,306,7,1287.65,0.0,9013.55,11742,0.0
11743,3405,95,2,1065.93,0.0,2131.86,11743,0.0
11744,3406,69,7,504.86,0.0,3534.02,11744,0.0
11745,3406,169,3,1348.63,0.27,2953.5,11745,0.27
11746,3406,114,4,575.95,0.0,2303.8,11746,0.0
11747,3406,281,2,1491.26,0.0,2982.52,11747,0.0
11749,3407,348,6,1191.3,0.0,7147.8,11749,0.0
11750,3407,116,7,129.68,0.0,907.76,11750,0.0
11751,3407,66,5,1286.11,0.0,6430.55,11751,0.0
11752,3407,62,7,1046.8,0.0,7327.6,11752,0.0
11753,3407,233,6,240.72,0.0,1444.32,11753,0.0
11754,3407,155,4,171.54,0.0,686.16,11754,0.0
11755,3408,253,8,417.57,0.0,3340.56,11755,0.0
11756,3408,140,2,1094.35,0.0,2188.7,11756,0.0
11757,3409,422,1,869.39,0.0,869.39,11757,0.0
11758,3409,66,1,310.04,0.0,310.04,11758,0.0
11759,3409,164,8,319.82,0.0,2558.56,11759,0.0
11760,3409,345,7,840.04,0.0,5880.28,11760,0.0
11761,3410,128,1,815.21,0.0,815.21,11761,0.0
11762,3410,36,7,222.41,0.0,1556.87,11762,0.0
11763,3410,362,1,296.2,0.0,296.2,11763,0.0
11764,3410,253,6,445.44,0.0,2672.64,11764,0.0
11765,3411,121,5,1351.06,0.0,6755.3,11765,0.0
11766,3411,183,7,407.94,0.0,2855.58,11766,0.0
11767,3412,314,5,529.88,0.0,2649.4,11767,0.0
11768,3412,283,1,124.09,0.0,124.09,11768,0.0
11769,3412,76,5,219.03,0.31,755.65,11769,0.31
11770,3412,91,4,270.41,0.0,1081.64,11770,0.0
11771,3413,332,6,743.27,0.0,4459.62,11771,0.0
11772,3413,478,4,898.08,0.0,3592.32,11772,0.0
11773,3413,112,5,932.83,0.05,4430.94,11773,0.05
11774,3413,441,2,464.92,0.0,929.84,11774,0.0
11775,3413,62,8,1281.64,0.0,10253.12,11775,0.0
11776,3414,360,1,1453.28,0.0,1453.28,11776,0.0
11777,3414,236,6,1099.71,0.0,6598.26,11777,0.0
11778,3414,230,6,1373.82,0.08,7583.49,11778,0.08
11779,3414,459,4,1463.92,0.0,5855.68,11779,0.0
11780,3414,253,1,249.45,0.0,249.45,11780,0.0
11781,3414,134,3,472.66,0.0,1417.98,11781,0.0
11782,3415,460,1,1346.42,0.17,1117.53,11782,0.17
11783,3415,327,5,559.65,0.0,2798.25,11783,0.0
11784,3415,389,8,698.57,0.0,5588.56,11784,0.0
11785,3415,497,6,787.82,0.0,4726.92,11785,0.0
11786,3415,483,7,642.32,0.38,2787.67,11786,0.38
11787,3415,216,2,212.63,0.0,425.26,11787,0.0
11788,3416,495,7,247.15,0.0,1730.05,11788,0.0
11789,3416,187,2,1187.12,0.0,2374.24,11789,0.0
11790,3416,297,3,434.83,0.0,1304.49,11790,0.0
11791,3416,466,6,638.7,0.25,2874.15,11791,0.25
11796,3418,311,8,292.17,0.0,2337.36,11796,0.0
11797,3419,194,7,37.41,0.0,261.87,11797,0.0
11798,3419,9,3,1449.4,0.0,4348.2,11798,0.0
11799,3419,106,6,364.83,0.0,2188.98,11799,0.0
11806,3421,389,7,53.58,0.0,375.06,11806,0.0
11807,3421,159,3,682.59,0.0,2047.77,11807,0.0
11808,3421,421,5,718.84,0.0,3594.2,11808,0.0
11809,3421,427,7,811.95,0.0,5683.65,11809,0.0
11810,3421,341,7,769.08,0.35,3499.31,11810,0.35
11811,3422,76,4,761.61,0.0,3046.44,11811,0.0
11812,3422,373,6,360.63,0.0,2163.78,11812,0.0
11813,3422,361,5,174.04,0.36,556.93,11813,0.36
11814,3423,407,5,487.85,0.0,2439.25,11814,0.0
11815,3423,425,2,64.36,0.0,128.72,11815,0.0
11816,3423,171,1,432.18,0.0,432.18,11816,0.0
11817,3423,254,8,406.83,0.0,3254.64,11817,0.0
11818,3423,39,6,1154.66,0.0,6927.96,11818,0.0
11819,3423,243,4,983.57,0.0,3934.28,11819,0.0
11820,3424,208,3,317.7,0.0,953.1,11820,0.0
11821,3424,165,7,1389.56,0.0,9726.92,11821,0.0
11822,3424,435,6,1424.61,0.0,8547.66,11822,0.0
11823,3424,237,1,651.06,0.0,651.06,11823,0.0
11824,3424,38,2,1083.7,0.0,2167.4,11824,0.0
11825,3424,216,4,1028.34,0.0,4113.36,11825,0.0
11827,3426,422,4,1017.58,0.0,4070.32,11827,0.0
11828,3426,81,2,397.95,0.0,795.9,11828,0.0
11830,3426,412,8,62.23,0.0,497.84,11830,0.0
11831,3426,84,5,955.96,0.0,4779.8,11831,0.0
11832,3427,428,5,1166.34,0.0,5831.7,11832,0.0
11833,3427,394,3,452.23,0.0,1356.69,11833,0.0
11834,3427,6,1,1080.16,0.0,1080.16,11834,0.0
11835,3427,274,1,88.39,0.0,88.39,11835,0.0
11836,3427,263,6,1426.82,0.0,8560.92,11836,0.0
11837,3428,384,5,775.54,0.0,3877.7,11837,0.0
11838,3428,355,6,1099.72,0.0,6598.32,11838,0.0
11839,3428,167,2,121.06,0.11,215.49,11839,0.11
11840,3428,291,6,1129.3,0.3,4743.06,11840,0.3
11841,3429,77,3,904.06,0.0,2712.18,11841,0.0
11842,3429,359,1,229.12,0.0,229.12,11842,0.0
11843,3429,304,4,997.82,0.0,3991.28,11843,0.0
11844,3429,158,4,203.4,0.0,813.6,11844,0.0
11845,3429,88,6,945.32,0.0,5671.92,11845,0.0
11846,3430,145,6,667.97,0.0,4007.82,11846,0.0
11847,3431,271,2,527.34,0.0,1054.68,11847,0.0
11848,3432,118,5,143.64,0.0,718.2,11848,0.0
11849,3432,405,8,1086.62,0.0,8692.96,11849,0.0
11850,3432,418,6,1335.97,0.0,8015.82,11850,0.0
11851,3432,224,1,450.45,0.0,450.45,11851,0.0
11852,3432,220,3,1298.23,0.0,3894.69,11852,0.0
11853,3432,128,1,695.7,0.0,695.7,11853,0.0
11854,3433,117,7,160.67,0.24,854.76,11854,0.24
11855,3433,225,6,1069.33,0.25,4811.98,11855,0.25
11856,3433,86,8,1180.56,0.0,9444.48,11856,0.0
11861,3435,279,5,216.12,0.0,1080.6,11861,0.0
11862,3435,8,2,133.26,0.0,266.52,11862,0.0
11863,3435,496,2,462.57,0.0,925.14,11863,0.0
11864,3435,194,7,10.53,0.0,73.71,11864,0.0
11865,3435,95,6,1041.82,0.0,6250.92,11865,0.0
11866,3436,422,7,392.16,0.0,2745.12,11866,0.0
11867,3437,275,8,204.14,0.0,1633.12,11867,0.0
11869,3438,342,2,1268.21,0.23,1953.04,11869,0.23
11870,3438,469,3,961.98,0.0,2885.94,11870,0.0
11871,3438,231,7,1226.0,0.0,8582.0,11871,0.0
11872,3438,490,4,1336.55,0.0,5346.2,11872,0.0
11873,3438,472,1,1194.18,0.0,1194.18,11873,0.0
11874,3439,335,1,952.89,0.0,952.89,11874,0.0
11875,3439,358,8,903.07,0.15,6140.88,11875,0.15
11877,3441,15,8,873.96,0.0,6991.68,11877,0.0
11878,3441,60,4,349.87,0.0,1399.48,11878,0.0
11879,3442,493,2,430.12,0.0,860.24,11879,0.0
11880,3442,245,1,1425.61,0.0,1425.61,11880,0.0
11881,3442,44,4,364.36,0.35,947.34,11881,0.35
11882,3442,253,7,1463.76,0.0,10246.32,11882,0.0
11883,3443,50,1,259.14,0.0,259.14,11883,0.0
11884,3444,195,6,1173.07,0.0,7038.42,11884,0.0
11885,3444,462,5,894.69,0.0,4473.45,11885,0.0
11886,3444,91,1,461.14,0.0,461.14,11886,0.0
11887,3444,235,6,1366.36,0.0,8198.16,11887,0.0
11892,3446,390,6,1448.68,0.0,8692.08,11892,0.0
11893,3446,423,1,1189.06,0.0,1189.06,11893,0.0
11894,3446,43,7,1345.69,0.0,9419.83,11894,0.0
11895,3447,269,2,412.24,0.0,824.48,11895,0.0
11896,3448,398,2,220.58,0.0,441.16,11896,0.0
11897,3448,227,5,478.0,0.0,2390.0,11897,0.0
11898,3449,147,3,941.31,0.0,2823.93,11898,0.0
11899,3449,425,4,1475.7,0.29,4190.99,11899,0.29
11900,3450,190,4,1130.78,0.0,4523.12,11900,0.0
11901,3450,33,3,1244.55,0.0,3733.65,11901,0.0
11902,3450,498,6,295.61,0.0,1773.66,11902,0.0
11903,3450,7,7,1221.26,0.2,6839.06,11903,0.2
11904,3450,246,4,1288.7,0.34,3402.17,11904,0.34
11908,3452,484,4,313.03,0.0,1252.12,11908,0.0
11909,3452,100,7,841.0,0.0,5887.0,11909,0.0
11910,3452,211,4,467.95,0.0,1871.8,11910,0.0
11911,3452,49,5,821.63,0.0,4108.15,11911,0.0
11912,3452,299,4,428.61,0.0,1714.44,11912,0.0
11913,3453,318,4,907.63,0.0,3630.52,11913,0.0
11914,3453,394,6,1124.19,0.0,6745.14,11914,0.0
11915,3453,227,8,779.55,0.0,6236.4,11915,0.0
11920,3455,371,5,1437.7,0.0,7188.5,11920,0.0
11921,3455,95,2,617.68,0.0,1235.36,11921,0.0
11922,3456,140,8,319.31,0.0,2554.48,11922,0.0
11923,3456,481,4,1048.94,0.0,4195.76,11923,0.0
11924,3456,78,1,983.7,0.14,845.98,11924,0.14
11925,3456,355,4,1225.84,0.0,4903.36,11925,0.0
11926,3456,25,8,633.55,0.0,5068.4,11926,0.0
11927,3457,178,2,647.24,0.0,1294.48,11927,0.0
11928,3457,475,2,1250.81,0.0,2501.62,11928,0.0
11929,3457,69,7,1041.92,0.0,7293.44,11929,0.0
11930,3457,193,8,816.89,0.0,6535.12,11930,0.0
11931,3457,179,2,945.06,0.0,1890.12,11931,0.0
11932,3457,188,2,1058.56,0.0,2117.12,11932,0.0
11933,3458,10,4,1315.04,0.0,5260.16,11933,0.0
11934,3458,192,6,1434.54,0.0,8607.24,11934,0.0
11935,3458,236,7,496.38,0.0,3474.66,11935,0.0
11936,3458,455,6,112.33,0.0,673.98,11936,0.0
11937,3459,110,2,1079.05,0.0,2158.1,11937,0.0
11938,3459,232,4,526.84,0.0,2107.36,11938,0.0
11939,3459,490,3,471.71,0.0,1415.13,11939,0.0
11940,3459,65,3,200.87,0.0,602.61,11940,0.0
11941,3460,51,8,507.7,0.0,4061.6,11941,0.0
11942,3460,378,8,613.06,0.0,4904.48,11942,0.0
11943,3460,358,5,1238.65,0.0,6193.25,11943,0.0
11944,3460,489,7,47.38,0.0,331.66,11944,0.0
11945,3460,280,2,558.17,0.0,1116.34,11945,0.0
11946,3460,309,7,7.62,0.0,53.34,11946,0.0
11947,3461,405,2,941.13,0.0,1882.26,11947,0.0
11948,3461,338,8,836.57,0.0,6692.56,11948,0.0
11949,3461,446,1,457.17,0.0,457.17,11949,0.0
11950,3462,55,3,238.92,0.0,716.76,11950,0.0
11951,3463,11,8,487.62,0.0,3900.96,11951,0.0
11952,3463,386,6,1183.81,0.0,7102.86,11952,0.0
11953,3464,345,1,1474.8,0.0,1474.8,11953,0.0
11954,3464,174,6,1302.1,0.0,7812.6,11954,0.0
11955,3464,251,3,1186.05,0.0,3558.15,11955,0.0
11956,3464,357,1,685.48,0.28,493.55,11956,0.28
11957,3464,53,8,1149.85,0.0,9198.8,11957,0.0
11958,3465,1,2,1398.14,0.0,2796.28,11958,0.0
11959,3465,403,6,1385.35,0.0,8312.1,11959,0.0
11960,3465,144,5,1291.93,0.19,5232.32,11960,0.19
11961,3465,363,6,1292.3,0.17,6435.65,11961,0.17
11962,3466,31,6,1064.98,0.0,6389.88,11962,0.0
11963,3466,500,3,1107.12,0.0,3321.36,11963,0.0
11964,3466,256,6,833.3,0.0,4999.8,11964,0.0
11965,3466,217,1,1226.56,0.0,1226.56,11965,0.0
11966,3467,384,8,1062.82,0.16,7142.15,11966,0.16
11970,3469,140,4,626.23,0.0,2504.92,11970,0.0
11971,3470,225,2,258.15,0.0,516.3,11971,0.0
11972,3470,117,1,174.94,0.0,174.94,11972,0.0
11973,3470,80,7,247.95,0.0,1735.65,11973,0.0
11974,3470,87,2,1350.54,0.0,2701.08,11974,0.0
11975,3471,80,3,1030.95,0.0,3092.85,11975,0.0
11976,3471,239,3,567.46,0.0,1702.38,11976,0.0
11977,3471,149,8,1094.62,0.0,8756.96,11977,0.0
11978,3471,498,7,554.82,0.0,3883.74,11978,0.0
11979,3472,149,4,1318.93,0.0,5275.72,11979,0.0
11980,3473,320,8,719.72,0.0,5757.76,11980,0.0
11981,3474,247,6,1479.17,0.0,8875.02,11981,0.0
11982,3474,34,8,592.53,0.0,4740.24,11982,0.0
11983,3474,262,6,182.23,0.15,929.37,11983,0.15
11984,3474,96,8,409.93,0.4,1967.66,11984,0.4
11985,3474,210,1,642.99,0.0,642.99,11985,0.0
11986,3475,364,3,1437.37,0.0,4312.11,11986,0.0
11987,3475,210,1,221.18,0.0,221.18,11987,0.0
11988,3475,85,4,140.91,0.0,563.64,11988,0.0
11989,3476,291,2,648.18,0.0,1296.36,11989,0.0
11990,3476,196,3,1096.75,0.0,3290.25,11990,0.0
11991,3476,396,7,726.85,0.0,5087.95,11991,0.0
11992,3476,72,8,722.68,0.0,5781.44,11992,0.0
11998,3478,83,6,282.17,0.0,1693.02,11998,0.0
11999,3478,92,1,1081.2,0.0,1081.2,11999,0.0
12000,3478,421,4,335.98,0.0,1343.92,12000,0.0
