order_id,customer_id,order_date,status,payment_method,shipping_region
1,399.0,2023-04-16,CANCELLED,cash_on_delivery,   Asia Pacific   
2,376.0,2022-11-24,DELIVERED,paypal,South America
3,391.0,2024-11-12,CANCELLED,,Africa
4,,2023-04-07,PENDING,bank_transfer,South America
5,69.0,2024-07-08,SHIPPED,debit_card,Middle East
6,296.0,2023-11-12,RETURNED,cash_on_delivery,Asia Pacific
7,792.0,2024-11-28,teneveryone,credit_card,South America
8,192.0,2024-03-02,REFUNDED,debit_card,Europe
9,404.0,2024-07-15,REFUNDED,debit_card,Asia Pacific
10,474.0,2022-08-11,PROCESSING,debit_card,Africa
11,,2025-11-27,PROCESSING,credit_card,Middle East
12,478.0,2025-04-27,RETURNED,gift_card,Europe
13,418.0,2024-10-03,CANCELLED,debit_card,Asia Pacific
14,619.0,2024-03-20,PENDING,bank_transfer,Europe
15,769.0,2025-09-22,SHIPPED,debit_card,Middle East
16,233.0,2023-05-25,RETURNED,bank_transfer,Asia Pacific
17,252.0,2026-05-12,DELIVERED,debit_card,North America
18,80.0,2022-09-08,PENDING,cash_on_delivery,Middle East
19,199.0,2025-03-29,PENDING,paypal,
20,25.0,02-04-2026,RETURNED,bank_transfer,Middle East
21,449.0,2024-02-26,CANCELLED,bank_transfer,mIDDLE eAST
22,387.0,2025-11-27,RETURNED,paypal,Asia Pacific
23,394.0,2025-03-30,RETURNED,paypal,
24,156.0,2023-08-15,PROCESSING,bank_transfer,Europe
25,495.0,2022-11-16,fullset,credit_card,South America
26,,2025-05-28,DELIVERED,paypal,Europe
27,540.0,2024-11-24,CANCELLED,debit_card,Africa
28,23.0,2026-02-02,RETURNED,bank_transfer,Europe
29,308.0,2024-04-02,SHIPPED,paypal,South America
30,101.0,2023-05-31,REFUNDED,gift_card,Europe
31,493.0,2024-11-01,DELIVERED,gift_card,Europe
32,32.0,2025-07-06,PENDING,paypal,North America
33,416.0,2024-09-20,DELIVERED,bank_transfer,Europe
34,85.0,2025-11-11,REFUNDED,credit_card,   Africa   
35,156.0,2024-12-13,DELIVERED,,South America
36,586.0,2023-04-06,REFUNDED,CREDIT_CARD,Europe
37,401.0,19-Mar-2025,CANCELLED,bank_transfer,Middle East
38,621.0,2023-10-23,REFUNDED,paypal,Africa
39,712.0,24-Dec-2023,DELIVERED,bank_transfer,Europe
40,241.0,2024-05-07,SHIPPED,paypal,South America
41,152.0,2025-05-01,PROCESSING,credit_card,South America
42,494.0,2023-12-23,PENDING,bank_transfer,Africa
43,485.0,2023-01-28,RETURNED,,South America
44,510.0,2023-01-06,PENDING,bank_transfer,Asia Pacific
45,433.0,2024-10-30,REFUNDED,gift_card,Middle East
46,499.0,2022-10-17,reasonaudience,paypal,South America
47,40.0,2026-02-27,CANCELLED,credit_card,Africa
48,207.0,2026-10-06,CANCELLED,debit_card,Africa
49,605.0,2023-02-27,RETURNED,cash_on_delivery,South America
50,552.0,2023-05-14,RETURNED,   bank_transfer   ,Asia Pacific
51,624.0,2026-04-27,REFUNDED,cash_on_delivery,Europe
52,875.0,2022-09-27,PROCESSING,paypal,North America
53,810.0,2023-06-19,PENDING,paypal,Middle East
54,314.0,2023-01-23,PENDING,cash_on_delivery,Asia Pacific
55,399.0,2024-09-01,PROCESSING,cash_on_delivery,South America
56,,2022-09-28,darkbit,credit_card,Africa
57,209.0,2025-01-13,PROCESSING,gift_card,North America
58,160.0,2025-05-02,SHIPPED,credit_card,North America
59,117.0,2026-03-01,PENDING,bank_transfer,Middle East
60,86.0,2024-04-04,REFUNDED,paypal,Europe
61,636.0,2025-05-28,REFUNDED,credit_card,South America
62,776.0,2024-09-09,PROCESSING,gift_card,Europe
63,218.0,2024-11-03,REFUNDED,debit_card,Africa
64,673.0,2025-04-05,CANCELLED,bank_transfer,Asia Pacific
65,18.0,03-08-2025,RETURNED,gift_card,Africa
66,99.0,2025-02-12,RETURNED,cash_on_delivery,North America
67,640.0,2023-09-11,DELIVERED,credit_card,Africa
68,681.0,25-10-2022,SHIPPED,debit_card,Asia Pacific
69,77.0,2024-03-01,SHIPPED,bank_transfer,Europe
70,,2023-07-18,PENDING,cash_on_delivery,North America
71,591.0,2025-03-08,PENDING,debit_card,North America
72,82.0,2025-08-29,SHIPPED,gift_card,Middle East
73,771.0,2022-11-28,CANCELLED,credit_card,Asia Pacific
74,,2022-08-30,SHIPPED,credit_card,ASIA PACIFIC
75,,2026-07-25,DELIVERED,credit_card,South America
76,,2026-07-10,CANCELLED,gift_card,Africa
77,280.0,2023-06-30,REFUNDED,cash_on_delivery,South America
78,541.0,2025-05-24,PROCESSING,paypal,Asia Pacific
79,128.0,2024-09-11,DELIVERED,gift_card,Africa
80,132.0,2026-07-22,PENDING,cash_on_delivery,Africa
81,48.0,2026-05-23,RETURNED,gift_card,Asia Pacific
82,713.0,22-02-2026,PROCESSING,credit_card,Europe
83,421.0,2022-12-12,PROCESSING,bank_transfer,Africa
84,682.0,2024-08-06,RETURNED,gift_card,Asia Pacific
85,62.0,2026-03-06,DELIVERED,gift_card,Europe
86,15.0,2025-04-28,PENDING,bank_transfer,Middle East
87,283.0,2022-11-12,DELIVERED,bank_transfer,Europe
88,394.0,2024-02-21,PROCESSING,debit_card,Middle East
89,279.0,2024-12-23,PROCESSING,gift_card,Europe
90,259.0,2025-10-07,PENDING,debit_card,Africa
91,509.0,2026-08-06,REFUNDED,CASH_ON_DELIVERY,Europe
92,314.0,24-05-2026,REFUNDED,gift_card,Europe
93,579.0,2024-05-17,SHIPPED,cash_on_delivery,Asia Pacific
94,778.0,2026-02-06,PROCESSING,debit_card,Asia Pacific
95,421.0,2025-08-14,homestudy,credit_card,Asia Pacific
96,139.0,2022-11-08,RETURNED,debit_card,South America
97,659.0,2026-02-09,PENDING,cash_on_delivery,South America
98,765.0,2025-03-25,PROCESSING,gift_card,sOUTH aMERICA
99,502.0,2023-09-26,CANCELLED,debit_card,Europe
100,358.0,2024-11-08,CANCELLED,paypal,Middle East
101,198.0,2022-10-12,PENDING,debit_card,South America
102,63.0,2025-09-23,RETURNED,gift_card,Middle East
103,,2022-11-27,PENDING,paypal,Asia Pacific
104,36.0,2026-02-26,PENDING,cash_on_delivery,Asia Pacific
105,717.0,2023-11-25,REFUNDED,debit_card,Middle East
106,600.0,2022-12-09,RETURNED,paypal,South America
107,626.0,2023-07-11,CANCELLED,bank_transfer,Europe
108,792.0,2024-10-24,RETURNED,cash_on_delivery,North America
109,547.0,2023-01-07,PENDING,credit_card,Asia Pacific
110,238.0,2023-01-14,CANCELLED,debit_card,North America
111,538.0,2025-09-09,CANCELLED,cash_on_delivery,Europe
112,,2023-08-03,PROCESSING,debit_card,North America
113,779.0,2024-11-12,CANCELLED,paypal,Africa
114,25.0,30-03-2024,REFUNDED,   gift_card   ,Africa
115,450.0,2023-05-31,CANCELLED,cash_on_delivery,North America
116,689.0,2023-06-26,RETURNED,credit_card,Middle East
117,685.0,2024-11-04,REFUNDED,cash_on_delivery,Europe
118,44.0,2025-05-26,REFUNDED,paypal,North America
119,354.0,31-08-2023,DELIVERED,gift_card,Europe
120,153.0,2025-01-11,SHIPPED,paypal,Europe
121,43.0,2025-04-07,PENDING,cash_on_delivery,Africa
122,633.0,2023-05-14,DELIVERED,paypal,North America
123,67.0,2024-12-24,REFUNDED,credit_card,North America
124,542.0,2025-10-16,REFUNDED,GIFT_CARD,Europe
125,529.0,2024-12-24,RETURNED,debit_card,South America
126,410.0,2024-05-15,PENDING,cash_on_delivery,Africa
127,,2025-10-12,CANCELLED,debit_card,Africa
128,797.0,2023-01-20,RETURNED,paypal,North America
129,383.0,2025-11-12,SHIPPED,paypal,North America
130,301.0,2025-04-28,REFUNDED,debit_card,
131,544.0,2025-01-21,DELIVERED,cash_on_delivery,North America
132,283.0,2024-02-17,RETURNED,paypal,South America
133,655.0,2025-06-22,REFUNDED,credit_card,Europe
134,264.0,2024-07-22,PROCESSING,cash_on_delivery,Africa
135,615.0,2025-08-05,RETURNED,bank_transfer,Africa
136,647.0,2025-06-08,PENDING,gift_card,South America
137,741.0,2024-06-03,RETURNED,credit_card,Middle East
138,513.0,2026-05-12,DELIVERED,bank_transfer,Africa
139,31.0,2025-12-23,bodycompare,cash_on_delivery,Asia Pacific
140,653.0,2023/05/17,PROCESSING,gift_card,Africa
141,0.0,2024-12-11,CANCELLED,debit_card,Middle East
142,,2024-04-24,PROCESSING,gift_card,Europe
143,601.0,2024-10-02,SHIPPED,debit_card,Asia Pacific
144,76.0,2024-01-16,REFUNDED,debit_card,Europe
145,302.0,2025-05-27,PENDING,debit_card,Asia Pacific
146,505.0,2023-04-12,PENDING,bank_transfer,aFRICA
147,198.0,2024-11-16,PENDING,credit_card,South America
148,859.0,2025-02-26,DELIVERED,credit_card,Africa
149,441.0,2024-06-28,PROCESSING,cash_on_delivery,Asia Pacific
150,147.0,2026-07-30,DELIVERED,cash_on_delivery,Middle East
151,6.0,2024-02-08,SHIPPED,cash_on_delivery,South America
152,140.0,2026-06-11,PROCESSING,,Europe
153,621.0,2023-12-12,PENDING,credit_card,Middle East
154,0.0,2024-12-11,PENDING,paypal,South America
155,587.0,2023-12-27,CANCELLED,bank_transfer,Africa
156,780.0,2026-03-14,CANCELLED,bank_transfer,Middle East
157,,2024-03-09,CANCELLED,paypal,   Europe   
158,195.0,2024-05-11,SHIPPED,credit_card,South America
159,57.0,2025-11-09,PROCESSING,bank_transfer,North America
160,32.0,2025-04-19,DELIVERED,gift_card,Africa
161,687.0,2024-06-08,CANCELLED,gift_card,Europe
162,292.0,2026-02-13,CANCELLED,credit_card,Asia Pacific
163,31.0,2025-09-10,PENDING,cash_on_delivery,South America
164,564.0,2023-12-25,REFUNDED,bank_transfer,Europe
165,101.0,2025-03-12,PENDING,gift_card,South America
166,258.0,2023-08-18,REFUNDED,debit_card,Asia Pacific
167,42.0,2024-12-31,PROCESSING,credit_card,South America
168,,2024-03-14,offerdifficult,credit_card,North America
169,627.0,2025-11-11,REFUNDED,paypal,
170,75.0,2024-12-11,CANCELLED,gift_card,Asia Pacific
171,658.0,2026-07-18,PROCESSING,bank_transfer,North America
172,614.0,2025-10-09,PROCESSING,paypal,North America
173,134.0,2023-09-08,DELIVERED,cash_on_delivery,North America
174,394.0,2024-02-20,PENDING,credit_card,Middle East
175,270.0,12-Jul-2024,CANCELLED,credit_card,South America
176,176.0,2024-07-05,PROCESSING,debit_card,Asia Pacific
177,169.0,2024-04-17,CANCELLED,gift_card,Middle East
178,686.0,2022-08-10,DELIVERED,paypal,Asia Pacific
179,559.0,2025-09-11,SHIPPED,paypal,MIDDLE EAST
180,45.0,2022-10-02,REFUNDED,credit_card,Europe
181,548.0,2023-10-25,PROCESSING,credit_card,Asia Pacific
182,812.0,2025-02-20,DELIVERED,bank_transfer,Middle East
183,176.0,2022-09-04,PROCESSING,cash_on_delivery,Africa
184,238.0,2024-10-22,REFUNDED,cash_on_delivery,North America
185,587.0,2023-03-07,PROCESSING,bank_transfer,North America
186,122.0,2026-05-24,RETURNED,bank_transfer,North America
187,16.0,2023-11-21,DELIVERED,paypal,Asia Pacific
188,691.0,2022-08-20,PENDING,debit_card,Asia Pacific
189,108.0,2023-11-19,RETURNED,gift_card,Middle East
190,143.0,2023-07-20,PENDING,paypal,Asia Pacific
191,639.0,2023-07-09,PENDING,cash_on_delivery,Middle East
192,620.0,2026-03-31,PROCESSING,gift_card,Africa
193,299.0,2023-12-12,DELIVERED,gift_card,Middle East
194,,2022-09-12,RETURNED,bank_transfer,Middle East
195,184.0,2025-11-20,REFUNDED,debit_card,Asia Pacific
196,0.0,2026-02-06,DELIVERED,paypal,North America
197,505.0,2025-07-16,PENDING,bank_transfer,Middle East
198,328.0,2026-02-07,DELIVERED,cash_on_delivery,Asia Pacific
199,0.0,2023-10-12,PENDING,gift_card,South America
200,746.0,2026-08-23,RETURNED,cash_on_delivery,Asia Pacific
201,765.0,2024-12-17,PENDING,paypal,Europe
202,627.0,2024-10-12,CANCELLED,paypal,South America
203,228.0,2024-12-21,PROCESSING,debit_card,Middle East
204,192.0,2025-01-12,SHIPPED,cash_on_delivery,Africa
205,176.0,2026-07-18,DELIVERED,bank_transfer,South America
206,,2025-01-13,PROCESSING,credit_card,Asia Pacific
207,573.0,2023-04-07,PENDING,   paypal   ,Asia Pacific
208,123.0,2023-01-03,SHIPPED,gift_card,Middle East
209,891.0,2022-10-07,REFUNDED,paypal,Europe
210,465.0,2024-07-25,PENDING,credit_card,Europe
211,488.0,2024-02-13,PROCESSING,gift_card,Middle East
212,273.0,2023-04-09,REFUNDED,debit_card,Africa
213,631.0,13-03-2023,SHIPPED,cash_on_delivery,North America
214,490.0,2023-09-25,CANCELLED,credit_card,South America
215,141.0,2024-03-02,CANCELLED,paypal,Asia Pacific
216,552.0,2026-05-22,SHIPPED,bank_transfer,South America
217,555.0,2025-01-30,RETURNED,gift_card,Middle East
218,183.0,2023-09-02,SHIPPED,cash_on_delivery,Middle East
219,7.0,2023-08-06,PENDING,CREDIT_CARD,Europe
220,119.0,2023-09-12,CANCELLED,paypal,North America
221,569.0,2026-01-20,SHIPPED,gift_card,North America
222,734.0,2023-11-19,SHIPPED,bank_transfer,Africa
223,300.0,2022-12-30,PROCESSING,gift_card,   Africa   
224,72.0,2025-01-12,CANCELLED,cash_on_delivery,South America
225,205.0,2024-04-22,REFUNDED,cash_on_delivery,   Africa   
226,426.0,2025-01-10,PENDING,paypal,South America
227,724.0,2026-07-05,DELIVERED,credit_card,South America
228,643.0,2023-07-13,SHIPPED,paypal,Asia Pacific
229,795.0,2025-09-23,CANCELLED,gift_card,Asia Pacific
230,736.0,2022-12-07,CANCELLED,bank_transfer,Africa
231,223.0,2025-09-07,PENDING,cash_on_delivery,South America
232,630.0,2023-12-27,PENDING,debit_card,South America
233,311.0,2025-12-23,RETURNED,debit_card,South America
234,554.0,2024-08-28,PROCESSING,debit_card,Europe
235,225.0,2023-05-05,PENDING,debit_card,Europe
236,794.0,2024-09-06,PENDING,bank_transfer,Africa
237,857.0,2026-02-12,DELIVERED,credit_card,Europe
238,503.0,2026-06-06,CANCELLED,gift_card,Europe
239,0.0,2025-07-16,CANCELLED,credit_card,Europe
240,898.0,2025-08-05,REFUNDED,cash_on_delivery,Africa
241,710.0,2025-01-21,CANCELLED,gift_card,Europe
242,769.0,2026-02-03,SHIPPED,credit_card,Europe
243,588.0,2026-06-19,PROCESSING,paypal,North America
244,96.0,2023-01-05,REFUNDED,credit_card,Africa
245,,2025-02-19,REFUNDED,paypal,Europe
246,591.0,2025-05-03,RETURNED,bank_transfer,North America
247,649.0,2023-11-19,CANCELLED,debit_card,North America
248,771.0,2022-10-07,PENDING,gift_card,North America
249,186.0,2025-09-18,RETURNED,credit_card,
250,,2026-01-16,SHIPPED,cash_on_delivery,sOUTH aMERICA
251,682.0,21-01-2025,DELIVERED,paypal,North America
252,700.0,2024-03-24,REFUNDED,bank_transfer,South America
253,294.0,2022-11-04,barstate,bank_transfer,Middle East
254,68.0,2026-07-12,REFUNDED,gift_card,North America
255,598.0,2025-11-19,PROCESSING,bank_transfer,North America
256,335.0,2024-01-11,DELIVERED,cash_on_delivery,Europe
257,27.0,2024-02-11,PROCESSING,debit_card,North America
258,171.0,2026-05-07,SHIPPED,cash_on_delivery,Asia Pacific
259,289.0,30-01-2026,PENDING,cash_on_delivery,North America
260,8.0,2024-06-14,SHIPPED,debit_card,
261,787.0,2024-05-18,PENDING,gift_card,Asia Pacific
262,357.0,2026-07-25,SHIPPED,paypal,South America
263,445.0,2026-04-19,SHIPPED,credit_card,Middle East
264,423.0,13-02-2023,PENDING,cash_on_delivery,Asia Pacific
265,813.0,2026-04-22,REFUNDED,gift_card,Asia Pacific
266,475.0,2025-11-18,CANCELLED,credit_card,North America
267,49.0,2023-07-28,PENDING,paypal,Middle East
268,26.0,2025-10-14,DELIVERED,credit_card,South America
269,260.0,2025-05-20,REFUNDED,,North America
270,,2026-03-21,RETURNED,paypal,Asia Pacific
271,717.0,2025-03-02,PROCESSING,,Europe
272,815.0,2026-07-22,DELIVERED,credit_card,Asia Pacific
273,,2022-08-27,PENDING,cash_on_delivery,Middle East
274,588.0,2025-04-20,RETURNED,credit_card,Africa
275,39.0,2025-11-29,PENDING,cash_on_delivery,Middle East
276,67.0,2025-04-18,DELIVERED,debit_card,Asia Pacific
277,392.0,2024-03-26,REFUNDED,credit_card,Asia Pacific
278,781.0,2022-11-02,PENDING,paypal,South America
279,626.0,2023-11-26,CANCELLED,bank_transfer,North America
280,27.0,2024-11-01,SHIPPED,debit_card,Middle East
281,677.0,2022-10-12,CANCELLED,gift_card,Africa
282,86.0,2023-12-19,RETURNED,debit_card,Africa
283,151.0,2024-11-25,CANCELLED,credit_card,Asia Pacific
284,678.0,2025-01-03,RETURNED,CASH_ON_DELIVERY,North America
285,463.0,2023-03-30,DELIVERED,paypal,Africa
286,553.0,2023-12-30,CANCELLED,debit_card,North America
287,185.0,2024-09-28,PENDING,debit_card,North America
288,512.0,2025-07-28,DELIVERED,gift_card,Europe
289,771.0,2023-07-18,CANCELLED,bank_transfer,Africa
290,731.0,2023-04-04,DELIVERED,credit_card,North America
291,255.0,2022-10-27,DELIVERED,debit_card,Africa
292,798.0,2025-06-21,RETURNED,bank_transfer,Africa
293,719.0,2025-09-19,DELIVERED,gift_card,Middle East
294,840.0,2024-04-11,CANCELLED,debit_card,North America
295,779.0,2024-07-02,SHIPPED,debit_card,Asia Pacific
296,228.0,2025-10-22,CANCELLED,paypal,Middle East
297,492.0,2025-02-19,PROCESSING,debit_card,Middle East
298,116.0,2025-01-28,CANCELLED,cash_on_delivery,Africa
299,210.0,2024-10-02,RETURNED,gift_card,South America
300,872.0,2023-01-20,RETURNED,cash_on_delivery,Europe
301,310.0,2023-07-20,RETURNED,bank_transfer,North America
302,29.0,2024-06-10,DELIVERED,cash_on_delivery,North America
303,130.0,2023-11-03,RETURNED,gift_card,Middle East
304,411.0,2025-12-13,CANCELLED,bank_transfer,South America
305,232.0,2024-04-13,PENDING,paypal,Asia Pacific
306,,2023-03-27,SHIPPED,gift_card,Asia Pacific
307,93.0,2023-03-03,CANCELLED,paypal,Europe
308,696.0,2024-01-14,REFUNDED,debit_card,Africa
309,861.0,2022-12-16,SHIPPED,credit_card,Africa
310,432.0,2024-08-18,REFUNDED,paypal,Africa
311,498.0,2025-01-13,PENDING,CREDIT_CARD,Africa
312,301.0,2025-10-10,REFUNDED,bank_transfer,Africa
313,,2022-10-25,REFUNDED,credit_card,Asia Pacific
314,502.0,2024-12-08,PENDING,bank_transfer,North America
315,519.0,2024-04-21,REFUNDED,,Europe
316,429.0,2023-09-21,DELIVERED,paypal,North America
317,712.0,2022-12-20,RETURNED,gift_card,South America
318,490.0,2024-04-20,PROCESSING,gift_card,Europe
319,103.0,27-09-2024,REFUNDED,credit_card,Middle East
320,779.0,2024-06-14,SHIPPED,   cash_on_delivery   ,Middle East
321,178.0,2025-11-24,DELIVERED,cash_on_delivery,Europe
322,736.0,2025-07-29,REFUNDED,bank_transfer,South America
323,,2023-02-28,DELIVERED,paypal,Asia Pacific
324,50.0,2025-11-05,DELIVERED,bank_transfer,Africa
325,,2023-03-07,SHIPPED,debit_card,Europe
326,669.0,26-Aug-2024,REFUNDED,paypal,Asia Pacific
327,199.0,2024-12-25,PROCESSING,debit_card,Asia Pacific
328,636.0,2023-06-13,CANCELLED,gift_card,North America
329,695.0,2024-09-05,REFUNDED,gift_card,SOUTH AMERICA
330,363.0,2024-04-15,CANCELLED,   gift_card   ,North America
331,200.0,2025-05-19,DELIVERED,credit_card,South America
332,236.0,2025-01-13,CANCELLED,PAYPAL,Africa
333,518.0,2023-06-10,RETURNED,paypal,North America
334,369.0,2024-12-28,SHIPPED,paypal,North America
335,635.0,2025-03-23,PROCESSING,debit_card,Middle East
336,,2025-09-25,RETURNED,gift_card,South America
337,,2024-11-01,CANCELLED,cash_on_delivery,Middle East
338,323.0,2023-08-27,REFUNDED,bank_transfer,South America
339,38.0,2023-08-21,PENDING,credit_card,Middle East
340,571.0,2022-11-29,DELIVERED,gift_card,Asia Pacific
341,662.0,2023-09-27,PROCESSING,gift_card,North America
342,528.0,2025-11-28,REFUNDED,credit_card,Middle East
343,180.0,2024-06-08,PROCESSING,CREDIT_CARD,Asia Pacific
344,688.0,2023-12-25,DELIVERED,cash_on_delivery,Africa
345,393.0,2025-07-08,DELIVERED,credit_card,Africa
346,604.0,2026-07-15,CANCELLED,cash_on_delivery,Asia Pacific
347,317.0,2025-01-20,REFUNDED,bank_transfer,Middle East
348,18.0,2022-12-27,RETURNED,bank_transfer,Asia Pacific
349,603.0,2023-01-31,PENDING,bank_transfer,North America
350,276.0,2025-06-18,RETURNED,credit_card,Africa
351,231.0,2024-05-13,SHIPPED,   paypal   ,Europe
352,43.0,2024-05-28,CANCELLED,cash_on_delivery,Europe
353,387.0,2024-02-28,REFUNDED,cash_on_delivery,Middle East
354,569.0,02-02-2024,PROCESSING,cash_on_delivery,Middle East
355,373.0,2023-06-01,CANCELLED,credit_card,Middle East
356,710.0,2023-12-21,SHIPPED,cash_on_delivery,North America
357,647.0,2024-01-27,PROCESSING,cash_on_delivery,South America
358,378.0,17-Feb-2025,SHIPPED,debit_card,Asia Pacific
359,724.0,2025-05-24,CANCELLED,credit_card,South America
360,661.0,2022-09-16,DELIVERED,cash_on_delivery,North America
361,618.0,2025-11-17,CANCELLED,bank_transfer,Middle East
362,749.0,2023-11-26,PENDING,paypal,South America
363,327.0,2023-04-29,CANCELLED,bank_transfer,sOUTH aMERICA
364,19.0,2024-02-04,PROCESSING,GIFT_CARD,South America
365,140.0,2025-03-24,SHIPPED,paypal,Asia Pacific
366,287.0,2026-02-06,CANCELLED,credit_card,Asia Pacific
367,,2026-01-08,REFUNDED,debit_card,North America
368,61.0,2024-06-26,CANCELLED,paypal,Africa
369,475.0,2025-04-04,PENDING,credit_card,Africa
370,452.0,2023-03-24,PROCESSING,credit_card,South America
371,5.0,2024-06-24,PENDING,bank_transfer,Africa
372,336.0,2022-10-18,RETURNED,gift_card,Africa
373,423.0,2026-07-15,CANCELLED,paypal,Europe
374,739.0,2026-01-31,DELIVERED,cash_on_delivery,Asia Pacific
375,73.0,2023-08-07,SHIPPED,credit_card,North America
376,480.0,2023-06-16,REFUNDED,paypal,Africa
377,156.0,2025-07-09,SHIPPED,bank_transfer,Asia Pacific
378,225.0,2024-03-12,CANCELLED,gift_card,Europe
379,392.0,2023-04-09,CANCELLED,gift_card,Europe
380,284.0,2025-10-30,PROCESSING,gift_card,Europe
381,188.0,2025-09-14,SHIPPED,gift_card,MIDDLE EAST
382,29.0,2026-03-26,REFUNDED,gift_card,North America
383,398.0,2022-12-21,PENDING,credit_card,   Africa   
384,182.0,2023-01-31,SHIPPED,debit_card,Asia Pacific
385,86.0,2025-10-01,SHIPPED,gift_card,North America
386,580.0,2022-11-02,RETURNED,paypal,NORTH AMERICA
387,,2023-08-22,REFUNDED,gift_card,Europe
388,348.0,2025-03-31,RETURNED,credit_card,North America
389,610.0,2026-07-19,DELIVERED,   cash_on_delivery   ,Africa
390,50.0,2023-03-27,SHIPPED,credit_card,Europe
391,593.0,2026-04-20,CANCELLED,   credit_card   ,North America
392,74.0,2026-02-23,DELIVERED,cash_on_delivery,Middle East
393,559.0,2026-02-04,PROCESSING,paypal,South America
394,61.0,2023-10-30,RETURNED,bank_transfer,Middle East
395,561.0,2022-08-31,PENDING,credit_card,Asia Pacific
396,513.0,2024-01-25,DELIVERED,paypal,South America
397,384.0,2025-07-22,PROCESSING,   debit_card   ,Asia Pacific
398,12.0,10-01-2026,REFUNDED,credit_card,Asia Pacific
399,189.0,2023-01-29,PROCESSING,cash_on_delivery,South America
400,98.0,2023-11-26,CANCELLED,CREDIT_CARD,MIDDLE EAST
401,554.0,2024-07-09,DELIVERED,cash_on_delivery,Middle East
402,226.0,2024-08-10,PENDING,debit_card,North America
403,577.0,2022-09-14,RETURNED,cash_on_delivery,Middle East
404,790.0,2024-01-07,REFUNDED,bank_transfer,ASIA PACIFIC
405,0.0,2023-06-30,PROCESSING,bank_transfer,Middle East
406,812.0,10/02/2025,SHIPPED,paypal,South America
407,663.0,2023-06-22,notedevelopment,cash_on_delivery,South America
408,703.0,2024-12-05,CANCELLED,paypal,Asia Pacific
409,84.0,2024-10-30,PENDING,gift_card,Europe
410,570.0,2025-10-18,DELIVERED,,Europe
411,561.0,2023-09-15,DELIVERED,bank_transfer,South America
412,319.0,2024-12-09,CANCELLED,credit_card,Middle East
413,630.0,2024-08-29,RETURNED,paypal,Africa
414,286.0,2025-04-03,PROCESSING,bank_transfer,Africa
415,369.0,2025-09-16,PROCESSING,cash_on_delivery,South America
416,52.0,17-03-2023,RETURNED,paypal,Africa
417,131.0,2025-07-24,REFUNDED,gift_card,South America
418,344.0,2025-07-30,PROCESSING,credit_card,Asia Pacific
419,451.0,2025-06-13,RETURNED,bank_transfer,Asia Pacific
420,,2022-09-07,PENDING,debit_card,North America
421,623.0,2024-03-17,REFUNDED,credit_card,South America
422,555.0,31-01-2025,CANCELLED,paypal,Asia Pacific
423,499.0,2026-06-17,PROCESSING,credit_card,Europe
424,772.0,2025-06-05,SHIPPED,credit_card,Africa
425,311.0,2024-11-05,PROCESSING,cash_on_delivery,Europe
426,620.0,2022-10-16,PENDING,debit_card,Middle East
427,173.0,2023-09-10,PENDING,bank_transfer,North America
428,757.0,2023-05-01,PROCESSING,paypal,Middle East
429,41.0,2022-11-11,SHIPPED,cash_on_delivery,Middle East
430,,2023-10-25,CANCELLED,paypal,Africa
431,246.0,2023-06-17,CANCELLED,debit_card,Europe
432,252.0,2025-12-17,PROCESSING,paypal,North America
433,512.0,2025-07-27,PROCESSING,BANK_TRANSFER,Europe
434,512.0,2025-03-26,DELIVERED,paypal,Asia Pacific
435,651.0,2023-10-05,RETURNED,paypal,Europe
436,746.0,2022-10-31,DELIVERED,cash_on_delivery,Asia Pacific
437,293.0,2024-08-01,PENDING,PAYPAL,North America
438,350.0,2025-05-23,REFUNDED,debit_card,Middle East
439,187.0,2022-08-22,REFUNDED,credit_card,SOUTH AMERICA
440,,2022-11-21,SHIPPED,debit_card,Europe
441,162.0,2024-04-04,RETURNED,bank_transfer,Europe
442,,2025-05-31,SHIPPED,bank_transfer,Africa
443,365.0,2023-10-05,PENDING,debit_card,North America
444,161.0,2025-06-04,RETURNED,debit_card,Africa
445,697.0,2026-03-25,PROCESSING,gift_card,   Asia Pacific   
446,709.0,2026-06-28,RETURNED,cash_on_delivery,Europe
447,441.0,2025-05-31,REFUNDED,bank_transfer,Asia Pacific
448,782.0,2023-01-24,heretreatment,gift_card,South America
449,675.0,2022-09-08,CANCELLED,CREDIT_CARD,Asia Pacific
450,200.0,2023-11-07,PROCESSING,credit_card,Middle East
451,542.0,2026-04-18,CANCELLED,gift_card,Asia Pacific
452,158.0,2026-05-13,PENDING,cash_on_delivery,South America
453,253.0,2025-05-14,PENDING,paypal,Europe
454,152.0,2024-04-01,SHIPPED,debit_card,Africa
455,179.0,2023-08-04,DELIVERED,credit_card,Asia Pacific
456,233.0,2024-03-23,REFUNDED,bank_transfer,Middle East
457,47.0,2024-10-07,PENDING,cash_on_delivery,Middle East
458,40.0,2025-08-16,PENDING,,Asia Pacific
459,572.0,2023-01-11,RETURNED,gift_card,South America
460,781.0,2026-06-14,REFUNDED,paypal,Europe
461,222.0,2023-12-13,DELIVERED,gift_card,South America
462,158.0,2024-08-31,RETURNED,paypal,Africa
463,189.0,2026-04-17,CANCELLED,debit_card,Europe
464,381.0,2025-02-22,DELIVERED,   gift_card   ,Africa
465,57.0,2024-11-12,DELIVERED,paypal,Asia Pacific
466,313.0,2022-12-24,REFUNDED,credit_card,Europe
467,521.0,2023-05-26,RETURNED,paypal,South America
468,488.0,2023-06-14,RETURNED,credit_card,Europe
469,738.0,2024-09-25,REFUNDED,paypal,Middle East
470,739.0,21-Jul-2024,RETURNED,bank_transfer,South America
471,1.0,2024-12-27,DELIVERED,,South America
472,92.0,2026-07-19,PENDING,debit_card,South America
473,581.0,2025-08-20,REFUNDED,gift_card,North America
474,237.0,2022-09-12,CANCELLED,credit_card,South America
475,591.0,2022-10-10,RETURNED,cash_on_delivery,Asia Pacific
476,702.0,2023-08-29,DELIVERED,cash_on_delivery,Africa
477,193.0,2026-07-12,PROCESSING,credit_card,Africa
478,809.0,2024-11-09,CANCELLED,paypal,Europe
479,291.0,2023-11-26,DELIVERED,,South America
480,509.0,2024-01-10,CANCELLED,bank_transfer,Asia Pacific
481,356.0,2024-09-09,SHIPPED,bank_transfer,North America
482,482.0,2024-04-12,SHIPPED,DEBIT_CARD,Europe
483,580.0,2025-10-09,CANCELLED,gift_card,Middle East
484,9.0,2023-04-10,PROCESSING,debit_card,North America
485,81.0,2022-09-07,PROCESSING,paypal,Middle East
486,,2024-01-30,CANCELLED,bank_transfer,South America
487,,2025-07-08,SHIPPED,paypal,North America
488,772.0,2024-02-07,SHIPPED,cash_on_delivery,Africa
489,420.0,2024-02-13,SHIPPED,PAYPAL,Africa
490,620.0,2025-04-07,PROCESSING,gift_card,South America
491,,2023-11-22,RETURNED,credit_card,North America
492,491.0,2023-08-11,REFUNDED,credit_card,Europe
493,345.0,2024-09-26,CANCELLED,bank_transfer,South America
494,312.0,2023-11-20,PROCESSING,bank_transfer,South America
495,365.0,2026-01-22,PROCESSING,credit_card,North America
496,610.0,2022-11-14,REFUNDED,bank_transfer,Middle East
497,81.0,2025-04-08,RETURNED,cash_on_delivery,North America
498,227.0,2023-09-14,SHIPPED,credit_card,Middle East
499,162.0,2026-05-05,PENDING,gift_card,North America
500,111.0,2024-04-02,PROCESSING,credit_card,Africa
501,554.0,2026-05-24,CANCELLED,CREDIT_CARD,Africa
502,52.0,2026-01-26,RETURNED,debit_card,Africa
503,193.0,2022-09-24,RETURNED,credit_card,Europe
504,872.0,2024-12-19,PROCESSING,cash_on_delivery,Asia Pacific
505,164.0,2023-10-19,PROCESSING,debit_card,Middle East
506,111.0,2023-07-29,CANCELLED,debit_card,North America
507,126.0,2023-04-02,PROCESSING,gift_card,Asia Pacific
508,625.0,2024-04-11,growthwatch,paypal,Europe
509,178.0,2025-05-26,RETURNED,debit_card,Middle East
510,135.0,2023-03-11,REFUNDED,credit_card,Europe
511,94.0,2022-12-24,REFUNDED,bank_transfer,South America
512,740.0,2025-09-16,PROCESSING,bank_transfer,Europe
513,658.0,2024-03-25,CANCELLED,gift_card,Europe
514,271.0,2024-10-26,DELIVERED,credit_card,Africa
515,152.0,2025-06-28,CANCELLED,paypal,North America
516,395.0,2025-03-18,SHIPPED,bank_transfer,Europe
517,193.0,2026-04-26,CANCELLED,bank_transfer,North America
518,526.0,2025-04-07,PENDING,credit_card,Europe
519,76.0,2025-07-11,CANCELLED,bank_transfer,Asia Pacific
520,602.0,2023-07-29,PENDING,cash_on_delivery,Africa
521,177.0,2024-05-19,CANCELLED,debit_card,Asia Pacific
522,370.0,2023-08-18,RETURNED,paypal,North America
523,392.0,2025-01-15,DELIVERED,debit_card,Africa
524,454.0,2023-04-04,RETURNED,credit_card,Middle East
525,848.0,2024-06-02,CANCELLED,cash_on_delivery,Middle East
526,509.0,2023-12-08,PENDING,paypal,South America
527,425.0,2026-06-23,RETURNED,debit_card,Asia Pacific
528,,2025-03-07,DELIVERED,bank_transfer,Asia Pacific
529,162.0,03-01-2024,PENDING,debit_card,North America
530,326.0,2024-07-07,REFUNDED,paypal,Africa
531,419.0,2024-11-29,PROCESSING,debit_card,Africa
532,266.0,2023-03-02,REFUNDED,cash_on_delivery,Africa
533,,2023-06-27,SHIPPED,CREDIT_CARD,South America
534,178.0,2025-05-19,PROCESSING,credit_card,Europe
535,549.0,2023-03-13,PENDING,bank_transfer,Europe
536,60.0,2025-01-28,PENDING,bank_transfer,Europe
537,510.0,2025-01-16,REFUNDED,bank_transfer,Asia Pacific
538,289.0,2025-07-07,SHIPPED,bank_transfer,Africa
539,145.0,2026-01-03,DELIVERED,gift_card,South America
540,627.0,2023-06-20,PROCESSING,paypal,North America
541,115.0,2026-04-10,DELIVERED,credit_card,Middle East
542,590.0,2023-03-12,REFUNDED,gift_card,Africa
543,420.0,03-12-2023,RETURNED,credit_card,Africa
544,345.0,2025-07-14,PENDING,debit_card,South America
545,543.0,2025-08-09,PENDING,debit_card,North America
546,676.0,2026-06-05,CANCELLED,cash_on_delivery,North America
547,250.0,2024-10-31,DELIVERED,debit_card,Middle East
548,209.0,2026-06-22,PROCESSING,debit_card,Asia Pacific
549,769.0,2023-03-08,PENDING,bank_transfer,Asia Pacific
550,195.0,2024-06-08,DELIVERED,debit_card,South America
551,,2026-06-22,PROCESSING,debit_card,South America
552,783.0,2025-11-18,CANCELLED,gift_card,North America
553,741.0,2023-03-23,DELIVERED,paypal,SOUTH AMERICA
554,77.0,2025-05-25,CANCELLED,cash_on_delivery,Middle East
555,608.0,2026-07-29,DELIVERED,bank_transfer,Middle East
556,18.0,2025-01-03,CANCELLED,gift_card,South America
557,175.0,2026-07-04,DELIVERED,cash_on_delivery,Middle East
558,167.0,2023-04-12,PROCESSING,paypal,Middle East
559,594.0,2024-02-11,DELIVERED,,Asia Pacific
560,449.0,2022-11-23,CANCELLED,cash_on_delivery,
561,361.0,2024-12-22,REFUNDED,gift_card,Middle East
562,310.0,2024-11-14,SHIPPED,credit_card,South America
563,550.0,2025-08-31,DELIVERED,cash_on_delivery,Asia Pacific
564,171.0,2023-02-09,CANCELLED,gift_card,Asia Pacific
565,859.0,2023-05-23,SHIPPED,credit_card,Europe
566,368.0,2026-05-07,friendthose,cash_on_delivery,SOUTH AMERICA
567,,2023-03-24,CANCELLED,gift_card,Middle East
568,567.0,2025-09-12,CANCELLED,paypal,SOUTH AMERICA
569,696.0,2022-09-24,DELIVERED,paypal,Africa
570,367.0,2025-11-11,CANCELLED,bank_transfer,Middle East
571,302.0,2023-12-18,CANCELLED,bank_transfer,North America
572,166.0,2026-05-08,DELIVERED,bank_transfer,nORTH aMERICA
573,303.0,2024-05-14,PROCESSING,paypal,Europe
574,433.0,2024-05-09,CANCELLED,cash_on_delivery,Asia Pacific
575,,2023-11-24,SHIPPED,credit_card,Europe
576,189.0,2024-06-28,DELIVERED,debit_card,North America
577,265.0,2025-10-11,PROCESSING,bank_transfer,Asia Pacific
578,335.0,2026-07-30,SHIPPED,debit_card,South America
579,747.0,2025-04-25,termwall,paypal,South America
580,675.0,2026-07-29,REFUNDED,debit_card,North America
581,475.0,2025-09-29,REFUNDED,bank_transfer,Europe
582,329.0,2023-10-09,CANCELLED,cash_on_delivery,South America
583,104.0,2023-04-03,SHIPPED,bank_transfer,Middle East
584,542.0,2025-12-02,SHIPPED,   gift_card   ,North America
585,366.0,2023-05-28,DELIVERED,debit_card,Middle East
586,365.0,2023-01-22,REFUNDED,cash_on_delivery,Middle East
587,501.0,2023-03-02,SHIPPED,cash_on_delivery,South America
588,246.0,2023-05-23,CANCELLED,gift_card,Middle East
589,571.0,2022-09-19,DELIVERED,credit_card,South America
590,701.0,2025-11-06,DELIVERED,credit_card,North America
591,232.0,2025-03-17,SHIPPED,bank_transfer,Middle East
592,300.0,2025-03-25,CANCELLED,paypal,Asia Pacific
593,603.0,2023-09-28,DELIVERED,credit_card,South America
594,441.0,2025-03-07,DELIVERED,paypal,Europe
595,546.0,2025-01-06,CANCELLED,cash_on_delivery,Asia Pacific
596,168.0,2025-03-18,PENDING,credit_card,Middle East
597,284.0,2023-08-03,RETURNED,gift_card,Middle East
598,380.0,2025-02-21,REFUNDED,bank_transfer,Europe
599,531.0,2023-08-05,DELIVERED,gift_card,Middle East
600,677.0,2023-08-03,PROCESSING,gift_card,North America
601,84.0,2025-07-12,SHIPPED,   bank_transfer   ,Middle East
602,,2022-09-19,SHIPPED,bank_transfer,South America
603,31.0,2024-02-19,DELIVERED,debit_card,Europe
604,504.0,2022-12-11,REFUNDED,cash_on_delivery,Europe
605,738.0,2025-07-13,REFUNDED,cash_on_delivery,South America
606,436.0,2025-12-03,DELIVERED,bank_transfer,South America
607,769.0,2024-08-19,SHIPPED,credit_card,Asia Pacific
608,21.0,2023-03-06,PENDING,gift_card,North America
609,486.0,2024-12-06,REFUNDED,paypal,Europe
610,548.0,2026-03-16,PROCESSING,credit_card,Africa
611,212.0,2025-03-06,SHIPPED,bank_transfer,Europe
612,451.0,2024-08-07,REFUNDED,credit_card,Europe
613,62.0,2025-08-20,CANCELLED,   gift_card   ,Europe
614,462.0,2025-05-15,REFUNDED,gift_card,Africa
615,356.0,2024-03-12,DELIVERED,credit_card,Europe
616,483.0,2023-05-22,RETURNED,bank_transfer,North America
617,352.0,2026-03-25,CANCELLED,debit_card,Middle East
618,36.0,2024-04-02,REFUNDED,credit_card,Africa
619,,2024-09-11,SHIPPED,bank_transfer,North America
620,220.0,2024-08-15,PENDING,credit_card,Asia Pacific
621,266.0,2023-03-11,DELIVERED,gift_card,North America
622,806.0,2023-04-21,CANCELLED,bank_transfer,Europe
623,4.0,2023-06-06,REFUNDED,cash_on_delivery,Middle East
624,328.0,2023-07-27,REFUNDED,paypal,Africa
625,503.0,2022-09-29,REFUNDED,credit_card,SOUTH AMERICA
626,393.0,2024-05-05,REFUNDED,paypal,North America
627,211.0,2025-11-09,PROCESSING,cash_on_delivery,Africa
628,461.0,2022-09-02,CANCELLED,credit_card,North America
629,198.0,2026-07-17,PENDING,cash_on_delivery,Asia Pacific
630,41.0,2023-10-03,PROCESSING,paypal,South America
631,473.0,2024-05-12,PROCESSING,DEBIT_CARD,nORTH aMERICA
632,164.0,2023-07-21,DELIVERED,paypal,South America
633,650.0,2025-10-06,RETURNED,debit_card,Europe
634,400.0,2025-06-17,DELIVERED,paypal,Middle East
635,148.0,2023-06-21,PROCESSING,debit_card,Europe
636,637.0,2025-10-30,RETURNED,   credit_card   ,Middle East
637,669.0,06/23/2023,RETURNED,debit_card,South America
638,425.0,2022-11-20,PENDING,gift_card,Middle East
639,31.0,05/12/2023,DELIVERED,credit_card,South America
640,195.0,2026-09-18,REFUNDED,credit_card,South America
641,484.0,2024-06-22,PENDING,credit_card,Asia Pacific
642,793.0,2026-04-18,PENDING,paypal,North America
643,7.0,2025-03-25,PENDING,bank_transfer,South America
644,135.0,2024-09-09,PROCESSING,debit_card,North America
645,85.0,2025-07-13,PENDING,debit_card,Africa
646,185.0,2023-12-27,CANCELLED,bank_transfer,South America
647,482.0,2026-04-17,DELIVERED,bank_transfer,Asia Pacific
648,709.0,2024-10-15,SHIPPED,paypal,Europe
649,550.0,2026-05-19,PENDING,cash_on_delivery,North America
650,622.0,2023-08-28,DELIVERED,cash_on_delivery,Europe
651,220.0,2024-06-04,DELIVERED,bank_transfer,North America
652,237.0,2024-04-29,CANCELLED,bank_transfer,Middle East
653,134.0,2025-11-27,CANCELLED,credit_card,North America
654,207.0,2022-10-13,CANCELLED,bank_transfer,Africa
655,523.0,2025-03-11,REFUNDED,bank_transfer,North America
656,192.0,2025-09-25,PENDING,debit_card,North America
657,15.0,2026-02-10,PROCESSING,paypal,North America
658,299.0,03/22/2024,REFUNDED,gift_card,Asia Pacific
659,582.0,2025-11-07,CANCELLED,credit_card,North America
660,772.0,2023-12-09,PENDING,gift_card,South America
661,792.0,2024-04-13,DELIVERED,cash_on_delivery,Africa
662,85.0,2025-03-16,PENDING,cash_on_delivery,Europe
663,528.0,2026-08-07,PENDING,paypal,South America
664,536.0,2025-10-06,PENDING,credit_card,Africa
665,317.0,2025-01-14,RETURNED,debit_card,South America
666,285.0,2025-04-05,REFUNDED,bank_transfer,Asia Pacific
667,415.0,2024-11-19,CANCELLED,bank_transfer,Africa
668,899.0,2024-11-02,PENDING,cash_on_delivery,Africa
669,2.0,2025-05-02,PROCESSING,debit_card,Asia Pacific
670,140.0,2026-05-01,CANCELLED,bank_transfer,Europe
671,466.0,2025-08-07,PROCESSING,,Middle East
672,119.0,2025-12-14,REFUNDED,gift_card,North America
673,408.0,2022-10-08,REFUNDED,credit_card,North America
674,131.0,2024-10-26,PROCESSING,cash_on_delivery,South America
675,131.0,2023-01-26,PENDING,cash_on_delivery,Africa
676,12.0,2024-08-14,SHIPPED,bank_transfer,Asia Pacific
677,265.0,2024-07-19,PROCESSING,paypal,North America
678,225.0,2026-02-14,SHIPPED,gift_card,North America
679,210.0,2026-07-07,PENDING,gift_card,South America
680,174.0,2022-10-14,SHIPPED,debit_card,North America
681,4.0,2026-05-04,PROCESSING,cash_on_delivery,Asia Pacific
682,134.0,2023-08-26,DELIVERED,paypal,Middle East
683,639.0,2024-10-23,DELIVERED,paypal,North America
684,523.0,11/22/2024,CANCELLED,paypal,Asia Pacific
685,55.0,2024-04-15,PROCESSING,paypal,Africa
686,444.0,2025-09-25,CANCELLED,paypal,Europe
687,284.0,2022-10-09,SHIPPED,paypal,North America
688,83.0,2024-12-23,PENDING,cash_on_delivery,sOUTH aMERICA
689,515.0,2024-04-02,PROCESSING,debit_card,Middle East
690,793.0,2024-10-19,CANCELLED,credit_card,North America
691,673.0,2025-11-10,PENDING,gift_card,Africa
692,541.0,2025-04-15,REFUNDED,BANK_TRANSFER,Asia Pacific
693,208.0,2022-10-25,RETURNED,debit_card,Africa
694,51.0,2023-05-31,CANCELLED,credit_card,
695,,2023-11-05,SHIPPED,bank_transfer,Middle East
696,646.0,2024-06-22,REFUNDED,bank_transfer,South America
697,520.0,2024-04-19,SHIPPED,paypal,Africa
698,644.0,2026-05-14,RETURNED,credit_card,Asia Pacific
699,693.0,26-Nov-2023,SHIPPED,bank_transfer,North America
700,426.0,2025-11-23,REFUNDED,credit_card,Middle East
701,208.0,2026-02-15,PENDING,gift_card,Middle East
702,347.0,2023-10-28,DELIVERED,DEBIT_CARD,Middle East
703,361.0,2024/07/26,PENDING,bank_transfer,
704,405.0,2023-04-25,SHIPPED,debit_card,North America
705,361.0,2024-05-27,PENDING,bank_transfer,Africa
706,707.0,2023-11-10,DELIVERED,credit_card,Europe
707,306.0,2025-03-19,PROCESSING,debit_card,North America
708,665.0,2026-07-07,PENDING,cash_on_delivery,South America
709,592.0,2022-11-02,PROCESSING,debit_card,Europe
710,77.0,2025-07-16,PROCESSING,credit_card,
711,398.0,2024-10-21,PENDING,gift_card,Africa
712,564.0,2026-06-13,PROCESSING,credit_card,
713,503.0,2023-03-18,REFUNDED,cash_on_delivery,Middle East
714,763.0,2024-07-30,REFUNDED,credit_card,North America
715,577.0,2026-02-19,DELIVERED,bank_transfer,Europe
716,613.0,2025-05-09,PROCESSING,bank_transfer,Africa
717,,2024-07-11,PROCESSING,paypal,Asia Pacific
718,475.0,28-12-2022,PENDING,credit_card,Europe
719,63.0,2025-09-05,DELIVERED,debit_card,Europe
720,75.0,2024-09-25,PROCESSING,paypal,Europe
721,790.0,2023-02-01,RETURNED,bank_transfer,Asia Pacific
722,833.0,2023-05-16,DELIVERED,DEBIT_CARD,Asia Pacific
723,347.0,2025-12-01,PROCESSING,debit_card,Asia Pacific
724,740.0,2025-02-04,RETURNED,cash_on_delivery,Middle East
725,403.0,2026-08-05,RETURNED,cash_on_delivery,South America
726,27.0,2026-05-30,SHIPPED,gift_card,Middle East
727,611.0,2025-07-26,DELIVERED,bank_transfer,Europe
728,755.0,2024-12-05,SHIPPED,bank_transfer,Asia Pacific
729,29.0,2023-03-08,SHIPPED,debit_card,Middle East
730,467.0,2024-04-11,REFUNDED,gift_card,North America
731,476.0,2024-05-13,PROCESSING,paypal,Asia Pacific
732,162.0,2023-12-25,PENDING,cash_on_delivery,Europe
733,814.0,2024-07-10,SHIPPED,bank_transfer,North America
734,583.0,2022-09-17,REFUNDED,CASH_ON_DELIVERY,Europe
735,74.0,2023-05-14,DELIVERED,bank_transfer,North America
736,41.0,2024-07-14,REFUNDED,paypal,North America
737,287.0,2025-02-12,PROCESSING,bank_transfer,North America
738,569.0,2026-06-02,DELIVERED,credit_card,   Middle East   
739,564.0,2025-08-21,SHIPPED,paypal,Middle East
740,185.0,2026-06-01,CANCELLED,cash_on_delivery,South America
741,791.0,2023-06-19,PENDING,cash_on_delivery,North America
742,465.0,2026-05-11,DELIVERED,debit_card,Europe
743,24.0,2024-07-16,PROCESSING,bank_transfer,Middle East
744,23.0,2023-03-02,DELIVERED,,Africa
745,791.0,2023-09-02,CANCELLED,credit_card,Europe
746,599.0,2023-12-26,PROCESSING,debit_card,South America
747,69.0,2025-07-19,PROCESSING,credit_card,Europe
748,747.0,2025-05-13,REFUNDED,debit_card,Europe
749,568.0,2026-06-19,RETURNED,cash_on_delivery,South America
750,404.0,2025-08-19,REFUNDED,debit_card,   South America   
751,130.0,2025-12-29,SHIPPED,paypal,North America
752,627.0,2023-04-21,CANCELLED,cash_on_delivery,North America
753,603.0,2025-08-29,PROCESSING,paypal,North America
754,209.0,2025-09-22,DELIVERED,bank_transfer,North America
755,238.0,2023-02-17,PROCESSING,gift_card,Asia Pacific
756,409.0,2022-12-29,SHIPPED,paypal,South America
757,821.0,2023-02-03,CANCELLED,gift_card,Middle East
758,65.0,2025-08-11,SHIPPED,paypal,Europe
759,656.0,2024-07-08,SHIPPED,credit_card,Africa
760,268.0,2025-04-20,CANCELLED,bank_transfer,South America
761,,2024-02-24,RETURNED,gift_card,Africa
762,8.0,2022-12-20,SHIPPED,paypal,Asia Pacific
763,241.0,2024-10-31,DELIVERED,debit_card,Middle East
764,734.0,2025-08-12,PENDING,cash_on_delivery,Asia Pacific
765,544.0,2024-03-28,CANCELLED,debit_card,Middle East
766,177.0,2025-09-12,REFUNDED,credit_card,Europe
767,799.0,2025-12-20,PROCESSING,gift_card,Africa
768,359.0,2024-10-12,REFUNDED,credit_card,Middle East
769,308.0,2025-03-17,RETURNED,bank_transfer,Asia Pacific
770,167.0,15-Apr-2023,REFUNDED,debit_card,North America
771,404.0,2024-03-22,CANCELLED,debit_card,   Asia Pacific   
772,595.0,2024-12-11,PENDING,paypal,South America
773,52.0,2024-03-23,REFUNDED,gift_card,Middle East
774,475.0,2022-10-17,SHIPPED,credit_card,Middle East
775,148.0,2026-06-27,specialconference,bank_transfer,North America
776,57.0,2024-01-12,SHIPPED,bank_transfer,South America
777,860.0,2025-01-04,PROCESSING,debit_card,Asia Pacific
778,203.0,2026-04-24,REFUNDED,bank_transfer,Africa
779,205.0,2025-05-30,CANCELLED,gift_card,Europe
780,482.0,2026-04-11,REFUNDED,gift_card,Middle East
781,258.0,2023-03-31,DELIVERED,cash_on_delivery,Middle East
782,349.0,2023-04-18,REFUNDED,credit_card,
783,188.0,2026-04-20,REFUNDED,credit_card,Europe
784,225.0,2023-03-22,DELIVERED,paypal,Europe
785,12.0,2023-05-14,CANCELLED,debit_card,Europe
786,582.0,2025-11-16,SHIPPED,credit_card,Asia Pacific
787,,2025-08-20,CANCELLED,cash_on_delivery,Middle East
788,401.0,2022-10-28,RETURNED,gift_card,Europe
789,547.0,2023-12-03,kindfoot,credit_card,   Asia Pacific   
790,536.0,2025-09-17,RETURNED,paypal,Asia Pacific
791,360.0,2025-11-16,RETURNED,bank_transfer,Asia Pacific
792,69.0,2024-07-03,PROCESSING,paypal,Africa
793,153.0,2023-11-01,SHIPPED,bank_transfer,Africa
794,872.0,2025-04-09,REFUNDED,BANK_TRANSFER,Europe
795,274.0,2023-05-17,DELIVERED,bank_transfer,South America
796,483.0,2023-02-08,DELIVERED,gift_card,North America
797,589.0,2026-06-05,PROCESSING,gift_card,North America
798,515.0,2023-03-02,REFUNDED,paypal,North America
799,714.0,2023-06-21,REFUNDED,cash_on_delivery,Middle East
800,23.0,2022-08-15,DELIVERED,gift_card,Middle East
801,433.0,2025-04-03,REFUNDED,gift_card,Middle East
802,781.0,2026-01-01,RETURNED,credit_card,South America
803,,2023-10-02,RETURNED,cash_on_delivery,North America
804,429.0,2022-08-28,CANCELLED,gift_card,South America
805,840.0,2024-07-22,PROCESSING,cash_on_delivery,Asia Pacific
806,681.0,2024-09-21,PROCESSING,debit_card,North America
807,20.0,2026-03-30,PROCESSING,credit_card,Middle East
808,349.0,2024-09-22,DELIVERED,cash_on_delivery,North America
809,525.0,2024-12-01,CANCELLED,gift_card,Africa
810,759.0,2026-01-15,REFUNDED,credit_card,Middle East
811,657.0,2022-08-18,DELIVERED,paypal,Africa
812,106.0,2025-03-11,RETURNED,bank_transfer,Europe
813,96.0,2026-05-12,CANCELLED,PAYPAL,North America
814,457.0,2024-09-14,PENDING,credit_card,Middle East
815,164.0,2023-08-14,PENDING,bank_transfer,South America
816,540.0,2023-07-12,DELIVERED,paypal,North America
817,579.0,2025-02-09,PENDING,debit_card,Asia Pacific
818,116.0,2025-05-30,PENDING,gift_card,Asia Pacific
819,544.0,2024-08-17,PROCESSING,debit_card,South America
820,200.0,2024-07-14,DELIVERED,gift_card,Europe
821,260.0,2024-05-08,PROCESSING,paypal,Africa
822,,2024/06/26,DELIVERED,debit_card,Africa
823,229.0,2022-12-23,PROCESSING,bank_transfer,North America
824,256.0,2025-02-28,SHIPPED,cash_on_delivery,ASIA PACIFIC
825,316.0,2025-02-27,SHIPPED,credit_card,South America
826,377.0,2022-08-20,DELIVERED,paypal,South America
827,122.0,2023-08-25,REFUNDED,paypal,Middle East
828,156.0,2026-05-11,DELIVERED,debit_card,South America
829,418.0,2024-12-07,DELIVERED,paypal,South America
830,179.0,2023-10-16,SHIPPED,debit_card,Europe
831,12.0,2025-03-29,CANCELLED,bank_transfer,North America
832,605.0,2025-04-12,CANCELLED,cash_on_delivery,South America
833,770.0,2024-12-23,RETURNED,cash_on_delivery,Asia Pacific
834,445.0,2026-02-04,DELIVERED,credit_card,South America
835,253.0,2026-02-11,PROCESSING,credit_card,Middle East
836,,2023-06-28,PROCESSING,,EUROPE
837,69.0,2022-10-24,RETURNED,paypal,Africa
838,122.0,2023-05-24,PENDING,credit_card,Middle East
839,0.0,2023-03-28,PROCESSING,bank_transfer,Africa
840,12.0,2022-11-03,PROCESSING,paypal,Africa
841,0.0,2025-05-20,PENDING,bank_transfer,North America
842,796.0,2024-02-03,SHIPPED,cash_on_delivery,North America
843,675.0,2022-10-06,REFUNDED,paypal,North America
844,492.0,2023-03-23,DELIVERED,debit_card,Africa
845,315.0,2026-03-28,RETURNED,bank_transfer,Africa
846,415.0,2022-09-29,PROCESSING,   credit_card   ,Asia Pacific
847,89.0,2025-06-11,PROCESSING,cash_on_delivery,South America
848,740.0,2025-01-24,PROCESSING,credit_card,Middle East
849,,2026-03-03,PROCESSING,paypal,Europe
850,132.0,2025/03/04,PENDING,debit_card,North America
851,623.0,2023-11-16,PENDING,credit_card,AFRICA
852,674.0,2024-01-06,CANCELLED,debit_card,Middle East
853,76.0,2026-07-09,SHIPPED,cash_on_delivery,   Middle East   
854,463.0,2022-12-24,RETURNED,paypal,Middle East
855,861.0,2022-10-25,SHIPPED,credit_card,North America
856,553.0,2023-01-26,REFUNDED,paypal,South America
857,698.0,2024-05-18,REFUNDED,debit_card,Asia Pacific
858,558.0,2023-05-13,REFUNDED,cash_on_delivery,Europe
859,821.0,2023-04-17,RETURNED,cash_on_delivery,North America
860,740.0,2025-06-19,DELIVERED,debit_card,Asia Pacific
861,22.0,2023-10-25,PENDING,cash_on_delivery,North America
862,495.0,2025-03-16,REFUNDED,credit_card,North America
863,710.0,2025-06-01,RETURNED,gift_card,Europe
864,388.0,2025-07-19,PENDING,credit_card,Middle East
865,674.0,2025-08-01,SHIPPED,credit_card,Africa
866,,2025-02-19,SHIPPED,paypal,Asia Pacific
867,744.0,2025-01-15,DELIVERED,gift_card,North America
868,82.0,2025-12-15,RETURNED,bank_transfer,Europe
869,432.0,2024-12-30,PENDING,bank_transfer,Asia Pacific
870,3.0,2023-05-12,DELIVERED,paypal,North America
871,,17-07-2024,DELIVERED,credit_card,Asia Pacific
872,856.0,2025-10-17,PENDING,credit_card,South America
873,816.0,2025-01-25,RETURNED,credit_card,
874,139.0,2024-02-20,PROCESSING,credit_card,Europe
875,612.0,2026-07-27,PROCESSING,paypal,North America
876,441.0,2022-10-04,REFUNDED,credit_card,Asia Pacific
877,280.0,2023-01-01,REFUNDED,gift_card,
878,527.0,2025-11-15,CANCELLED,credit_card,North America
879,217.0,2023-11-17,PENDING,paypal,Europe
880,380.0,2023-12-24,DELIVERED,debit_card,Middle East
881,106.0,2024-03-04,SHIPPED,bank_transfer,Europe
882,432.0,2026-06-04,PENDING,,North America
883,,2024-03-20,SHIPPED,gift_card,North America
884,64.0,2026-02-04,REFUNDED,paypal,Europe
885,727.0,2022-11-23,PROCESSING,bank_transfer,Africa
886,479.0,2025-10-31,PROCESSING,cash_on_delivery,Africa
887,590.0,2024-06-03,CANCELLED,cash_on_delivery,Africa
888,,2026-03-12,REFUNDED,cash_on_delivery,Europe
889,8.0,2024-12-12,DELIVERED,paypal,North America
890,91.0,2022-11-18,PROCESSING,cash_on_delivery,North America
891,248.0,2023-11-07,PENDING,debit_card,South America
892,415.0,2024-08-10,CANCELLED,paypal,South America
893,472.0,2023-03-07,PROCESSING,bank_transfer,Middle East
894,164.0,2023-02-15,SHIPPED,debit_card,Europe
895,1.0,24-07-2025,PENDING,credit_card,South America
896,507.0,2026-04-06,REFUNDED,gift_card,Middle East
897,87.0,2024-11-05,facegirl,paypal,Africa
898,624.0,2024-05-13,DELIVERED,cash_on_delivery,Middle East
899,252.0,2024-11-02,PENDING,debit_card,South America
900,461.0,2023-07-01,DELIVERED,bank_transfer,South America
901,412.0,2025-07-25,DELIVERED,paypal,North America
902,36.0,2022-11-08,determinepopulation,paypal,South America
903,656.0,2023-01-26,REFUNDED,bank_transfer,Europe
904,485.0,2025-01-13,PROCESSING,paypal,Asia Pacific
905,164.0,2025-09-16,PROCESSING,credit_card,South America
906,414.0,2025-04-13,PROCESSING,paypal,Africa
907,107.0,2024-11-08,CANCELLED,cash_on_delivery,Middle East
908,613.0,2022-12-24,CANCELLED,credit_card,Africa
909,289.0,2024-08-30,PENDING,cash_on_delivery,Africa
910,764.0,2025-09-07,REFUNDED,debit_card,Europe
911,547.0,2025-07-14,PENDING,gift_card,North America
912,888.0,2025-03-06,SHIPPED,bank_transfer,Africa
913,312.0,2026-07-30,PROCESSING,bank_transfer,Africa
914,526.0,2025-12-16,DELIVERED,cash_on_delivery,South America
915,298.0,2025-08-11,CANCELLED,credit_card,North America
916,379.0,2023-10-30,PENDING,bank_transfer,Africa
917,0.0,2024-06-03,CANCELLED,cash_on_delivery,Asia Pacific
918,4.0,2025-03-12,CANCELLED,cash_on_delivery,Asia Pacific
919,145.0,2026-03-19,DELIVERED,bank_transfer,Asia Pacific
920,519.0,2023-12-14,PENDING,bank_transfer,Europe
921,506.0,2023-09-17,CANCELLED,paypal,South America
922,425.0,2024-12-23,DELIVERED,cash_on_delivery,Europe
923,180.0,2025-01-19,SHIPPED,paypal,Europe
924,207.0,2025-04-04,CANCELLED,debit_card,Middle East
925,43.0,2024-02-10,PENDING,gift_card,North America
926,158.0,2026-07-20,DELIVERED,debit_card,Asia Pacific
927,548.0,2023-02-27,PENDING,DEBIT_CARD,Europe
928,68.0,2025-03-21,PROCESSING,cash_on_delivery,Asia Pacific
929,157.0,2024-12-31,REFUNDED,cash_on_delivery,South America
930,363.0,2024-10-30,CANCELLED,bank_transfer,Asia Pacific
931,229.0,2024-12-06,CANCELLED,cash_on_delivery,North America
932,443.0,2025-09-15,CANCELLED,credit_card,Middle East
933,93.0,2025-04-17,PROCESSING,paypal,Middle East
934,840.0,2024-09-21,PROCESSING,,Africa
935,117.0,2024-09-13,DELIVERED,gift_card,Middle East
936,4.0,2026-01-16,RETURNED,cash_on_delivery,Africa
937,284.0,2023-05-16,CANCELLED,credit_card,South America
938,370.0,2026-05-13,REFUNDED,gift_card,Africa
939,215.0,2025-03-13,SHIPPED,credit_card,Asia Pacific
940,658.0,2023-08-06,PENDING,gift_card,North America
941,154.0,2025-08-14,CANCELLED,paypal,Asia Pacific
942,24.0,2023-11-04,REFUNDED,bank_transfer,South America
943,594.0,2023-06-06,RETURNED,credit_card,South America
944,439.0,2022-08-12,RETURNED,paypal,Africa
945,458.0,2023-02-09,RETURNED,cash_on_delivery,Europe
946,80.0,2022-09-16,REFUNDED,cash_on_delivery,   Africa   
947,617.0,2024-08-01,PROCESSING,credit_card,Europe
948,216.0,2025-04-07,CANCELLED,cash_on_delivery,Middle East
949,409.0,2025-12-29,PROCESSING,credit_card,Middle East
950,648.0,2023-02-09,PENDING,paypal,Middle East
951,660.0,2025-09-28,CANCELLED,bank_transfer,North America
952,611.0,05/21/2026,PROCESSING,credit_card,North America
953,567.0,2023-06-28,PROCESSING,cash_on_delivery,South America
954,466.0,2026-01-03,RETURNED,credit_card,   Europe   
955,231.0,2025-03-22,DELIVERED,debit_card,Africa
956,674.0,2024-05-15,REFUNDED,debit_card,Europe
957,367.0,2024-05-14,PENDING,debit_card,Middle East
958,287.0,2022-10-19,CANCELLED,   paypal   ,Middle East
959,53.0,2024-01-10,PENDING,gift_card,North America
960,549.0,2024-02-04,PROCESSING,bank_transfer,Africa
961,0.0,2024-12-27,REFUNDED,bank_transfer,Middle East
962,366.0,2026-01-13,PROCESSING,bank_transfer,Europe
963,,2025-04-26,DELIVERED,bank_transfer,Asia Pacific
964,492.0,2023-07-05,REFUNDED,debit_card,Middle East
965,165.0,2022-08-27,REFUNDED,cash_on_delivery,Africa
966,214.0,2025-05-01,DELIVERED,GIFT_CARD,North America
967,233.0,2023-06-18,SHIPPED,debit_card,North America
968,254.0,2025-07-16,RETURNED,cash_on_delivery,   Asia Pacific   
969,399.0,2023-10-21,PROCESSING,debit_card,Europe
970,275.0,2023-09-09,CANCELLED,gift_card,Middle East
971,79.0,2025-12-19,PENDING,cash_on_delivery,Asia Pacific
972,782.0,2022-11-23,PENDING,paypal,Africa
973,,2023-12-01,RETURNED,bank_transfer,EUROPE
974,653.0,2023-11-19,CANCELLED,debit_card,North America
975,589.0,2024-10-05,DELIVERED,gift_card,Asia Pacific
976,127.0,2024-12-11,PROCESSING,cash_on_delivery,Asia Pacific
977,285.0,2022-08-19,gamespeak,debit_card,North America
978,629.0,2023-02-02,REFUNDED,cash_on_delivery,North America
979,500.0,2025-07-10,PROCESSING,paypal,North America
980,414.0,2024-01-09,REFUNDED,credit_card,North America
981,405.0,2024-01-22,PROCESSING,paypal,Europe
982,770.0,2024-04-16,REFUNDED,debit_card,North America
983,649.0,2025-09-08,REFUNDED,paypal,South America
984,306.0,2025-01-09,DELIVERED,,Middle East
985,,2025-03-23,PROCESSING,paypal,Africa
986,587.0,2022-09-24,CANCELLED,credit_card,South America
987,86.0,2026-02-22,PENDING,paypal,Europe
988,469.0,2023-05-09,PROCESSING,cash_on_delivery,Middle East
989,250.0,07-06-2023,PROCESSING,bank_transfer,Asia Pacific
990,62.0,2024-01-05,CANCELLED,credit_card,Middle East
991,67.0,2026-02-25,PROCESSING,paypal,Asia Pacific
992,468.0,2024/01/16,PROCESSING,CREDIT_CARD,Africa
993,658.0,2026-07-12,DELIVERED,cash_on_delivery,North America
994,74.0,2025-06-19,DELIVERED,paypal,South America
995,515.0,2024-08-16,measurewhom,bank_transfer,Africa
996,296.0,2026-02-10,SHIPPED,gift_card,Europe
997,328.0,2022-10-04,PENDING,gift_card,SOUTH AMERICA
998,132.0,2025-05-08,DELIVERED,debit_card,EUROPE
999,382.0,2023-03-08,PROCESSING,bank_transfer,North America
1000,213.0,2024-08-26,RETURNED,paypal,South America
1001,120.0,2023-04-08,PENDING,debit_card,Africa
1002,312.0,2025-04-10,SHIPPED,debit_card,Europe
1003,440.0,25-07-2024,SHIPPED,debit_card,Africa
1004,687.0,2026-05-26,REFUNDED,bank_transfer,South America
1005,238.0,2026-04-15,CANCELLED,paypal,North America
1006,577.0,2024-11-21,PROCESSING,credit_card,Asia Pacific
1007,427.0,2026-06-01,SHIPPED,bank_transfer,Europe
1008,296.0,2024-01-12,SHIPPED,bank_transfer,Europe
1009,595.0,2024-07-28,DELIVERED,gift_card,Asia Pacific
1010,158.0,2025-12-09,RETURNED,paypal,Africa
1011,84.0,2026-01-25,DELIVERED,debit_card,Africa
1012,278.0,2024-05-14,DELIVERED,debit_card,Europe
1013,0.0,2026-07-21,SHIPPED,bank_transfer,South America
1014,560.0,2025-10-06,DELIVERED,gift_card,North America
1015,528.0,2022-11-05,PROCESSING,gift_card,Asia Pacific
1016,483.0,2026-02-27,PROCESSING,gift_card,North America
1017,729.0,2024-10-27,SHIPPED,credit_card,South America
1018,408.0,2023-11-18,SHIPPED,debit_card,Europe
1019,593.0,2025-01-03,DELIVERED,gift_card,Africa
1020,143.0,2025-09-09,REFUNDED,gift_card,Middle East
1021,681.0,2024-12-19,resourcefour,credit_card,North America
1022,636.0,2024-11-19,DELIVERED,bank_transfer,aFRICA
1023,0.0,2022-09-08,CANCELLED,credit_card,   Middle East   
1024,0.0,2023-06-29,RETURNED,debit_card,Europe
1025,211.0,2025-01-22,PROCESSING,gift_card,North America
1026,73.0,2025-07-09,REFUNDED,bank_transfer,SOUTH AMERICA
1027,728.0,2024-01-07,CANCELLED,cash_on_delivery,North America
1028,40.0,2026-01-03,PENDING,debit_card,Asia Pacific
1029,617.0,03-Jul-2026,PENDING,credit_card,South America
1030,310.0,2026-05-20,REFUNDED,cash_on_delivery,South America
1031,688.0,2025-12-28,PROCESSING,credit_card,Middle East
1032,719.0,2024-02-10,CANCELLED,credit_card,North America
1033,17.0,2022-11-20,PROCESSING,debit_card,Asia Pacific
1034,297.0,2023-03-29,PENDING,credit_card,Middle East
1035,792.0,2023-10-19,RETURNED,cash_on_delivery,Asia Pacific
1036,74.0,2026-03-08,CANCELLED,debit_card,nORTH aMERICA
1037,592.0,2022-09-27,SHIPPED,paypal,Africa
1038,344.0,2024-01-18,SHIPPED,debit_card,Asia Pacific
1039,353.0,2024-03-14,DELIVERED,paypal,Europe
1040,373.0,2025-04-09,RETURNED,paypal,North America
1041,368.0,2024-11-16,DELIVERED,bank_transfer,Europe
1042,644.0,2026-03-10,CANCELLED,gift_card,Asia Pacific
1043,150.0,2023-04-24,RETURNED,debit_card,Africa
1044,27.0,2025-01-12,PROCESSING,paypal,North America
1045,114.0,2025-03-07,RETURNED,DEBIT_CARD,Middle East
1046,797.0,2024-04-06,DELIVERED,credit_card,North America
1047,778.0,2023-05-28,REFUNDED,credit_card,Middle East
1048,676.0,2025-02-19,DELIVERED,debit_card,South America
1049,160.0,07-02-2023,PROCESSING,cash_on_delivery,Middle East
1050,620.0,2026/04/14,SHIPPED,credit_card,North America
1051,454.0,2026-01-17,PROCESSING,debit_card,Africa
1052,681.0,2025-12-15,PROCESSING,paypal,Middle East
1053,839.0,01-Dec-2023,CANCELLED,credit_card,Africa
1054,781.0,2025-08-09,PROCESSING,cash_on_delivery,North America
1055,644.0,2026-04-03,SHIPPED,debit_card,South America
1056,775.0,2023-12-11,CANCELLED,paypal,Middle East
1057,684.0,2025-08-16,PENDING,debit_card,Africa
1058,413.0,2022-09-28,RETURNED,cash_on_delivery,Europe
1059,586.0,2023-10-05,CANCELLED,paypal,North America
1060,581.0,05/13/2024,SHIPPED,,South America
1061,431.0,2022-12-31,REFUNDED,bank_transfer,Asia Pacific
1062,425.0,2024-09-20,SHIPPED,credit_card,Asia Pacific
1063,651.0,2026-05-03,PENDING,credit_card,South America
1064,276.0,2023-08-14,DELIVERED,paypal,Asia Pacific
1065,762.0,09-03-2024,PROCESSING,debit_card,South America
1066,316.0,2023-11-23,livethemselves,credit_card,Europe
1067,289.0,2023-07-11,REFUNDED,cash_on_delivery,Asia Pacific
1068,464.0,2024-11-02,DELIVERED,credit_card,South America
1069,228.0,2023-11-22,PROCESSING,credit_card,Middle East
1070,144.0,2023-05-08,PROCESSING,cash_on_delivery,South America
1071,161.0,2023-01-31,RETURNED,cash_on_delivery,
1072,247.0,2024-03-13,DELIVERED,cash_on_delivery,Asia Pacific
1073,364.0,11-12-2025,PROCESSING,credit_card,North America
1074,,2022-10-07,CANCELLED,credit_card,North America
1075,383.0,2025-11-30,RETURNED,cash_on_delivery,Middle East
1076,,2023/06/19,CANCELLED,credit_card,South America
1077,758.0,2026-06-28,DELIVERED,paypal,Middle East
1078,1.0,2022-12-31,RETURNED,paypal,Europe
1079,480.0,2024-06-29,PROCESSING,bank_transfer,Middle East
1080,455.0,2024-10-04,SHIPPED,credit_card,North America
1081,83.0,2022-09-17,REFUNDED,gift_card,Asia Pacific
1082,664.0,2026-01-02,DELIVERED,bank_transfer,North America
1083,57.0,2024-08-28,PROCESSING,bank_transfer,Africa
1084,561.0,2026-06-15,PROCESSING,gift_card,North America
1085,204.0,2024-09-24,REFUNDED,gift_card,Middle East
1086,292.0,2023-04-06,PROCESSING,gift_card,Asia Pacific
1087,23.0,2023-06-01,DELIVERED,CREDIT_CARD,Asia Pacific
1088,153.0,2024-01-20,REFUNDED,debit_card,North America
1089,390.0,2026-07-14,SHIPPED,cash_on_delivery,Asia Pacific
1090,,2024-08-30,CANCELLED,bank_transfer,Middle East
1091,,2025-09-20,SHIPPED,paypal,North America
1092,456.0,2026-04-28,REFUNDED,debit_card,Europe
1093,255.0,2024-10-31,PROCESSING,bank_transfer,Europe
1094,542.0,2023-12-05,SHIPPED,bank_transfer,Middle East
1095,124.0,2025-11-26,PROCESSING,credit_card,Africa
1096,393.0,2023-12-31,PENDING,cash_on_delivery,North America
1097,428.0,2023-03-20,RETURNED,gift_card,Middle East
1098,702.0,2026-01-13,RETURNED,paypal,North America
1099,191.0,2026-04-25,PENDING,debit_card,Europe
1100,748.0,2023-01-09,DELIVERED,GIFT_CARD,Asia Pacific
1101,715.0,2026-02-07,DELIVERED,gift_card,North America
1102,148.0,2026-08-06,RETURNED,debit_card,Africa
1103,66.0,2024-10-19,PROCESSING,gift_card,Asia Pacific
1104,144.0,2025-06-26,RETURNED,cash_on_delivery,North America
1105,0.0,04-Mar-2023,PROCESSING,gift_card,Middle East
1106,210.0,2023-06-24,PROCESSING,debit_card,Asia Pacific
1107,,2025-09-08,DELIVERED,cash_on_delivery,Africa
1108,260.0,2022-10-05,PENDING,cash_on_delivery,Asia Pacific
1109,582.0,2024-07-23,CANCELLED,gift_card,North America
1110,221.0,2024-04-03,PROCESSING,PAYPAL,North America
1111,733.0,2025-08-22,SHIPPED,gift_card,Africa
1112,746.0,2026-04-14,PENDING,,North America
1113,349.0,2024-10-29,PENDING,credit_card,Europe
1114,470.0,2023-02-05,RETURNED,paypal,North America
1115,391.0,2022-08-16,CANCELLED,paypal,Asia Pacific
1116,159.0,2023-12-06,DELIVERED,bank_transfer,Africa
1117,106.0,2026-07-28,CANCELLED,bank_transfer,Europe
1118,583.0,2022-10-17,DELIVERED,cash_on_delivery,Asia Pacific
1119,68.0,2025-07-12,CANCELLED,bank_transfer,Africa
1120,366.0,2026-03-19,PENDING,gift_card,Middle East
1121,246.0,2025-02-18,SHIPPED,debit_card,Middle East
1122,480.0,2026-04-25,CANCELLED,gift_card,mIDDLE eAST
1123,214.0,2022-12-23,CANCELLED,credit_card,sOUTH aMERICA
1124,,2024-01-09,SHIPPED,bank_transfer,Africa
1125,328.0,2024-08-04,SHIPPED,debit_card,Europe
1126,196.0,2026-05-22,DELIVERED,credit_card,Middle East
1127,230.0,2022-10-20,PROCESSING,cash_on_delivery,South America
1128,124.0,2023-01-17,REFUNDED,cash_on_delivery,Europe
1129,0.0,2024-10-26,RETURNED,credit_card,North America
1130,692.0,2025-11-12,PENDING,paypal,Africa
1131,481.0,2025-05-29,SHIPPED,credit_card,Africa
1132,727.0,2025-10-11,PENDING,cash_on_delivery,Asia Pacific
1133,537.0,2023-12-08,DELIVERED,debit_card,eUROPE
1134,691.0,2022-09-13,SHIPPED,bank_transfer,Europe
1135,594.0,2025-01-23,DELIVERED,credit_card,South America
1136,432.0,2025-07-26,sonforget,credit_card,Europe
1137,0.0,2026-05-26,RETURNED,credit_card,Africa
1138,735.0,07/01/2023,PROCESSING,debit_card,Asia Pacific
1139,296.0,2023-12-21,CANCELLED,cash_on_delivery,South America
1140,94.0,2023-06-17,PENDING,paypal,Africa
1141,160.0,2023-06-05,DELIVERED,credit_card,North America
1142,798.0,2023-10-29,DELIVERED,cash_on_delivery,Asia Pacific
1143,686.0,2023-10-13,SHIPPED,debit_card,North America
1144,681.0,2024-11-13,RETURNED,credit_card,Africa
1145,147.0,2024/06/25,fromspring,bank_transfer,Asia Pacific
1146,241.0,2025-06-17,PROCESSING,paypal,Africa
1147,92.0,2023-02-08,DELIVERED,credit_card,North America
1148,117.0,2023-10-07,CANCELLED,GIFT_CARD,Middle East
1149,286.0,2023-03-29,PROCESSING,credit_card,Middle East
1150,724.0,2023-04-11,CANCELLED,debit_card,Asia Pacific
1151,525.0,2023-10-09,PROCESSING,credit_card,South America
1152,311.0,2023-02-03,DELIVERED,bank_transfer,Europe
1153,91.0,2024-12-26,administrationprevent,credit_card,Africa
1154,208.0,2024/10/16,PROCESSING,cash_on_delivery,Middle East
1155,684.0,2023-01-16,PROCESSING,bank_transfer,Asia Pacific
1156,498.0,2023-06-26,RETURNED,bank_transfer,North America
1157,222.0,2024-11-29,DELIVERED,bank_transfer,Asia Pacific
1158,656.0,2024-04-29,RETURNED,debit_card,Asia Pacific
1159,528.0,2024-12-10,PROCESSING,credit_card,Africa
1160,192.0,2023-12-17,RETURNED,cash_on_delivery,Middle East
1161,248.0,2023-10-05,RETURNED,paypal,North America
1162,618.0,2023-03-17,SHIPPED,bank_transfer,North America
1163,810.0,2025-08-08,PROCESSING,gift_card,Europe
1164,597.0,2026-01-09,DELIVERED,debit_card,South America
1165,452.0,2023-10-24,REFUNDED,credit_card,Europe
1166,0.0,2025-01-17,PENDING,paypal,Africa
1167,475.0,2023-08-25,CANCELLED,credit_card,
1168,14.0,2023-12-06,Congressavoid,credit_card,Asia Pacific
1169,0.0,2025-03-19,PENDING,cash_on_delivery,South America
1170,17.0,2026-05-27,REFUNDED,bank_transfer,NORTH AMERICA
1171,395.0,2024-01-18,RETURNED,gift_card,South America
1172,651.0,2024-11-26,REFUNDED,paypal,Africa
1173,313.0,2024-06-29,DELIVERED,bank_transfer,Middle East
1174,556.0,2022-10-27,DELIVERED,bank_transfer,Europe
1175,390.0,2023-02-28,SHIPPED,gift_card,Middle East
1176,766.0,2022-09-24,RETURNED,paypal,Europe
1177,440.0,2024-08-10,REFUNDED,gift_card,Asia Pacific
1178,158.0,2026-06-13,PROCESSING,credit_card,Asia Pacific
1179,163.0,2025-06-24,CANCELLED,gift_card,Middle East
1180,441.0,2022-10-27,RETURNED,cash_on_delivery,
1181,33.0,2023-01-21,RETURNED,cash_on_delivery,Europe
1182,777.0,2024-05-25,PROCESSING,cash_on_delivery,   Middle East   
1183,323.0,2022-11-01,PROCESSING,paypal,Europe
1184,360.0,04/09/2024,beforelast,credit_card,Africa
1185,576.0,2023-05-15,RETURNED,credit_card,Europe
1186,689.0,2025-08-08,PENDING,gift_card,South America
1187,743.0,2025-02-21,CANCELLED,credit_card,South America
1188,472.0,2026-05-25,CANCELLED,paypal,Asia Pacific
1189,537.0,2025-02-15,DELIVERED,paypal,Middle East
1190,648.0,2025-04-13,RETURNED,bank_transfer,Middle East
1191,312.0,2026-02-28,RETURNED,paypal,Europe
1192,486.0,2025-07-17,PROCESSING,debit_card,North America
1193,89.0,2025-07-31,PROCESSING,gift_card,Asia Pacific
1194,264.0,2024-07-02,DELIVERED,credit_card,
1195,604.0,2025-03-24,PENDING,cash_on_delivery,Asia Pacific
1196,,13-Feb-2024,PENDING,paypal,Asia Pacific
1197,605.0,2023-12-08,PENDING,cash_on_delivery,South America
1198,178.0,2024-01-08,RETURNED,debit_card,South America
1199,93.0,01/30/2026,CANCELLED,gift_card,South America
1200,,2023-06-13,SHIPPED,cash_on_delivery,Africa
1201,478.0,2025-08-21,PROCESSING,debit_card,North America
1202,88.0,2025-12-07,SHIPPED,cash_on_delivery,South America
1203,40.0,2025-06-17,PROCESSING,gift_card,South America
1204,418.0,2026-01-18,CANCELLED,debit_card,North America
1205,66.0,2024-11-15,DELIVERED,bank_transfer,South America
1206,516.0,2022-12-10,REFUNDED,bank_transfer,Middle East
1207,,2026-07-13,PENDING,bank_transfer,Asia Pacific
1208,500.0,2025-11-14,DELIVERED,credit_card,Europe
1209,58.0,2025-11-09,CANCELLED,paypal,NORTH AMERICA
1210,574.0,2024-08-02,PENDING,bank_transfer,North America
1211,324.0,2025-01-08,RETURNED,cash_on_delivery,aSIA pACIFIC
1212,418.0,2023-03-02,PENDING,gift_card,Africa
1213,555.0,2023-01-01,RETURNED,cash_on_delivery,North America
1214,0.0,2026-01-23,REFUNDED,credit_card,Europe
1215,174.0,07-01-2026,PENDING,paypal,sOUTH aMERICA
1216,125.0,2026-07-08,PROCESSING,gift_card,Asia Pacific
1217,665.0,2023-01-08,saymanagement,gift_card,South America
1218,498.0,2025-07-08,loseforce,bank_transfer,   North America   
1219,10.0,2025-05-07,PENDING,bank_transfer,South America
1220,329.0,2025-11-09,SHIPPED,credit_card,   Asia Pacific   
1221,,2025-11-12,REFUNDED,paypal,Europe
1222,615.0,2024-08-01,DELIVERED,debit_card,Asia Pacific
1223,514.0,2024-08-09,DELIVERED,cash_on_delivery,South America
1224,391.0,2023-08-04,PROCESSING,bank_transfer,North America
1225,490.0,2023-07-23,DELIVERED,gift_card,North America
1226,684.0,2023-03-21,PROCESSING,bank_transfer,Europe
1227,1.0,2026-04-08,DELIVERED,paypal,North America
1228,105.0,2026-06-01,DELIVERED,paypal,Middle East
1229,426.0,2025-03-25,CANCELLED,paypal,Europe
1230,23.0,2023-09-14,DELIVERED,debit_card,Middle East
1231,657.0,2024-04-10,whilehimself,debit_card,South America
1232,799.0,2023-05-21,PENDING,gift_card,Middle East
1233,287.0,2025-07-31,RETURNED,,Asia Pacific
1234,526.0,2026-07-04,RETURNED,debit_card,North America
1235,411.0,2025-06-08,PENDING,gift_card,Asia Pacific
1236,259.0,2024-01-05,DELIVERED,cash_on_delivery,Europe
1237,110.0,2025-12-17,DELIVERED,bank_transfer,Europe
1238,567.0,2026-04-08,DELIVERED,cash_on_delivery,North America
1239,724.0,2026-05-11,PENDING,paypal,South America
1240,,2023-12-27,DELIVERED,paypal,South America
1241,500.0,2024-07-14,REFUNDED,cash_on_delivery,North America
1242,600.0,2024-09-05,PROCESSING,credit_card,South America
1243,357.0,26-09-2022,PENDING,debit_card,Africa
1244,248.0,2022-11-19,DELIVERED,credit_card,Middle East
1245,58.0,2024-08-17,CANCELLED,debit_card,South America
1246,712.0,2023-02-01,RETURNED,bank_transfer,South America
1247,751.0,2024-02-06,CANCELLED,debit_card,South America
1248,72.0,2024-08-22,SHIPPED,cash_on_delivery,South America
1249,506.0,2024-07-26,PENDING,bank_transfer,North America
1250,586.0,2026/03/15,PROCESSING,cash_on_delivery,Europe
1251,399.0,2023-05-02,PROCESSING,debit_card,Middle East
1252,794.0,2023-10-22,REFUNDED,CASH_ON_DELIVERY,Africa
1253,747.0,2025-11-14,SHIPPED,credit_card,Africa
1254,193.0,2024-02-02,REFUNDED,paypal,North America
1255,197.0,2025-03-05,CANCELLED,bank_transfer,Asia Pacific
1256,0.0,2025-01-18,PENDING,paypal,South America
1257,740.0,2023-02-23,RETURNED,debit_card,North America
1258,97.0,2024-10-07,PROCESSING,cash_on_delivery,Europe
1259,686.0,2023-01-16,PROCESSING,GIFT_CARD,South America
1260,719.0,2024-05-01,REFUNDED,credit_card,Africa
1261,0.0,2026-01-31,RETURNED,paypal,Asia Pacific
1262,328.0,2025-08-23,CANCELLED,paypal,South America
1263,184.0,2025-12-29,SHIPPED,bank_transfer,Africa
1264,274.0,2023-01-23,REFUNDED,debit_card,Middle East
1265,444.0,2023-12-29,PENDING,cash_on_delivery,Asia Pacific
1266,583.0,2024-12-20,REFUNDED,paypal,North America
1267,237.0,2025-05-14,CANCELLED,paypal,Africa
1268,193.0,2022-11-28,PROCESSING,paypal,South America
1269,484.0,2025-12-22,RETURNED,paypal,Africa
1270,295.0,11/22/2023,DELIVERED,debit_card,Africa
1271,461.0,2024-11-14,DELIVERED,paypal,North America
1272,,2024-07-26,SHIPPED,cash_on_delivery,Middle East
1273,620.0,2024-04-23,DELIVERED,bank_transfer,South America
1274,128.0,2025-02-12,PENDING,cash_on_delivery,nORTH aMERICA
1275,282.0,2024-05-13,CANCELLED,paypal,Middle East
1276,626.0,2023-08-15,RETURNED,cash_on_delivery,North America
1277,444.0,2025-03-31,PENDING,cash_on_delivery,Europe
1278,734.0,2023-08-23,PENDING,bank_transfer,Asia Pacific
1279,518.0,08-12-2024,SHIPPED,bank_transfer,Africa
1280,210.0,2023-04-14,DELIVERED,paypal,Europe
1281,285.0,2024-08-28,RETURNED,paypal,North America
1282,497.0,2024-03-28,REFUNDED,paypal,South America
1283,483.0,2022-11-20,RETURNED,gift_card,South America
1284,699.0,21-01-2024,REFUNDED,debit_card,Africa
1285,74.0,2023-06-29,DELIVERED,gift_card,South America
1286,54.0,2026-01-25,SHIPPED,gift_card,Europe
1287,450.0,09-06-2024,ruleperhaps,cash_on_delivery,Middle East
1288,516.0,2025-12-10,REFUNDED,paypal,Africa
1289,336.0,2024-06-16,SHIPPED,bank_transfer,South America
1290,413.0,2025-01-07,PROCESSING,cash_on_delivery,Asia Pacific
1291,201.0,2025-12-15,RETURNED,debit_card,Africa
1292,128.0,2024-01-23,DELIVERED,bank_transfer,Europe
1293,402.0,2024-12-02,DELIVERED,bank_transfer,aFRICA
1294,508.0,2025-07-23,CANCELLED,paypal,Africa
1295,363.0,2023-08-11,PROCESSING,debit_card,Asia Pacific
1296,477.0,2023-05-05,REFUNDED,bank_transfer,EUROPE
1297,612.0,2025-06-04,PENDING,bank_transfer,Europe
1298,637.0,2025-06-15,SHIPPED,cash_on_delivery,North America
1299,,12/09/2022,PENDING,cash_on_delivery,Africa
1300,673.0,2025-10-01,SHIPPED,bank_transfer,Europe
1301,647.0,2026-07-26,PROCESSING,gift_card,Africa
1302,72.0,19-Aug-2025,REFUNDED,credit_card,Europe
1303,784.0,2025-01-17,REFUNDED,cash_on_delivery,Middle East
1304,326.0,2026-03-01,REFUNDED,cash_on_delivery,Asia Pacific
1305,436.0,2024-09-03,SHIPPED,credit_card,Africa
1306,410.0,2023-02-03,DELIVERED,gift_card,Asia Pacific
1307,352.0,2025-04-03,PROCESSING,cash_on_delivery,North America
1308,4.0,2025-02-20,CANCELLED,gift_card,Africa
1309,697.0,2024-07-29,DELIVERED,debit_card,Asia Pacific
1310,545.0,2023-12-28,PROCESSING,bank_transfer,Europe
1311,465.0,2024-12-19,DELIVERED,gift_card,Europe
1312,621.0,2023-01-08,DELIVERED,paypal,North America
1313,493.0,2026-02-06,RETURNED,gift_card,Europe
1314,318.0,2024-07-01,CANCELLED,bank_transfer,North America
1315,848.0,2023-05-10,PROCESSING,debit_card,Asia Pacific
1316,795.0,2023-12-01,CANCELLED,cash_on_delivery,South America
1317,60.0,2024-05-01,DELIVERED,cash_on_delivery,Africa
1318,385.0,2022-11-26,REFUNDED,paypal,Middle East
1319,551.0,2025-02-24,REFUNDED,debit_card,North America
1320,784.0,2023-01-25,SHIPPED,credit_card,South America
1321,622.0,2025-07-09,PENDING,debit_card,South America
1322,782.0,2026-01-25,CANCELLED,credit_card,Africa
1323,93.0,2025-02-21,PROCESSING,credit_card,Asia Pacific
1324,56.0,2025-11-20,PROCESSING,credit_card,North America
1325,103.0,2026-04-01,REFUNDED,credit_card,Africa
1326,760.0,2024-03-20,CANCELLED,gift_card,Africa
1327,189.0,2023-12-31,SHIPPED,cash_on_delivery,South America
1328,315.0,2024-09-15,CANCELLED,gift_card,Middle East
1329,392.0,2025-05-07,REFUNDED,gift_card,Middle East
1330,652.0,2025-05-31,PENDING,debit_card,Europe
1331,129.0,2022-11-13,RETURNED,debit_card,Africa
1332,634.0,2022-12-28,SHIPPED,cash_on_delivery,
1333,12.0,2023-07-14,SHIPPED,paypal,South America
1334,779.0,2026-01-30,RETURNED,debit_card,
1335,274.0,2023-03-13,PROCESSING,cash_on_delivery,Asia Pacific
1336,359.0,2026-05-19,SHIPPED,credit_card,South America
1337,658.0,2025-01-28,REFUNDED,credit_card,South America
1338,178.0,2026-06-13,CANCELLED,debit_card,Asia Pacific
1339,,2025-10-25,REFUNDED,cash_on_delivery,North America
1340,518.0,2025-04-24,PENDING,paypal,Africa
1341,138.0,2026-01-19,PENDING,debit_card,Asia Pacific
1342,629.0,2022-08-10,CANCELLED,cash_on_delivery,North America
1343,606.0,2025-10-29,RETURNED,credit_card,North America
1344,604.0,2023-03-25,REFUNDED,paypal,Asia Pacific
1345,898.0,2025-06-01,PENDING,gift_card,Middle East
1346,297.0,2023-03-29,REFUNDED,paypal,Africa
1347,316.0,2024-07-13,SHIPPED,bank_transfer,South America
1348,578.0,2024-11-12,PENDING,paypal,South America
1349,530.0,2023-11-05,DELIVERED,bank_transfer,Middle East
1350,171.0,2024-04-06,DELIVERED,paypal,Africa
1351,2.0,2025-03-23,PROCESSING,credit_card,South America
1352,745.0,2025-01-23,PROCESSING,paypal,Asia Pacific
1353,332.0,2024-07-04,DELIVERED,cash_on_delivery,Europe
1354,366.0,2023-06-09,CANCELLED,gift_card,Asia Pacific
1355,516.0,2023-06-25,SHIPPED,gift_card,Europe
1356,299.0,2025-07-03,DELIVERED,cash_on_delivery,South America
1357,634.0,2026-05-04,SHIPPED,bank_transfer,Europe
1358,657.0,2023-12-14,CANCELLED,bank_transfer,North America
1359,0.0,2023-11-18,DELIVERED,cash_on_delivery,Europe
1360,39.0,2025-01-11,REFUNDED,credit_card,Europe
1361,288.0,2025-12-25,RETURNED,cash_on_delivery,South America
1362,,2026-06-28,RETURNED,paypal,
1363,202.0,2025-06-30,RETURNED,paypal,North America
1364,540.0,2023-11-26,SHIPPED,bank_transfer,Africa
1365,600.0,2026-07-06,SHIPPED,debit_card,North America
1366,649.0,2026-08-04,DELIVERED,gift_card,   South America   
1367,65.0,2024-06-15,PROCESSING,credit_card,South America
1368,158.0,2025-08-29,REFUNDED,cash_on_delivery,North America
1369,665.0,2026-07-01,PENDING,gift_card,South America
1370,163.0,2024-01-26,RETURNED,bank_transfer,Europe
1371,405.0,2022-12-26,CANCELLED,credit_card,Middle East
1372,577.0,2025-01-31,PENDING,gift_card,North America
1373,705.0,2022-08-22,PENDING,paypal,Europe
1374,555.0,2025-03-16,PROCESSING,debit_card,Africa
1375,456.0,2024-10-10,CANCELLED,bank_transfer,Europe
1376,665.0,2024-04-28,PENDING,gift_card,Europe
1377,421.0,2026-03-18,REFUNDED,cash_on_delivery,South America
1378,415.0,2023-02-24,REFUNDED,gift_card,North America
1379,113.0,2026-03-26,SHIPPED,credit_card,Africa
1380,680.0,2023-11-09,DELIVERED,credit_card,Africa
1381,513.0,2022-11-14,CANCELLED,paypal,North America
1382,547.0,2024-03-05,SHIPPED,paypal,Europe
1383,382.0,2026-06-09,CANCELLED,paypal,Africa
1384,500.0,2024-12-09,REFUNDED,paypal,North America
1385,269.0,2022-10-31,DELIVERED,gift_card,South America
1386,455.0,2022-08-11,PROCESSING,credit_card,Asia Pacific
1387,261.0,2025-08-06,DELIVERED,gift_card,Africa
1388,570.0,2024-12-26,RETURNED,paypal,Middle East
1389,785.0,2026-02-04,PENDING,   bank_transfer   ,South America
1390,675.0,2024-02-19,DELIVERED,credit_card,Asia Pacific
1391,890.0,2023-01-27,DELIVERED,cash_on_delivery,Middle East
1392,374.0,2026-04-08,RETURNED,cash_on_delivery,South America
1393,362.0,2023-10-22,REFUNDED,debit_card,Asia Pacific
1394,,2026-04-15,SHIPPED,bank_transfer,South America
1395,354.0,2022-09-27,CANCELLED,credit_card,
1396,318.0,2023-08-10,PENDING,cash_on_delivery,Asia Pacific
1397,788.0,2024-06-10,PROCESSING,credit_card,Europe
1398,,2025-08-04,PENDING,credit_card,Africa
1399,158.0,2025-02-11,REFUNDED,bank_transfer,Middle East
1400,747.0,2024-04-13,REFUNDED,bank_transfer,Europe
1401,440.0,2025-04-07,REFUNDED,cash_on_delivery,South America
1402,331.0,2023-12-17,PROCESSING,debit_card,North America
1403,342.0,2025-08-19,CANCELLED,cash_on_delivery,Asia Pacific
1404,382.0,2024-03-26,REFUNDED,gift_card,Europe
1405,792.0,2024-05-01,SHIPPED,gift_card,Africa
1406,808.0,2024-03-24,PROCESSING,debit_card,Africa
1407,526.0,2024-06-16,PENDING,paypal,Middle East
1408,170.0,2024-12-03,SHIPPED,credit_card,Europe
1409,114.0,2023-07-04,PROCESSING,debit_card,Middle East
1410,,2024-10-17,recognizeconsumer,bank_transfer,North America
1411,557.0,2023-03-14,PENDING,debit_card,Asia Pacific
1412,68.0,2023-05-29,CANCELLED,gift_card,North America
1413,673.0,2024-12-19,PENDING,paypal,Asia Pacific
1414,305.0,2024-03-29,PROCESSING,gift_card,Asia Pacific
1415,331.0,2026-03-12,DELIVERED,gift_card,South America
1416,579.0,2026-07-16,PENDING,gift_card,Asia Pacific
1417,611.0,2024-02-20,PROCESSING,bank_transfer,North America
1418,558.0,2026-03-06,RETURNED,debit_card,Asia Pacific
1419,613.0,2024-05-19,DELIVERED,debit_card,Asia Pacific
1420,855.0,2023-04-06,REFUNDED,cash_on_delivery,North America
1421,618.0,2023-11-01,CANCELLED,debit_card,Europe
1422,85.0,2026-04-26,REFUNDED,credit_card,Asia Pacific
1423,387.0,2025-06-15,REFUNDED,cash_on_delivery,Africa
1424,0.0,2023-02-21,PENDING,credit_card,Middle East
1425,494.0,2023-03-06,PENDING,cash_on_delivery,South America
1426,498.0,2022-08-28,REFUNDED,,Asia Pacific
1427,716.0,2022-11-29,PENDING,,Asia Pacific
1428,245.0,2025-05-13,REFUNDED,bank_transfer,Europe
1429,447.0,2022-09-03,CANCELLED,,Europe
1430,651.0,2023-03-21,RETURNED,gift_card,North America
1431,431.0,2025-09-03,DELIVERED,gift_card,Africa
1432,,2026-05-15,REFUNDED,credit_card,Europe
1433,223.0,2024-09-04,REFUNDED,credit_card,Europe
1434,799.0,2025-05-28,REFUNDED,cash_on_delivery,Europe
1435,111.0,2024-06-18,RETURNED,credit_card,Middle East
1436,350.0,2023-03-08,SHIPPED,bank_transfer,Middle East
1437,275.0,2022-12-19,PROCESSING,,North America
1438,12.0,2023-03-11,SHIPPED,bank_transfer,Middle East
1439,224.0,2025-05-03,PROCESSING,cash_on_delivery,Asia Pacific
1440,468.0,2026-01-12,DELIVERED,bank_transfer,aSIA pACIFIC
1441,480.0,2024-05-17,CANCELLED,cash_on_delivery,Africa
1442,245.0,2026-04-07,DELIVERED,paypal,Middle East
1443,669.0,2024-07-18,PROCESSING,debit_card,South America
1444,604.0,2026-05-29,RETURNED,debit_card,   Asia Pacific   
1445,265.0,2025-12-17,RETURNED,gift_card,North America
1446,331.0,2025-07-25,SHIPPED,debit_card,North America
1447,272.0,2025-03-05,SHIPPED,paypal,Middle East
1448,593.0,2026-07-25,CANCELLED,gift_card,Middle East
1449,7.0,2024-06-01,SHIPPED,paypal,Asia Pacific
1450,435.0,2025-04-04,SHIPPED,cash_on_delivery,Asia Pacific
1451,173.0,2023-05-16,PENDING,credit_card,North America
1452,574.0,2024-07-15,PENDING,bank_transfer,South America
1453,796.0,2024-10-09,REFUNDED,bank_transfer,Middle East
1454,582.0,2024-05-29,REFUNDED,paypal,South America
1455,438.0,2024-12-14,PENDING,credit_card,South America
1456,840.0,2024-05-10,tenlisten,paypal,South America
1457,0.0,2024-02-12,PROCESSING,bank_transfer,Europe
1458,713.0,2023-07-26,PENDING,credit_card,Europe
1459,365.0,2023-05-25,PROCESSING,debit_card,Africa
1460,57.0,2024-05-30,SHIPPED,bank_transfer,Europe
1461,382.0,2025-03-06,CANCELLED,cash_on_delivery,South America
1462,812.0,2022-08-21,RETURNED,paypal,Middle East
1463,513.0,2025-01-23,PROCESSING,gift_card,Africa
1464,495.0,2024-09-21,PENDING,gift_card,Middle East
1465,742.0,2026-03-17,PENDING,gift_card,South America
1466,,18-09-2025,PROCESSING,bank_transfer,Middle East
1467,331.0,2023-08-12,PENDING,credit_card,South America
1468,0.0,2025-08-20,RETURNED,paypal,Asia Pacific
1469,575.0,2024-09-27,REFUNDED,bank_transfer,Middle East
1470,710.0,2023-10-02,DELIVERED,credit_card,Africa
1471,445.0,2024-05-09,REFUNDED,gift_card,Asia Pacific
1472,351.0,2026-07-19,REFUNDED,paypal,Asia Pacific
1473,416.0,2024-12-05,PROCESSING,gift_card,South America
1474,49.0,2025-01-21,REFUNDED,debit_card,Middle East
1475,52.0,2024-03-02,RETURNED,,
1476,172.0,2022-09-30,RETURNED,bank_transfer,Africa
1477,614.0,2022-10-07,PROCESSING,debit_card,North America
1478,341.0,2025-01-08,SHIPPED,debit_card,North America
1479,68.0,2024-08-29,PENDING,paypal,Europe
1480,626.0,2023-02-10,seahome,debit_card,Europe
1481,653.0,2025-01-27,RETURNED,debit_card,Africa
1482,85.0,2024-08-27,CANCELLED,paypal,
1483,242.0,2025-07-17,DELIVERED,bank_transfer,North America
1484,443.0,2022-12-17,PROCESSING,paypal,Asia Pacific
1485,756.0,2023-03-18,REFUNDED,gift_card,Europe
1486,635.0,2025-09-17,PENDING,bank_transfer,Africa
1487,585.0,2025-09-19,PENDING,debit_card,Europe
1488,758.0,2024-11-04,RETURNED,gift_card,South America
1489,468.0,2026-04-05,RETURNED,debit_card,Middle East
1490,645.0,2025-10-18,PROCESSING,gift_card,South America
1491,260.0,2025-12-01,DELIVERED,credit_card,Middle East
1492,332.0,2023-10-18,RETURNED,credit_card,South America
1493,366.0,2024-08-01,PROCESSING,paypal,Asia Pacific
1494,156.0,2024-10-21,CANCELLED,debit_card,Africa
1495,382.0,2022-12-09,SHIPPED,credit_card,South America
1496,256.0,2024-10-31,REFUNDED,gift_card,Europe
1497,261.0,2026-05-23,SHIPPED,credit_card,Asia Pacific
1498,402.0,2025-03-14,RETURNED,bank_transfer,South America
1499,0.0,2022-12-25,RETURNED,credit_card,South America
1500,734.0,2023-08-25,PENDING,bank_transfer,sOUTH aMERICA
1501,322.0,2024-08-12,DELIVERED,cash_on_delivery,Asia Pacific
1502,314.0,2025-04-15,SHIPPED,debit_card,Africa
1503,112.0,2025-10-05,PENDING,credit_card,Europe
1504,498.0,2025-06-06,DELIVERED,cash_on_delivery,Middle East
1505,118.0,2025-06-13,CANCELLED,bank_transfer,Middle East
1506,,2022-12-09,DELIVERED,gift_card,Asia Pacific
1507,410.0,2025-07-07,PENDING,cash_on_delivery,South America
1508,2.0,2025-05-10,PROCESSING,gift_card,Middle East
1509,216.0,2024-11-24,RETURNED,paypal,North America
1510,,12/31/2025,PROCESSING,cash_on_delivery,Middle East
1511,562.0,2025-01-26,CANCELLED,debit_card,North America
1512,,2023-12-08,DELIVERED,bank_transfer,North America
1513,442.0,2025-03-19,SHIPPED,credit_card,Middle East
1514,516.0,2022-10-30,REFUNDED,credit_card,Africa
1515,355.0,2026-06-18,CANCELLED,bank_transfer,South America
1516,102.0,2024-01-25,DELIVERED,bank_transfer,Middle East
1517,493.0,2024-11-18,CANCELLED,gift_card,North America
1518,329.0,2025-12-01,RETURNED,credit_card,Europe
1519,214.0,08/26/2022,PENDING,cash_on_delivery,Asia Pacific
1520,220.0,2024-08-07,PROCESSING,credit_card,Europe
1521,162.0,15-07-2024,PROCESSING,cash_on_delivery,South America
1522,580.0,2024-10-14,DELIVERED,gift_card,Europe
1523,535.0,2026-06-17,DELIVERED,cash_on_delivery,South America
1524,805.0,2024-08-07,PROCESSING,debit_card,   Europe   
1525,81.0,2025-01-17,DELIVERED,gift_card,Middle East
1526,520.0,2025-09-22,REFUNDED,credit_card,Asia Pacific
1527,131.0,2024-01-06,PENDING,bank_transfer,Europe
1528,427.0,2024-05-25,DELIVERED,credit_card,Asia Pacific
1529,311.0,2024-02-09,SHIPPED,,Europe
1530,251.0,2025-12-31,PROCESSING,bank_transfer,North America
1531,546.0,2023-11-10,PENDING,credit_card,Asia Pacific
1532,781.0,2023-11-02,RETURNED,debit_card,
1533,763.0,2023-04-27,SHIPPED,credit_card,Middle East
1534,693.0,2022-10-03,CANCELLED,cash_on_delivery,Europe
1535,47.0,2025-07-24,DELIVERED,debit_card,Europe
1536,576.0,2026-07-13,REFUNDED,gift_card,North America
1537,119.0,2025-02-23,SHIPPED,bank_transfer,   Africa   
1538,49.0,2025-10-17,PENDING,bank_transfer,Europe
1539,363.0,25-11-2023,CANCELLED,bank_transfer,Asia Pacific
1540,56.0,2025-09-12,REFUNDED,bank_transfer,North America
1541,629.0,2025-12-11,REFUNDED,cash_on_delivery,Middle East
1542,630.0,2025-01-01,PROCESSING,paypal,Africa
1543,462.0,18-09-2023,SHIPPED,paypal,North America
1544,702.0,2022-11-13,CANCELLED,credit_card,Middle East
1545,406.0,2025-04-13,RETURNED,credit_card,
1546,388.0,2024-08-14,SHIPPED,gift_card,Middle East
1547,110.0,2025/01/24,CANCELLED,credit_card,Asia Pacific
1548,228.0,2023-04-29,PENDING,gift_card,Middle East
1549,815.0,2025-01-15,CANCELLED,credit_card,Middle East
1550,0.0,2022-10-29,DELIVERED,paypal,North America
1551,238.0,2025-05-25,REFUNDED,debit_card,Middle East
1552,166.0,2023-11-06,CANCELLED,debit_card,North America
1553,,2026-01-17,RETURNED,credit_card,Africa
1554,,2025-09-28,CANCELLED,gift_card,Africa
1555,582.0,2025-04-05,RETURNED,paypal,Africa
1556,765.0,2022-09-21,SHIPPED,cash_on_delivery,Middle East
1557,675.0,2023-10-29,SHIPPED,bank_transfer,Africa
1558,128.0,2024-09-01,RETURNED,bank_transfer,Asia Pacific
1559,235.0,2022-12-16,PENDING,paypal,South America
1560,628.0,2023/02/23,RETURNED,debit_card,Europe
1561,459.0,2024-10-03,DELIVERED,credit_card,Europe
1562,244.0,07-Dec-2022,RETURNED,paypal,Asia Pacific
1563,155.0,2026-03-24,PENDING,paypal,Middle East
1564,50.0,2026-01-01,RETURNED,gift_card,North America
1565,600.0,2023-10-15,RETURNED,bank_transfer,Europe
1566,237.0,2023-09-05,REFUNDED,CREDIT_CARD,Middle East
1567,587.0,2023-03-03,REFUNDED,cash_on_delivery,Africa
1568,224.0,2025-03-23,RETURNED,credit_card,Africa
1569,251.0,2023-10-20,PENDING,gift_card,Europe
1570,544.0,2023-10-11,RETURNED,cash_on_delivery,
1571,394.0,2026-04-03,PENDING,credit_card,Africa
1572,707.0,2023-09-13,PROCESSING,gift_card,South America
1573,474.0,2022-09-01,PROCESSING,bank_transfer,South America
1574,184.0,2025-10-04,REFUNDED,paypal,Middle East
1575,617.0,2023-01-30,RETURNED,debit_card,Europe
1576,190.0,2025-03-05,CANCELLED,cash_on_delivery,Europe
1577,,2023-05-08,RETURNED,bank_transfer,Africa
1578,228.0,2026-06-23,CANCELLED,,Middle East
1579,720.0,2025-02-14,PENDING,paypal,Africa
1580,494.0,2025-09-30,PENDING,cash_on_delivery,Middle East
1581,242.0,2023/04/01,SHIPPED,bank_transfer,Asia Pacific
1582,305.0,29-05-2025,RETURNED,credit_card,North America
1583,789.0,2024-07-03,SHIPPED,debit_card,Middle East
1584,70.0,2024-03-06,REFUNDED,cash_on_delivery,South America
1585,401.0,2026-01-15,DELIVERED,BANK_TRANSFER,Asia Pacific
1586,165.0,2023-05-09,SHIPPED,paypal,Europe
1587,256.0,19-09-2023,PROCESSING,credit_card,Middle East
1588,524.0,2025-12-07,CANCELLED,bank_transfer,South America
1589,176.0,2025-08-02,PENDING,gift_card,Africa
1590,484.0,2023-08-11,SHIPPED,DEBIT_CARD,North America
1591,,2024-09-01,PROCESSING,debit_card,Africa
1592,336.0,2023-05-17,PROCESSING,paypal,Africa
1593,551.0,02-01-2026,PENDING,paypal,South America
1594,817.0,2024-11-06,PROCESSING,debit_card,South America
1595,146.0,2026-04-10,CANCELLED,gift_card,Asia Pacific
1596,574.0,2022-09-30,PROCESSING,credit_card,North America
1597,627.0,2024-01-24,RETURNED,bank_transfer,Asia Pacific
1598,66.0,20-02-2025,becomecheck,credit_card,Asia Pacific
1599,753.0,2026-07-30,CANCELLED,paypal,North America
1600,710.0,2026-02-06,RETURNED,debit_card,Middle East
1601,418.0,2023-04-09,PENDING,cash_on_delivery,Africa
1602,340.0,2026-03-03,RETURNED,paypal,South America
1603,562.0,2024-09-18,PROCESSING,debit_card,Africa
1604,731.0,2025-10-22,SHIPPED,paypal,Asia Pacific
1605,815.0,2024-05-12,SHIPPED,paypal,Europe
1606,552.0,2025-11-18,RETURNED,debit_card,South America
1607,0.0,2024-03-27,DELIVERED,paypal,Middle East
1608,443.0,2024-06-23,economyrecent,credit_card,Europe
1609,337.0,2025-09-10,PROCESSING,gift_card,Africa
1610,417.0,2025-04-26,CANCELLED,bank_transfer,Asia Pacific
1611,562.0,2023-04-26,REFUNDED,   debit_card   ,Europe
1612,90.0,2023-07-03,PROCESSING,BANK_TRANSFER,Europe
1613,357.0,2025-01-23,CANCELLED,gift_card,South America
1614,63.0,2025-09-23,REFUNDED,credit_card,South America
1615,529.0,2026-03-09,DELIVERED,cash_on_delivery,SOUTH AMERICA
1616,749.0,2024-01-28,DELIVERED,cash_on_delivery,Africa
1617,337.0,2022-11-02,REFUNDED,gift_card,North America
1618,532.0,2025-05-03,REFUNDED,gift_card,South America
1619,525.0,2023-09-24,RETURNED,gift_card,Europe
1620,583.0,2025-10-26,CANCELLED,credit_card,Asia Pacific
1621,746.0,2026-02-03,CANCELLED,gift_card,Europe
1622,113.0,2023-02-06,RETURNED,credit_card,Middle East
1623,292.0,2022-10-30,PROCESSING,gift_card,Asia Pacific
1624,256.0,2023-04-27,CANCELLED,paypal,Middle East
1625,759.0,2024-07-30,CANCELLED,credit_card,Middle East
1626,775.0,2024-04-20,CANCELLED,debit_card,Asia Pacific
1627,224.0,2024-08-18,RETURNED,paypal,Asia Pacific
1628,704.0,2023-11-21,RETURNED,bank_transfer,Asia Pacific
1629,3.0,2024-08-18,RETURNED,bank_transfer,South America
1630,,2025-10-12,PROCESSING,debit_card,Asia Pacific
1631,746.0,2025-10-21,CANCELLED,debit_card,South America
1632,712.0,2026-07-12,RETURNED,gift_card,North America
1633,132.0,2024-11-14,DELIVERED,debit_card,Asia Pacific
1634,377.0,07-08-2023,DELIVERED,paypal,North America
1635,429.0,2024-03-21,PROCESSING,paypal,Europe
1636,578.0,2025-07-06,REFUNDED,debit_card,Middle East
1637,804.0,2025-08-10,RETURNED,bank_transfer,North America
1638,728.0,2024-04-06,PROCESSING,   gift_card   ,Europe
1639,332.0,2024-08-16,RETURNED,paypal,North America
1640,621.0,09/21/2023,DELIVERED,gift_card,South America
1641,64.0,2023-03-23,PROCESSING,paypal,   Asia Pacific   
1642,146.0,2024-11-11,RETURNED,bank_transfer,MIDDLE EAST
1643,24.0,2026-04-22,PROCESSING,bank_transfer,mIDDLE eAST
1644,177.0,2024-06-15,DELIVERED,credit_card,Middle East
1645,168.0,2022-08-28,SHIPPED,credit_card,Africa
1646,753.0,2023-11-01,RETURNED,gift_card,North America
1647,3.0,2026-07-20,PROCESSING,paypal,Asia Pacific
1648,149.0,2025-12-30,PROCESSING,cash_on_delivery,Asia Pacific
1649,332.0,2024-07-07,SHIPPED,bank_transfer,Middle East
1650,155.0,2024-03-25,REFUNDED,debit_card,Middle East
1651,591.0,2025-06-29,RETURNED,cash_on_delivery,Europe
1652,278.0,2023-12-13,RETURNED,bank_transfer,Middle East
1653,451.0,2024-11-10,RETURNED,debit_card,Europe
1654,257.0,2025-07-05,SHIPPED,bank_transfer,Middle East
1655,491.0,2026-07-05,analysisbill,bank_transfer,North America
1656,157.0,2024-11-12,PENDING,cash_on_delivery,Asia Pacific
1657,704.0,2025-04-26,REFUNDED,gift_card,Africa
1658,661.0,2024-03-25,SHIPPED,cash_on_delivery,North America
1659,657.0,13-03-2026,RETURNED,bank_transfer,Asia Pacific
1660,196.0,2024-06-10,CANCELLED,credit_card,Europe
1661,409.0,2025-03-15,RETURNED,credit_card,Middle East
1662,122.0,07/06/2026,CANCELLED,   bank_transfer   ,Africa
1663,665.0,2025-05-18,DELIVERED,credit_card,North America
1664,382.0,2026-04-04,SHIPPED,gift_card,Asia Pacific
1665,69.0,2023-10-07,PROCESSING,CREDIT_CARD,North America
1666,744.0,2024-01-12,DELIVERED,,Europe
1667,700.0,2023-10-03,CANCELLED,cash_on_delivery,nORTH aMERICA
1668,485.0,2023-09-28,CANCELLED,paypal,Africa
1669,330.0,2026-01-07,RETURNED,cash_on_delivery,Asia Pacific
1670,697.0,2023-01-09,SHIPPED,cash_on_delivery,Europe
1671,737.0,2023-09-10,PROCESSING,debit_card,North America
1672,245.0,2025-05-22,REFUNDED,bank_transfer,Middle East
1673,790.0,2025-02-02,REFUNDED,gift_card,Asia Pacific
1674,328.0,2024-04-08,RETURNED,paypal,North America
1675,631.0,2024-07-26,DELIVERED,gift_card,Middle East
1676,346.0,2025-11-23,SHIPPED,cash_on_delivery,Europe
1677,592.0,2025-06-24,RETURNED,cash_on_delivery,South America
1678,100.0,2025-10-16,REFUNDED,credit_card,North America
1679,421.0,2023-08-20,CANCELLED,gift_card,Middle East
1680,249.0,2025-09-23,RETURNED,paypal,Asia Pacific
1681,667.0,2025-06-18,RETURNED,paypal,mIDDLE eAST
1682,508.0,2025-02-09,PROCESSING,gift_card,North America
1683,496.0,2025-11-18,SHIPPED,cash_on_delivery,Africa
1684,624.0,2023-06-08,PENDING,gift_card,Asia Pacific
1685,494.0,2024-10-25,PENDING,gift_card,Europe
1686,512.0,2024-01-16,REFUNDED,paypal,Europe
1687,439.0,2025-06-27,PROCESSING,cash_on_delivery,Middle East
1688,301.0,2025-07-17,DELIVERED,paypal,Europe
1689,626.0,2023-05-16,REFUNDED,debit_card,Middle East
1690,187.0,09-12-2023,PROCESSING,gift_card,Africa
1691,28.0,2024-12-07,RETURNED,credit_card,Europe
1692,686.0,2022-08-26,CANCELLED,paypal,North America
1693,246.0,2025-06-20,DELIVERED,credit_card,   Asia Pacific   
1694,388.0,2022-08-23,CANCELLED,credit_card,South America
1695,181.0,2026-02-21,SHIPPED,gift_card,Asia Pacific
1696,361.0,2022-11-23,DELIVERED,bank_transfer,North America
1697,824.0,2022-08-28,PENDING,cash_on_delivery,Middle East
1698,356.0,2024-05-09,PENDING,cash_on_delivery,Europe
1699,536.0,2023-01-08,DELIVERED,credit_card,Middle East
1700,722.0,2024-11-02,PROCESSING,cash_on_delivery,MIDDLE EAST
1701,539.0,2023-01-18,REFUNDED,paypal,Middle East
1702,832.0,2025-07-09,RETURNED,credit_card,Africa
1703,773.0,2024-07-02,CANCELLED,debit_card,South America
1704,130.0,2024-02-07,PROCESSING,bank_transfer,Africa
1705,191.0,2023-07-16,DELIVERED,bank_transfer,Asia Pacific
1706,,2025-09-09,PENDING,cash_on_delivery,Europe
1707,228.0,2023-11-17,PENDING,paypal,Europe
1708,351.0,2023-09-05,REFUNDED,bank_transfer,Africa
1709,58.0,2023-06-05,REFUNDED,paypal,Europe
1710,226.0,2022-10-01,RETURNED,gift_card,South America
1711,0.0,2022-09-15,SHIPPED,PAYPAL,South America
1712,701.0,2025-03-29,SHIPPED,debit_card,Asia Pacific
1713,572.0,2022-12-30,DELIVERED,cash_on_delivery,North America
1714,472.0,2022-11-06,CANCELLED,debit_card,Europe
1715,271.0,2026-08-06,PENDING,gift_card,Asia Pacific
1716,167.0,2025-02-17,PROCESSING,paypal,Europe
1717,245.0,26-May-2025,DELIVERED,gift_card,Europe
1718,500.0,2026-05-29,CANCELLED,BANK_TRANSFER,Europe
1719,590.0,2026-02-27,PENDING,,Africa
1720,365.0,2023-07-12,DELIVERED,bank_transfer,North America
1721,,2025-02-26,CANCELLED,debit_card,South America
1722,786.0,2025-04-27,DELIVERED,bank_transfer,Europe
1723,,2023-02-15,SHIPPED,gift_card,Europe
1724,351.0,2025-08-13,SHIPPED,paypal,South America
1725,527.0,2023-02-12,DELIVERED,paypal,Europe
1726,757.0,2022-12-22,CANCELLED,gift_card,South America
1727,513.0,2026-04-01,PENDING,debit_card,North America
1728,307.0,2025-03-06,SHIPPED,paypal,Africa
1729,485.0,2023-02-27,PROCESSING,gift_card,Middle East
1730,59.0,2024-03-16,DELIVERED,debit_card,Europe
1731,292.0,2025-05-25,PROCESSING,PAYPAL,Middle East
1732,590.0,2025-11-08,REFUNDED,paypal,Africa
1733,490.0,2026-06-07,CANCELLED,cash_on_delivery,Middle East
1734,140.0,2025-05-12,PENDING,gift_card,South America
1735,117.0,2023-05-24,otherssuggest,debit_card,Africa
1736,220.0,2026-06-01,PROCESSING,cash_on_delivery,Middle East
1737,245.0,2023-01-29,PROCESSING,paypal,North America
1738,209.0,2025-07-25,PROCESSING,cash_on_delivery,
1739,52.0,2023-05-23,REFUNDED,cash_on_delivery,Middle East
1740,120.0,2023-09-07,CANCELLED,cash_on_delivery,Middle East
1741,576.0,2023-11-10,PENDING,gift_card,South America
1742,56.0,2024-08-04,PROCESSING,paypal,Africa
1743,562.0,2025-06-01,PENDING,cash_on_delivery,North America
1744,115.0,2026-08-03,REFUNDED,debit_card,SOUTH AMERICA
1745,,2022-12-05,PROCESSING,credit_card,Middle East
1746,721.0,2025-04-28,DELIVERED,debit_card,Africa
1747,27.0,2024-07-14,PROCESSING,debit_card,Africa
1748,57.0,2026-07-13,PENDING,paypal,Africa
1749,389.0,2023-10-13,REFUNDED,debit_card,Asia Pacific
1750,407.0,2025-07-20,specificlate,bank_transfer,South America
1751,505.0,2026-06-13,PROCESSING,credit_card,Europe
1752,672.0,2025-06-12,PENDING,credit_card,South America
1753,548.0,2025-11-17,PROCESSING,bank_transfer,Africa
1754,344.0,2025-11-18,CANCELLED,cash_on_delivery,Middle East
1755,145.0,2023-12-25,PROCESSING,gift_card,Europe
1756,590.0,2023-09-13,SHIPPED,bank_transfer,South America
1757,575.0,2023-04-18,CANCELLED,debit_card,Asia Pacific
1758,34.0,2025-12-04,CANCELLED,paypal,Asia Pacific
1759,442.0,2022-12-02,SHIPPED,gift_card,Africa
1760,109.0,2023-10-14,DELIVERED,bank_transfer,South America
1761,526.0,2025-11-29,DELIVERED,credit_card,Europe
1762,220.0,2022-11-14,PENDING,gift_card,North America
1763,849.0,2024-03-26,CANCELLED,credit_card,Middle East
1764,277.0,2024-04-04,RETURNED,bank_transfer,Europe
1765,,2024-01-08,DELIVERED,debit_card,North America
1766,703.0,2022-11-11,REFUNDED,paypal,Europe
1767,877.0,15-09-2023,SHIPPED,bank_transfer,South America
1768,483.0,2026-01-23,REFUNDED,paypal,Africa
1769,400.0,2023-09-25,REFUNDED,cash_on_delivery,Europe
1770,22.0,2023-05-13,REFUNDED,cash_on_delivery,North America
1771,557.0,2024-06-24,CANCELLED,credit_card,Asia Pacific
1772,868.0,2022-11-25,REFUNDED,gift_card,Europe
1773,499.0,2024/09/11,RETURNED,cash_on_delivery,Africa
1774,292.0,2026-07-22,RETURNED,cash_on_delivery,Asia Pacific
1775,713.0,2023-06-17,SHIPPED,gift_card,Asia Pacific
1776,761.0,2025-03-17,SHIPPED,gift_card,Africa
1777,770.0,2024-04-10,PROCESSING,paypal,South America
1778,433.0,2023-05-14,PENDING,paypal,Middle East
1779,456.0,2025-05-08,RETURNED,credit_card,North America
1780,77.0,2024-09-12,RETURNED,gift_card,North America
1781,,2023-01-25,REFUNDED,gift_card,Europe
1782,360.0,2023-03-21,RETURNED,debit_card,Middle East
1783,416.0,2024-11-26,PROCESSING,gift_card,Middle East
1784,653.0,2025-11-16,PROCESSING,bank_transfer,Asia Pacific
1785,67.0,2024-06-09,PENDING,cash_on_delivery,Asia Pacific
1786,3.0,2023-07-15,RETURNED,bank_transfer,North America
1787,730.0,2025-03-20,DELIVERED,gift_card,North America
1788,311.0,2025-05-05,REFUNDED,debit_card,Europe
1789,560.0,2023-01-22,DELIVERED,gift_card,Africa
1790,746.0,2026-06-27,DELIVERED,bank_transfer,North America
1791,98.0,2024-06-25,CANCELLED,debit_card,Africa
1792,495.0,2025-08-25,CANCELLED,cash_on_delivery,North America
1793,737.0,2023-09-16,RETURNED,debit_card,South America
1794,685.0,2023-01-17,RETURNED,cash_on_delivery,North America
1795,776.0,2022-10-03,PENDING,gift_card,North America
1796,770.0,2022-12-01,REFUNDED,gift_card,Africa
1797,0.0,2022-11-27,DELIVERED,GIFT_CARD,Middle East
1798,740.0,2025-01-13,CANCELLED,paypal,Asia Pacific
1799,690.0,2025-09-13,PROCESSING,paypal,Asia Pacific
1800,613.0,2023-09-03,PROCESSING,cash_on_delivery,North America
1801,42.0,2025-11-29,CANCELLED,debit_card,South America
1802,232.0,2024-07-02,PENDING,credit_card,Africa
1803,248.0,2022-09-08,SHIPPED,credit_card,Africa
1804,843.0,2026-06-02,DELIVERED,credit_card,Europe
1805,351.0,2024-09-21,PROCESSING,gift_card,Asia Pacific
1806,410.0,2023-05-14,CANCELLED,gift_card,Asia Pacific
1807,133.0,2025-05-20,PROCESSING,debit_card,Europe
1808,225.0,2025-04-30,PROCESSING,bank_transfer,South America
1809,786.0,2022-08-11,CANCELLED,gift_card,nORTH aMERICA
1810,0.0,2026-07-29,SHIPPED,credit_card,South America
1811,527.0,2022-10-07,REFUNDED,debit_card,Europe
1812,641.0,2025-06-07,REFUNDED,credit_card,South America
1813,704.0,2024-04-07,CANCELLED,gift_card,Asia Pacific
1814,379.0,2023-09-27,DELIVERED,gift_card,Europe
1815,228.0,2023-04-02,RETURNED,bank_transfer,South America
1816,664.0,2025-08-01,PENDING,cash_on_delivery,Middle East
1817,651.0,2024-01-04,PROCESSING,CASH_ON_DELIVERY,Middle East
1818,217.0,2026-06-15,DELIVERED,credit_card,North America
1819,354.0,2024-04-08,PENDING,paypal,Africa
1820,665.0,2025-03-15,PENDING,cash_on_delivery,Africa
1821,96.0,2022-08-15,DELIVERED,paypal,Middle East
1822,749.0,2024-10-18,DELIVERED,credit_card,Europe
1823,580.0,2025-08-13,PROCESSING,bank_transfer,Africa
1824,630.0,2026-08-09,PROCESSING,paypal,eUROPE
1825,679.0,2025-11-19,SHIPPED,gift_card,North America
1826,17.0,2024-09-10,CANCELLED,gift_card,Asia Pacific
1827,754.0,2024-08-21,DELIVERED,bank_transfer,Asia Pacific
1828,518.0,2024-06-17,RETURNED,bank_transfer,South America
1829,35.0,2024-04-28,PENDING,   cash_on_delivery   ,Asia Pacific
1830,424.0,2026-03-13,RETURNED,paypal,Asia Pacific
1831,,2025-09-13,CANCELLED,cash_on_delivery,Europe
1832,813.0,2025-12-05,DELIVERED,bank_transfer,Africa
1833,253.0,22-01-2026,SHIPPED,gift_card,Asia Pacific
1834,240.0,2025-12-12,REFUNDED,cash_on_delivery,Middle East
1835,587.0,2022-11-26,RETURNED,credit_card,Asia Pacific
1836,461.0,2024-11-26,PENDING,bank_transfer,Middle East
1837,364.0,2023-07-26,CANCELLED,credit_card,Asia Pacific
1838,154.0,2022-08-15,CANCELLED,DEBIT_CARD,Africa
1839,272.0,2024-03-29,RETURNED,debit_card,South America
1840,105.0,2025-07-15,CANCELLED,gift_card,North America
1841,318.0,2026-04-11,CANCELLED,bank_transfer,Asia Pacific
1842,283.0,2025-12-03,SHIPPED,bank_transfer,Middle East
1843,347.0,2024-08-27,RETURNED,credit_card,South America
1844,419.0,2023-02-14,REFUNDED,gift_card,Africa
1845,322.0,2025-01-07,CANCELLED,cash_on_delivery,South America
1846,103.0,2024-11-18,PROCESSING,debit_card,Europe
1847,198.0,2026-08-01,REFUNDED,CASH_ON_DELIVERY,North America
1848,95.0,2024-02-18,REFUNDED,paypal,Asia Pacific
1849,119.0,2024-01-09,RETURNED,debit_card,Africa
1850,758.0,2025-07-04,SHIPPED,cash_on_delivery,Middle East
1851,8.0,2023-11-23,DELIVERED,   cash_on_delivery   ,South America
1852,733.0,2024-04-23,PROCESSING,PAYPAL,Africa
1853,77.0,2022-11-03,DELIVERED,debit_card,Europe
1854,43.0,2025-04-18,PROCESSING,gift_card,South America
1855,358.0,2025-05-11,RETURNED,bank_transfer,Asia Pacific
1856,186.0,2022-12-28,PENDING,bank_transfer,Africa
1857,380.0,2024-02-28,PENDING,credit_card,Asia Pacific
1858,556.0,2024-11-17,PROCESSING,credit_card,Africa
1859,624.0,2026-03-27,REFUNDED,debit_card,South America
1860,139.0,2024-01-20,CANCELLED,credit_card,South America
1861,705.0,2022-12-12,REFUNDED,cash_on_delivery,North America
1862,561.0,2026-03-08,CANCELLED,credit_card,
1863,532.0,2024-07-24,PENDING,credit_card,Europe
1864,417.0,2025-11-03,RETURNED,credit_card,Africa
1865,280.0,2025/11/12,CANCELLED,bank_transfer,Europe
1866,758.0,2023-11-03,SHIPPED,paypal,MIDDLE EAST
1867,226.0,2025-05-12,RETURNED,gift_card,Middle East
1868,281.0,2023-06-21,SHIPPED,credit_card,Africa
1869,454.0,2023-05-11,PENDING,bank_transfer,South America
1870,615.0,2024-12-18,RETURNED,paypal,North America
1871,127.0,2022-10-10,REFUNDED,bank_transfer,Africa
1872,703.0,2024-03-28,CANCELLED,bank_transfer,Asia Pacific
1873,409.0,2025-06-01,PENDING,,Middle East
1874,692.0,2023-06-02,SHIPPED,bank_transfer,North America
1875,303.0,2023-11-17,SHIPPED,credit_card,Europe
1876,152.0,2025-07-26,DELIVERED,paypal,South America
1877,536.0,04/07/2024,SHIPPED,cash_on_delivery,Asia Pacific
1878,154.0,2026-06-02,DELIVERED,credit_card,Africa
1879,381.0,2023-01-22,SHIPPED,BANK_TRANSFER,Middle East
1880,7.0,2025-04-15,RETURNED,cash_on_delivery,South America
1881,284.0,2025-07-15,CANCELLED,gift_card,North America
1882,272.0,2024-02-19,PENDING,gift_card,South America
1883,706.0,2024-09-03,RETURNED,,North America
1884,698.0,2022-12-19,CANCELLED,gift_card,Middle East
1885,319.0,2026-05-16,PENDING,debit_card,Europe
1886,341.0,2025-04-19,CANCELLED,paypal,Asia Pacific
1887,720.0,2024-06-20,REFUNDED,paypal,Middle East
1888,303.0,2025-09-25,RETURNED,gift_card,Africa
1889,776.0,2023-05-31,SHIPPED,debit_card,
1890,484.0,2023-03-15,SHIPPED,,Asia Pacific
1891,508.0,2022-10-04,DELIVERED,paypal,Africa
1892,213.0,2023-06-05,DELIVERED,credit_card,South America
1893,727.0,2022-09-18,DELIVERED,debit_card,North America
1894,270.0,2025-09-01,PENDING,DEBIT_CARD,North America
1895,612.0,2025-02-16,PENDING,bank_transfer,Europe
1896,491.0,2023-08-15,SHIPPED,credit_card,Africa
1897,462.0,2024-09-07,PROCESSING,debit_card,Middle East
1898,232.0,2024-04-04,PENDING,paypal,Middle East
1899,642.0,2022-11-15,RETURNED,credit_card,Middle East
1900,134.0,2025-12-23,REFUNDED,credit_card,Middle East
1901,131.0,2024-11-26,CANCELLED,bank_transfer,Middle East
1902,330.0,2025-05-05,PROCESSING,paypal,   Asia Pacific   
1903,538.0,2023-12-01,RETURNED,debit_card,Middle East
1904,227.0,2024-09-24,DELIVERED,bank_transfer,Europe
1905,563.0,2024-11-16,PENDING,debit_card,South America
1906,516.0,2026-02-25,RETURNED,bank_transfer,Middle East
1907,221.0,2026-01-22,CANCELLED,cash_on_delivery,North America
1908,171.0,2024-07-07,RETURNED,gift_card,Asia Pacific
1909,187.0,2022-09-04,DELIVERED,debit_card,Europe
1910,94.0,2022-10-06,SHIPPED,credit_card,Africa
1911,122.0,2024-01-19,REFUNDED,credit_card,Africa
1912,728.0,2022-11-05,CANCELLED,gift_card,Asia Pacific
1913,371.0,2024-01-16,CANCELLED,gift_card,Middle East
1914,512.0,2025-12-15,RETURNED,cash_on_delivery,North America
1915,182.0,2025-09-03,REFUNDED,bank_transfer,Asia Pacific
1916,74.0,2022-10-15,DELIVERED,debit_card,Europe
1917,569.0,2024-04-30,SHIPPED,credit_card,Africa
1918,623.0,2023-02-09,SHIPPED,CASH_ON_DELIVERY,Asia Pacific
1919,343.0,2023-07-04,REFUNDED,paypal,North America
1920,777.0,2026-01-14,PROCESSING,credit_card,Middle East
1921,394.0,2024-10-30,readyregion,paypal,Africa
1922,92.0,2024-07-22,SHIPPED,paypal,Asia Pacific
1923,473.0,2026-08-09,RETURNED,gift_card,Asia Pacific
1924,199.0,2025-06-28,PENDING,bank_transfer,Europe
1925,163.0,2026-04-22,PROCESSING,paypal,Middle East
1926,455.0,2026-04-29,PENDING,cash_on_delivery,Asia Pacific
1927,478.0,2024-11-20,PENDING,gift_card,Africa
1928,521.0,2023-03-29,RETURNED,paypal,Middle East
1929,0.0,2025-10-04,REFUNDED,paypal,Asia Pacific
1930,606.0,2025-01-25,SHIPPED,paypal,Africa
1931,206.0,2023-08-06,REFUNDED,debit_card,Asia Pacific
1932,271.0,2026-07-16,REFUNDED,gift_card,Asia Pacific
1933,454.0,2022-11-29,DELIVERED,gift_card,Europe
1934,328.0,2022-10-06,REFUNDED,GIFT_CARD,   Europe   
1935,766.0,2025/09/25,DELIVERED,cash_on_delivery,Europe
1936,287.0,03/17/2023,RETURNED,cash_on_delivery,North America
1937,547.0,2024-09-07,DELIVERED,paypal,Middle East
1938,759.0,2025-05-21,RETURNED,CASH_ON_DELIVERY,North America
1939,2.0,2022-09-08,DELIVERED,gift_card,South America
1940,145.0,2024-08-25,RETURNED,bank_transfer,South America
1941,405.0,2026-06-19,DELIVERED,bank_transfer,Asia Pacific
1942,,2026-07-06,REFUNDED,bank_transfer,Middle East
1943,777.0,2025-03-27,SHIPPED,cash_on_delivery,North America
1944,547.0,2022-10-20,PENDING,credit_card,Middle East
1945,580.0,2023-08-21,DELIVERED,gift_card,Middle East
1946,330.0,2025-08-15,PROCESSING,bank_transfer,Europe
1947,353.0,2025-05-13,DELIVERED,gift_card,Africa
1948,343.0,02/28/2023,DELIVERED,bank_transfer,North America
1949,164.0,2022-09-01,RETURNED,cash_on_delivery,Africa
1950,260.0,2023-05-04,PENDING,paypal,Middle East
1951,255.0,2025-04-18,SHIPPED,bank_transfer,Middle East
1952,68.0,2022-10-26,SHIPPED,credit_card,Asia Pacific
1953,466.0,2026-08-09,SHIPPED,cash_on_delivery,Middle East
1954,11.0,2023-11-30,SHIPPED,debit_card,Europe
1955,299.0,2026-02-04,DELIVERED,paypal,Asia Pacific
1956,519.0,2025-12-24,PENDING,debit_card,Asia Pacific
1957,334.0,2023-01-08,SHIPPED,gift_card,Europe
1958,761.0,2024-07-18,SHIPPED,cash_on_delivery,South America
1959,0.0,2025-03-16,RETURNED,paypal,Middle East
1960,39.0,2023-05-02,PENDING,debit_card,Middle East
1961,170.0,2026-02-27,DELIVERED,debit_card,Asia Pacific
1962,362.0,2025-05-01,PENDING,paypal,North America
1963,624.0,17-11-2022,RETURNED,paypal,Middle East
1964,545.0,2023-01-22,televisiontelevision,debit_card,Africa
1965,710.0,2023-02-03,CANCELLED,credit_card,North America
1966,368.0,2024-09-20,SHIPPED,bank_transfer,Asia Pacific
1967,,2025-02-19,PROCESSING,paypal,Europe
1968,695.0,2026-01-02,REFUNDED,debit_card,South America
1969,352.0,2025-03-23,SHIPPED,debit_card,Europe
1970,345.0,2023-07-18,RETURNED,paypal,South America
1971,337.0,2022-11-16,CANCELLED,paypal,Middle East
1972,525.0,2026-01-10,PENDING,cash_on_delivery,Africa
1973,262.0,2023-06-20,RETURNED,paypal,EUROPE
1974,361.0,2024-06-02,PENDING,cash_on_delivery,South America
1975,138.0,2024-01-16,SHIPPED,gift_card,Asia Pacific
1976,279.0,2026-01-21,SHIPPED,paypal,South America
1977,755.0,2026-02-28,RETURNED,cash_on_delivery,South America
1978,373.0,2025-10-07,DELIVERED,cash_on_delivery,Middle East
1979,109.0,2025-06-28,CANCELLED,bank_transfer,South America
1980,,2024-04-25,SHIPPED,cash_on_delivery,North America
1981,385.0,2023-12-26,REFUNDED,paypal,South America
1982,65.0,2023-02-13,PROCESSING,paypal,North America
1983,58.0,2025-07-07,PROCESSING,paypal,Europe
1984,373.0,2025-01-20,PROCESSING,bank_transfer,North America
1985,674.0,2024-12-05,CANCELLED,bank_transfer,Asia Pacific
1986,0.0,2023-03-11,PENDING,gift_card,North America
1987,338.0,2023-12-22,REFUNDED,gift_card,Europe
1988,570.0,2026-03-01,PENDING,bank_transfer,Middle East
1989,531.0,2025-12-24,PROCESSING,cash_on_delivery,Africa
1990,81.0,2023-07-07,PENDING,credit_card,South America
1991,695.0,2025-11-09,PROCESSING,gift_card,South America
1992,0.0,2022-10-19,DELIVERED,debit_card,Africa
1993,217.0,2025-02-16,PROCESSING,cash_on_delivery,Asia Pacific
1994,280.0,2023-05-06,REFUNDED,debit_card,Middle East
1995,446.0,2024-01-13,CANCELLED,paypal,South America
1996,199.0,2022-11-16,DELIVERED,gift_card,Asia Pacific
1997,96.0,2023-02-13,DELIVERED,gift_card,Asia Pacific
1998,457.0,2023-10-09,REFUNDED,gift_card,Europe
1999,95.0,2023-03-17,CANCELLED,paypal,Asia Pacific
2000,598.0,29-10-2025,RETURNED,credit_card,Middle East
2001,532.0,2024-05-15,SHIPPED,credit_card,North America
2002,681.0,2023-04-28,CANCELLED,gift_card,Africa
2003,213.0,2025-07-26,DELIVERED,debit_card,Middle East
2004,504.0,2024-03-06,PENDING,paypal,Middle East
2005,599.0,2024-12-16,DELIVERED,bank_transfer,Europe
2006,381.0,2023-04-23,DELIVERED,bank_transfer,Middle East
2007,406.0,2024-06-21,PENDING,gift_card,Africa
2008,,2023-08-23,RETURNED,debit_card,Europe
2009,182.0,2026-07-17,SHIPPED,credit_card,South America
2010,378.0,2025-01-30,RETURNED,debit_card,Europe
2011,23.0,2022-10-12,CANCELLED,paypal,Africa
2012,641.0,2023-03-05,PROCESSING,paypal,South America
2013,728.0,2023-01-12,RETURNED,debit_card,Asia Pacific
2014,99.0,2025-12-20,RETURNED,credit_card,Africa
2015,878.0,2026-03-18,CANCELLED,credit_card,Europe
2016,417.0,2025-04-18,REFUNDED,paypal,North America
2017,98.0,2025-03-18,PROCESSING,credit_card,South America
2018,894.0,2024-03-16,CANCELLED,gift_card,North America
2019,144.0,2025-11-30,DELIVERED,credit_card,Middle East
2020,458.0,2023-04-12,SHIPPED,debit_card,
2021,436.0,2022-09-03,CANCELLED,bank_transfer,North America
2022,,2026-05-07,PROCESSING,bank_transfer,Europe
2023,691.0,2024-09-04,SHIPPED,debit_card,Asia Pacific
2024,767.0,13-Dec-2022,PROCESSING,gift_card,Middle East
2025,183.0,2022-08-19,DELIVERED,credit_card,North America
2026,374.0,2022-08-21,DELIVERED,debit_card,South America
2027,597.0,2022-12-26,countrywith,gift_card,North America
2028,193.0,2025-08-11,DELIVERED,debit_card,Africa
2029,542.0,2025-05-18,PENDING,paypal,Africa
2030,67.0,17-02-2025,PENDING,paypal,Middle East
2031,794.0,2026-05-18,REFUNDED,paypal,South America
2032,310.0,2023-12-25,PROCESSING,debit_card,NORTH AMERICA
2033,460.0,2024-05-17,SHIPPED,credit_card,South America
2034,189.0,2025-12-22,rulesurface,paypal,Middle East
2035,579.0,2025-11-22,RETURNED,gift_card,Asia Pacific
2036,456.0,2024-08-18,REFUNDED,PAYPAL,Asia Pacific
2037,71.0,2025-07-20,PROCESSING,credit_card,Africa
2038,254.0,2023-02-23,REFUNDED,gift_card,Asia Pacific
2039,264.0,2023-06-26,DELIVERED,gift_card,Asia Pacific
2040,153.0,2023-03-20,RETURNED,gift_card,South America
2041,378.0,2025-04-29,SHIPPED,credit_card,Asia Pacific
2042,739.0,2023-10-04,PENDING,debit_card,Middle East
2043,674.0,2024-10-30,PROCESSING,bank_transfer,North America
2044,0.0,2024-07-09,DELIVERED,debit_card,North America
2045,51.0,05/11/2024,PENDING,credit_card,South America
2046,685.0,2023-08-16,DELIVERED,gift_card,Asia Pacific
2047,476.0,2026-08-06,DELIVERED,debit_card,Middle East
2048,615.0,2023-05-08,PENDING,bank_transfer,North America
2049,577.0,2025-03-15,DELIVERED,gift_card,Middle East
2050,210.0,2025-07-19,PROCESSING,paypal,Africa
2051,625.0,2022-10-07,RETURNED,debit_card,North America
2052,427.0,2025-02-21,PENDING,gift_card,Europe
2053,461.0,2023-05-16,CANCELLED,paypal,Middle East
2054,671.0,2025-08-28,REFUNDED,cash_on_delivery,Middle East
2055,149.0,2024-09-24,DELIVERED,credit_card,Middle East
2056,391.0,2025-03-17,RETURNED,bank_transfer,North America
2057,0.0,2022-12-24,CANCELLED,debit_card,Asia Pacific
2058,742.0,2025-04-10,PENDING,bank_transfer,South America
2059,,2026-02-13,SHIPPED,cash_on_delivery,Europe
2060,604.0,2025-12-07,PENDING,debit_card,Europe
2061,85.0,2023-11-20,PROCESSING,bank_transfer,Middle East
2062,450.0,2024-02-01,PENDING,paypal,Africa
2063,800.0,2024-05-21,SHIPPED,cash_on_delivery,Europe
2064,254.0,2022-08-17,PROCESSING,cash_on_delivery,North America
2065,471.0,2024-12-23,SHIPPED,debit_card,Europe
2066,660.0,2023-08-11,RETURNED,paypal,South America
2067,472.0,2023-06-04,SHIPPED,credit_card,Middle East
2068,659.0,2023-02-08,PENDING,paypal,North America
2069,608.0,2024-11-10,RETURNED,bank_transfer,South America
2070,,2023-01-05,REFUNDED,credit_card,Africa
2071,781.0,2025-03-28,CANCELLED,gift_card,Europe
2072,104.0,2024-02-23,SHIPPED,credit_card,
2073,422.0,2026-04-11,DELIVERED,paypal,Africa
2074,167.0,2025-11-04,PROCESSING,credit_card,North America
2075,148.0,2024-11-25,SHIPPED,gift_card,EUROPE
2076,393.0,2024-10-06,PENDING,credit_card,Middle East
2077,428.0,2023-07-16,REFUNDED,credit_card,South America
2078,367.0,2024-07-31,CANCELLED,credit_card,Europe
2079,838.0,2025-11-18,SHIPPED,gift_card,Europe
2080,88.0,2025-04-09,DELIVERED,cash_on_delivery,Europe
2081,13.0,2025-05-30,PROCESSING,debit_card,Middle East
2082,120.0,2023-06-29,PENDING,bank_transfer,North America
2083,756.0,2023-10-13,RETURNED,paypal,South America
2084,585.0,2022-10-31,CANCELLED,cash_on_delivery,Europe
2085,371.0,2023-06-17,SHIPPED,gift_card,Middle East
2086,124.0,2023-02-01,CANCELLED,debit_card,North America
2087,310.0,2025-12-29,SHIPPED,gift_card,Middle East
2088,76.0,2023-03-29,CANCELLED,gift_card,Asia Pacific
2089,335.0,2025-07-09,REFUNDED,cash_on_delivery,Asia Pacific
2090,196.0,2026-03-12,SHIPPED,debit_card,Middle East
2091,105.0,2026-06-25,PENDING,paypal,Middle East
2092,745.0,2024-08-15,PROCESSING,debit_card,Africa
2093,249.0,2024-09-20,SHIPPED,,South America
2094,41.0,2023-05-10,REFUNDED,bank_transfer,North America
2095,677.0,2023-04-15,PROCESSING,gift_card,Middle East
2096,,2025-06-16,RETURNED,cash_on_delivery,Asia Pacific
2097,705.0,2026-07-13,PROCESSING,CREDIT_CARD,aFRICA
2098,732.0,2022-10-15,REFUNDED,bank_transfer,South America
2099,297.0,2022-11-01,DELIVERED,credit_card,Africa
2100,771.0,2025-05-07,CANCELLED,gift_card,Africa
2101,,2024-02-26,CANCELLED,debit_card,Middle East
2102,471.0,2023-10-26,DELIVERED,cash_on_delivery,MIDDLE EAST
2103,468.0,2023-07-01,RETURNED,gift_card,Middle East
2104,593.0,2024-06-15,SHIPPED,cash_on_delivery,North America
2105,481.0,2023-09-04,SHIPPED,   gift_card   ,North America
2106,625.0,2024-01-11,CANCELLED,cash_on_delivery,Asia Pacific
2107,788.0,2025-03-25,SHIPPED,credit_card,North America
2108,758.0,2026-01-11,CANCELLED,paypal,South America
2109,194.0,2026-05-23,SHIPPED,   gift_card   ,North America
2110,766.0,2025-10-31,PENDING,gift_card,   North America   
2111,440.0,2024-07-13,SHIPPED,debit_card,Europe
2112,146.0,16-10-2022,PENDING,debit_card,South America
2113,41.0,2023-01-19,RETURNED,gift_card,Africa
2114,539.0,2025-10-03,RETURNED,cash_on_delivery,Middle East
2115,768.0,2022-10-30,SHIPPED,paypal,North America
2116,510.0,2026-07-16,PROCESSING,debit_card,Europe
2117,516.0,2024-11-21,PROCESSING,bank_transfer,South America
2118,690.0,2023-05-10,DELIVERED,CREDIT_CARD,Middle East
2119,733.0,2022-09-24,coachstock,credit_card,North America
2120,459.0,2024-09-01,CANCELLED,credit_card,Europe
2121,648.0,2024-10-17,PENDING,debit_card,North America
2122,132.0,2023-02-06,CANCELLED,credit_card,Africa
2123,45.0,2022-11-28,DELIVERED,bank_transfer,North America
2124,125.0,2026-06-02,SHIPPED,debit_card,Europe
2125,151.0,2023-08-10,DELIVERED,gift_card,Africa
2126,88.0,2025-09-03,SHIPPED,bank_transfer,North America
2127,509.0,2024-07-01,REFUNDED,gift_card,Asia Pacific
2128,492.0,2025-02-15,DELIVERED,bank_transfer,South America
2129,659.0,2025-01-26,CANCELLED,gift_card,North America
2130,,2023-12-29,DELIVERED,gift_card,Middle East
2131,117.0,2024-05-21,PENDING,cash_on_delivery,AFRICA
2132,0.0,2023-06-14,CANCELLED,credit_card,Asia Pacific
2133,553.0,2025-10-13,CANCELLED,gift_card,Africa
2134,,2025-06-26,PROCESSING,debit_card,Asia Pacific
2135,431.0,2026-06-05,CANCELLED,BANK_TRANSFER,Africa
2136,191.0,2023-12-28,RETURNED,credit_card,Europe
2137,290.0,2023-08-02,RETURNED,credit_card,Middle East
2138,551.0,2025-12-02,RETURNED,cash_on_delivery,South America
2139,759.0,2023-01-28,RETURNED,credit_card,South America
2140,70.0,2024-03-18,PENDING,credit_card,Europe
2141,0.0,2023-07-29,RETURNED,credit_card,North America
2142,280.0,2023-01-09,SHIPPED,debit_card,South America
2143,562.0,2023-08-13,SHIPPED,bank_transfer,North America
2144,796.0,29-09-2025,PENDING,credit_card,Africa
2145,676.0,2024-05-11,REFUNDED,bank_transfer,Middle East
2146,62.0,2026-04-22,REFUNDED,debit_card,North America
2147,759.0,2023-06-16,PROCESSING,cash_on_delivery,Middle East
2148,541.0,2024-03-15,DELIVERED,credit_card,Africa
2149,86.0,2026-05-25,PENDING,paypal,Africa
2150,83.0,2023-07-18,SHIPPED,bank_transfer,South America
2151,391.0,2022-12-02,REFUNDED,gift_card,North America
2152,94.0,2024-08-10,REFUNDED,gift_card,South America
2153,28.0,2025-02-03,REFUNDED,gift_card,
2154,0.0,2024-08-31,RETURNED,debit_card,Africa
2155,251.0,2022-11-02,PROCESSING,gift_card,South America
2156,112.0,2026-05-24,RETURNED,gift_card,Middle East
2157,547.0,2024-06-17,CANCELLED,paypal,Europe
2158,412.0,2023-03-23,DELIVERED,cash_on_delivery,Africa
2159,673.0,2023-07-11,PENDING,paypal,South America
2160,524.0,2026-07-21,PROCESSING,credit_card,Africa
2161,864.0,2025-03-13,RETURNED,   paypal   ,Africa
2162,370.0,2024-07-16,CANCELLED,paypal,Europe
2163,260.0,2023-05-13,SHIPPED,paypal,Europe
2164,55.0,2024-04-02,SHIPPED,credit_card,Asia Pacific
2165,760.0,2024-03-12,REFUNDED,gift_card,Europe
2166,361.0,2023-03-09,DELIVERED,gift_card,Africa
2167,847.0,21-Jul-2024,PENDING,paypal,Europe
2168,630.0,2025-09-01,CANCELLED,debit_card,Africa
2169,685.0,2023-06-07,DELIVERED,credit_card,Europe
2170,237.0,2025-04-17,RETURNED,gift_card,Africa
2171,274.0,2024-02-18,SHIPPED,debit_card,Middle East
2172,271.0,2023-10-02,RETURNED,cash_on_delivery,Europe
2173,363.0,2023-06-20,REFUNDED,bank_transfer,North America
2174,746.0,2024-01-13,RETURNED,gift_card,Asia Pacific
2175,25.0,2023-02-23,CANCELLED,debit_card,South America
2176,278.0,2022-09-28,RETURNED,GIFT_CARD,North America
2177,237.0,2025-07-20,DELIVERED,cash_on_delivery,North America
2178,736.0,2023-10-19,outsideas,cash_on_delivery,Asia Pacific
2179,539.0,2023-03-10,SHIPPED,gift_card,Asia Pacific
2180,326.0,2023-01-29,DELIVERED,gift_card,South America
2181,222.0,2026-03-24,DELIVERED,cash_on_delivery,Africa
2182,2.0,2024-08-02,PENDING,bank_transfer,South America
2183,395.0,2024-07-22,PROCESSING,cash_on_delivery,Asia Pacific
2184,488.0,2024-05-20,REFUNDED,debit_card,North America
2185,32.0,2023-05-02,PENDING,gift_card,Europe
2186,234.0,2025-11-03,CANCELLED,credit_card,Middle East
2187,349.0,2024-01-25,PROCESSING,credit_card,South America
2188,714.0,2023-07-17,DELIVERED,credit_card,Asia Pacific
2189,0.0,2025-03-04,variousfind,bank_transfer,South America
2190,252.0,2023-04-10,PENDING,cash_on_delivery,Africa
2191,636.0,2025-12-18,DELIVERED,cash_on_delivery,Asia Pacific
2192,202.0,2025-12-26,PENDING,credit_card,Middle East
2193,69.0,2025-04-27,PENDING,bank_transfer,South America
2194,870.0,2025-03-16,RETURNED,bank_transfer,Europe
2195,6.0,2026-06-16,REFUNDED,cash_on_delivery,North America
2196,401.0,2023-04-30,PENDING,bank_transfer,Africa
2197,128.0,2025-01-24,DELIVERED,paypal,sOUTH aMERICA
2198,699.0,2024-12-15,PROCESSING,gift_card,Asia Pacific
2199,207.0,2026-03-30,DELIVERED,cash_on_delivery,North America
2200,887.0,2023-08-01,RETURNED,cash_on_delivery,Africa
2201,369.0,2022-12-22,CANCELLED,cash_on_delivery,Europe
2202,657.0,2024-05-10,REFUNDED,debit_card,Europe
2203,325.0,2026-04-02,CANCELLED,debit_card,North America
2204,273.0,2024-10-28,PROCESSING,paypal,Middle East
2205,560.0,2024-09-07,PROCESSING,credit_card,North America
2206,458.0,2026-04-10,DELIVERED,paypal,Middle East
2207,793.0,2023-07-12,DELIVERED,debit_card,Africa
2208,496.0,2025-02-13,PROCESSING,debit_card,South America
2209,590.0,2024-08-14,PENDING,paypal,North America
2210,8.0,2026-03-02,PROCESSING,cash_on_delivery,Africa
2211,621.0,2024-07-28,REFUNDED,credit_card,SOUTH AMERICA
2212,347.0,2023-10-17,SHIPPED,gift_card,Middle East
2213,455.0,2022-09-01,DELIVERED,gift_card,North America
2214,102.0,2025-09-17,REFUNDED,paypal,South America
2215,677.0,2024-06-05,PENDING,bank_transfer,Europe
2216,391.0,2025-09-26,CANCELLED,debit_card,Africa
2217,309.0,2026-04-26,PROCESSING,credit_card,Europe
2218,,2023-08-28,REFUNDED,gift_card,North America
2219,744.0,2023-08-29,DELIVERED,gift_card,Middle East
2220,165.0,2023-12-31,DELIVERED,debit_card,South America
2221,,2024-06-14,CANCELLED,paypal,nORTH aMERICA
2222,0.0,2025-01-26,PENDING,cash_on_delivery,Europe
2223,752.0,2023-07-21,REFUNDED,bank_transfer,Asia Pacific
2224,102.0,2026-05-26,SHIPPED,bank_transfer,Africa
2225,461.0,2026-07-20,DELIVERED,bank_transfer,Asia Pacific
2226,802.0,2025-02-14,DELIVERED,cash_on_delivery,Europe
2227,73.0,2023-03-29,PROCESSING,bank_transfer,Europe
2228,148.0,2026-06-29,CANCELLED,bank_transfer,Africa
2229,42.0,2022-08-17,paintingwater,bank_transfer,South America
2230,703.0,2024-05-19,CANCELLED,   paypal   ,Asia Pacific
2231,90.0,2022-10-17,DELIVERED,paypal,South America
2232,21.0,2022-10-11,RETURNED,credit_card,North America
2233,352.0,2024-09-25,CANCELLED,cash_on_delivery,Europe
2234,198.0,2025-09-22,SHIPPED,bank_transfer,Europe
2235,586.0,2025-11-15,RETURNED,cash_on_delivery,Middle East
2236,633.0,2024-10-01,PENDING,bank_transfer,South America
2237,763.0,2022-10-01,PROCESSING,cash_on_delivery,Europe
2238,48.0,2024-06-01,RETURNED,gift_card,Middle East
2239,435.0,2024-11-12,PENDING,cash_on_delivery,Asia Pacific
2240,291.0,2024-04-13,PROCESSING,debit_card,Europe
2241,621.0,2024-08-23,DELIVERED,credit_card,North America
2242,636.0,2026-01-18,REFUNDED,paypal,Africa
2243,104.0,2025-12-31,PROCESSING,debit_card,Europe
2244,176.0,2025-07-27,CANCELLED,paypal,Africa
2245,223.0,2026-02-05,RETURNED,gift_card,Middle East
2246,393.0,2023-01-09,RETURNED,debit_card,Africa
2247,610.0,2023-08-18,localmission,cash_on_delivery,North America
2248,355.0,2022-12-17,PROCESSING,credit_card,EUROPE
2249,599.0,2024-12-24,CANCELLED,gift_card,Middle East
2250,25.0,22-Oct-2025,DELIVERED,   cash_on_delivery   ,Africa
2251,775.0,2022-08-29,PROCESSING,bank_transfer,Africa
2252,455.0,2025-07-21,DELIVERED,paypal,South America
2253,399.0,2025-09-19,SHIPPED,bank_transfer,Europe
2254,622.0,2024-05-02,PROCESSING,paypal,Africa
2255,261.0,2023-07-14,PROCESSING,debit_card,Middle East
2256,339.0,2023-03-04,PROCESSING,cash_on_delivery,Europe
2257,135.0,2024-02-17,DELIVERED,cash_on_delivery,North America
2258,249.0,2023-11-12,PENDING,cash_on_delivery,Europe
2259,758.0,2023-08-16,RETURNED,credit_card,Africa
2260,690.0,2025-05-12,PROCESSING,paypal,
2261,258.0,2022-12-28,SHIPPED,debit_card,Africa
2262,779.0,2022-09-03,REFUNDED,,Africa
2263,49.0,2024-08-24,DELIVERED,gift_card,Asia Pacific
2264,554.0,2025-06-14,SHIPPED,paypal,
2265,749.0,2023-11-26,PENDING,bank_transfer,Asia Pacific
2266,567.0,2023-04-18,SHIPPED,gift_card,Asia Pacific
2267,729.0,2025-08-06,PROCESSING,paypal,Europe
2268,790.0,2024-07-23,REFUNDED,credit_card,Africa
2269,775.0,2026-04-03,PROCESSING,credit_card,Middle East
2270,368.0,2025-01-12,REFUNDED,gift_card,Europe
2271,788.0,2025-10-13,DELIVERED,debit_card,Asia Pacific
2272,653.0,2025-02-01,PROCESSING,debit_card,Middle East
2273,602.0,2022-09-16,PROCESSING,gift_card,Africa
2274,292.0,2024-07-16,RETURNED,debit_card,Europe
2275,499.0,2024-07-30,PROCESSING,debit_card,Middle East
2276,688.0,2025-11-21,PENDING,debit_card,South America
2277,313.0,2023-03-13,SHIPPED,cash_on_delivery,South America
2278,337.0,2026-04-29,PENDING,debit_card,Middle East
2279,704.0,2025-08-06,PROCESSING,CASH_ON_DELIVERY,Asia Pacific
2280,705.0,2024-04-30,SHIPPED,cash_on_delivery,Africa
2281,163.0,2023-05-24,RETURNED,gift_card,   Africa   
2282,189.0,2025-12-19,CANCELLED,bank_transfer,South America
2283,648.0,2026-04-24,REFUNDED,paypal,Asia Pacific
2284,699.0,2024-03-07,REFUNDED,paypal,South America
2285,427.0,2025-04-09,RETURNED,bank_transfer,Europe
2286,866.0,2024-07-31,SHIPPED,bank_transfer,Middle East
2287,631.0,2025-08-07,RETURNED,debit_card,Europe
2288,666.0,2025-04-19,SHIPPED,gift_card,Europe
2289,,2022-08-12,DELIVERED,PAYPAL,Middle East
2290,895.0,2026-04-07,RETURNED,debit_card,Asia Pacific
2291,506.0,2025-04-10,REFUNDED,cash_on_delivery,South America
2292,29.0,2023-02-22,CANCELLED,credit_card,North America
2293,156.0,2024-04-18,SHIPPED,debit_card,South America
2294,787.0,2026-05-28,REFUNDED,credit_card,South America
2295,496.0,2025-07-18,DELIVERED,,Middle East
2296,498.0,2024-01-09,PENDING,gift_card,Middle East
2297,770.0,2023-11-27,nicealone,gift_card,Asia Pacific
2298,302.0,2024-06-01,SHIPPED,paypal,Europe
2299,75.0,2025-10-22,REFUNDED,paypal,Asia Pacific
2300,707.0,2023-10-03,CANCELLED,cash_on_delivery,South America
2301,639.0,2025-07-29,CANCELLED,debit_card,Africa
2302,731.0,2025-03-18,PENDING,cash_on_delivery,South America
2303,728.0,29-11-2024,PROCESSING,debit_card,Africa
2304,394.0,2025-01-19,PROCESSING,debit_card,Africa
2305,743.0,2025-12-26,PROCESSING,paypal,Africa
2306,116.0,2023-07-08,DELIVERED,bank_transfer,Asia Pacific
2307,843.0,2025-12-15,RETURNED,debit_card,Europe
2308,811.0,2025-07-08,DELIVERED,bank_transfer,Europe
2309,535.0,2022/12/13,REFUNDED,paypal,North America
2310,561.0,30-03-2025,PENDING,paypal,Asia Pacific
2311,51.0,2026-05-09,PROCESSING,GIFT_CARD,South America
2312,0.0,2024-01-13,RETURNED,debit_card,Africa
2313,454.0,2025-09-25,PENDING,debit_card,South America
2314,12.0,2026-07-28,CANCELLED,paypal,South America
2315,32.0,2022-11-03,PROCESSING,credit_card,
2316,731.0,2024-10-17,SHIPPED,paypal,Asia Pacific
2317,451.0,2026-06-23,RETURNED,cash_on_delivery,Middle East
2318,261.0,2025-06-23,PROCESSING,credit_card,Africa
2319,674.0,2024-02-26,SHIPPED,cash_on_delivery,North America
2320,716.0,2026-05-20,PENDING,bank_transfer,Africa
2321,579.0,2022-10-29,DELIVERED,bank_transfer,North America
2322,495.0,2023-01-29,CANCELLED,bank_transfer,North America
2323,236.0,2024-03-26,PROCESSING,paypal,South America
2324,362.0,2024-02-28,RETURNED,gift_card,Africa
2325,515.0,2024-08-01,SHIPPED,bank_transfer,Asia Pacific
2326,718.0,2025-03-28,CANCELLED,bank_transfer,aFRICA
2327,682.0,2022-10-12,SHIPPED,bank_transfer,Middle East
2328,466.0,2024-02-28,SHIPPED,debit_card,South America
2329,80.0,2024-03-01,REFUNDED,cash_on_delivery,Asia Pacific
2330,232.0,2023-05-09,DELIVERED,debit_card,North America
2331,,2025-05-12,RETURNED,credit_card,Africa
2332,352.0,2024-12-25,PENDING,debit_card,Asia Pacific
2333,200.0,2025-08-08,PROCESSING,paypal,Europe
2334,314.0,2022-11-22,SHIPPED,debit_card,Europe
2335,,2024-12-28,PENDING,cash_on_delivery,Africa
2336,641.0,2025-08-15,REFUNDED,paypal,Middle East
2337,280.0,2025-11-23,SHIPPED,bank_transfer,South America
2338,453.0,2023-06-24,RETURNED,debit_card,Africa
2339,784.0,2023-03-13,PROCESSING,gift_card,North America
2340,667.0,2024-11-25,goodedge,credit_card,South America
2341,348.0,2023-02-02,DELIVERED,bank_transfer,Middle East
2342,415.0,05/14/2025,SHIPPED,paypal,South America
2343,211.0,2024-08-22,CANCELLED,GIFT_CARD,North America
2344,117.0,2025-09-28,RETURNED,GIFT_CARD,Middle East
2345,151.0,2026-08-07,PROCESSING,credit_card,Asia Pacific
2346,449.0,21-10-2025,RETURNED,credit_card,North America
2347,46.0,2025-01-27,PROCESSING,credit_card,North America
2348,524.0,2026-04-24,DELIVERED,debit_card,North America
2349,562.0,2025-08-05,PENDING,paypal,North America
2350,464.0,2023-07-01,CANCELLED,cash_on_delivery,
2351,,2025-10-23,PENDING,gift_card,Asia Pacific
2352,593.0,2025-10-10,RETURNED,paypal,Africa
2353,,2025-11-03,SHIPPED,gift_card,Asia Pacific
2354,236.0,2023-07-26,REFUNDED,credit_card,Asia Pacific
2355,400.0,2023-12-20,DELIVERED,bank_transfer,Asia Pacific
2356,689.0,2024-02-08,RETURNED,cash_on_delivery,North America
2357,445.0,2026-06-04,REFUNDED,,Europe
2358,633.0,2023-09-29,RETURNED,bank_transfer,Europe
2359,,2024-05-27,mostresponse,credit_card,Europe
2360,107.0,2023-10-14,PROCESSING,CASH_ON_DELIVERY,Europe
2361,330.0,2022-11-02,SHIPPED,bank_transfer,Europe
2362,605.0,2022-11-16,SHIPPED,   paypal   ,Asia Pacific
2363,259.0,2024-03-11,SHIPPED,cash_on_delivery,Africa
2364,763.0,2024-01-28,RETURNED,cash_on_delivery,Asia Pacific
2365,792.0,2024-07-12,CANCELLED,debit_card,Asia Pacific
2366,439.0,2024-09-03,RETURNED,paypal,South America
2367,632.0,2024-09-26,DELIVERED,credit_card,South America
2368,,2024-11-05,SHIPPED,paypal,North America
2369,227.0,2026-02-18,SHIPPED,gift_card,North America
2370,342.0,2023-02-16,PROCESSING,debit_card,Asia Pacific
2371,23.0,09-08-2024,PROCESSING,bank_transfer,South America
2372,,2025-08-16,DELIVERED,debit_card,Africa
2373,520.0,2024-11-13,SHIPPED,credit_card,Africa
2374,895.0,2025-06-28,PENDING,gift_card,Middle East
2375,441.0,2026-02-12,SHIPPED,credit_card,aFRICA
2376,809.0,2024-11-14,PROCESSING,credit_card,Asia Pacific
2377,246.0,2026-06-07,RETURNED,bank_transfer,Asia Pacific
2378,,2023-11-07,SHIPPED,credit_card,Africa
2379,391.0,2024-07-12,SHIPPED,cash_on_delivery,Europe
2380,708.0,2025-03-31,PROCESSING,debit_card,North America
2381,345.0,2024-03-03,RETURNED,gift_card,   Asia Pacific   
2382,289.0,2026-01-03,PENDING,gift_card,Africa
2383,110.0,2025-06-20,RETURNED,bank_transfer,Middle East
2384,593.0,2025-07-21,RETURNED,bank_transfer,South America
2385,172.0,2026-01-17,PENDING,,Europe
2386,550.0,2026-05-12,PROCESSING,paypal,Middle East
2387,308.0,2022-11-19,PENDING,cash_on_delivery,North America
2388,283.0,2023-05-29,RETURNED,paypal,Asia Pacific
2389,599.0,2026-05-26,SHIPPED,,Europe
2390,508.0,2026-05-14,REFUNDED,cash_on_delivery,Europe
2391,704.0,2024-07-21,PENDING,paypal,North America
2392,772.0,2022-12-23,SHIPPED,debit_card,South America
2393,59.0,2022-12-12,SHIPPED,gift_card,North America
2394,434.0,2024-04-07,RETURNED,credit_card,North America
2395,702.0,2026-08-06,PROCESSING,gift_card,Europe
2396,515.0,2023-05-14,SHIPPED,gift_card,South America
2397,93.0,2023-10-31,REFUNDED,paypal,Asia Pacific
2398,113.0,2022-12-07,DELIVERED,gift_card,Asia Pacific
2399,45.0,2023-01-26,PENDING,cash_on_delivery,Africa
2400,713.0,2023-07-04,SHIPPED,bank_transfer,North America
2401,381.0,2023-10-12,CANCELLED,credit_card,Europe
2402,440.0,2023-01-31,DELIVERED,cash_on_delivery,Africa
2403,312.0,2025-07-27,CANCELLED,cash_on_delivery,Middle East
2404,356.0,2023-03-27,DELIVERED,debit_card,North America
2405,356.0,2024-09-19,PROCESSING,cash_on_delivery,Asia Pacific
2406,736.0,2023-06-23,citytwo,credit_card,Asia Pacific
2407,,2024-10-26,PENDING,bank_transfer,   Africa   
2408,13.0,2025/04/10,RETURNED,bank_transfer,Asia Pacific
2409,297.0,2022-09-14,RETURNED,debit_card,Middle East
2410,0.0,05-Jul-2025,finallykeep,debit_card,North America
2411,712.0,2024-11-28,PROCESSING,bank_transfer,Europe
2412,528.0,2026-07-27,RETURNED,gift_card,North America
2413,738.0,2023-04-27,REFUNDED,cash_on_delivery,Africa
2414,681.0,2024-08-15,PROCESSING,credit_card,North America
2415,215.0,2024-01-30,PROCESSING,gift_card,Asia Pacific
2416,76.0,2024-05-23,DELIVERED,gift_card,Asia Pacific
2417,626.0,29-06-2024,SHIPPED,credit_card,Africa
2418,354.0,2025-09-28,SHIPPED,gift_card,Africa
2419,706.0,2025-05-07,RETURNED,bank_transfer,Europe
2420,750.0,2022-09-12,REFUNDED,debit_card,Asia Pacific
2421,408.0,2023-11-05,CANCELLED,paypal,Middle East
2422,518.0,2023-05-30,CANCELLED,debit_card,South America
2423,424.0,2022-11-15,RETURNED,paypal,South America
2424,521.0,2022-09-13,PENDING,debit_card,Africa
2425,726.0,2026-04-25,REFUNDED,cash_on_delivery,North America
2426,,2026-01-06,PROCESSING,gift_card,Europe
2427,79.0,2023-08-05,SHIPPED,gift_card,Middle East
2428,35.0,2026-02-27,DELIVERED,gift_card,North America
2429,214.0,2024-10-25,CANCELLED,cash_on_delivery,Africa
2430,16.0,2025-05-07,SHIPPED,credit_card,Europe
2431,688.0,2024-01-13,RETURNED,debit_card,Africa
2432,30.0,2024-05-10,CANCELLED,debit_card,Africa
2433,406.0,24-Jan-2025,CANCELLED,bank_transfer,South America
2434,230.0,2024-01-24,PENDING,bank_transfer,aSIA pACIFIC
2435,294.0,2025-07-15,CANCELLED,debit_card,Asia Pacific
2436,402.0,2025-05-09,SHIPPED,paypal,North America
2437,546.0,2025-12-14,RETURNED,bank_transfer,South America
2438,60.0,2023-12-29,PENDING,debit_card,North America
2439,,2024-09-03,CANCELLED,bank_transfer,North America
2440,126.0,16-02-2025,CANCELLED,paypal,Asia Pacific
2441,,2025-06-09,PENDING,bank_transfer,Middle East
2442,746.0,2025-07-27,SHIPPED,bank_transfer,Asia Pacific
2443,,2024/11/10,PROCESSING,cash_on_delivery,Middle East
2444,885.0,2026-03-09,PENDING,cash_on_delivery,Africa
2445,672.0,2024-12-09,PROCESSING,credit_card,Europe
2446,65.0,2024-07-01,REFUNDED,debit_card,Asia Pacific
2447,143.0,2024-07-21,RETURNED,debit_card,Africa
2448,397.0,2023-11-25,DELIVERED,debit_card,Middle East
2449,318.0,2025-01-07,SHIPPED,credit_card,Middle East
2450,669.0,2023-03-02,DELIVERED,,South America
2451,701.0,2026-06-05,PROCESSING,bank_transfer,South America
2452,573.0,18-12-2025,DELIVERED,credit_card,North America
2453,350.0,2023-11-29,REFUNDED,bank_transfer,Asia Pacific
2454,681.0,2023-05-03,DELIVERED,cash_on_delivery,South America
2455,455.0,2025-12-18,REFUNDED,paypal,   Europe   
2456,14.0,2023-09-17,REFUNDED,bank_transfer,Middle East
2457,180.0,2023-07-28,CANCELLED,bank_transfer,Asia Pacific
2458,373.0,2024-08-31,DELIVERED,credit_card,Europe
2459,305.0,2024-03-09,DELIVERED,gift_card,Middle East
2460,588.0,2023-10-31,REFUNDED,credit_card,Middle East
2461,488.0,2025-11-17,PENDING,debit_card,Middle East
2462,38.0,2026-03-15,PENDING,gift_card,Africa
2463,517.0,2022-10-22,REFUNDED,gift_card,North America
2464,328.0,2023-03-28,PROCESSING,cash_on_delivery,North America
2465,247.0,2024-02-09,RETURNED,debit_card,Middle East
2466,463.0,2023-10-25,SHIPPED,credit_card,Europe
2467,,2024-07-18,REFUNDED,bank_transfer,mIDDLE eAST
2468,149.0,2023-04-25,REFUNDED,bank_transfer,North America
2469,648.0,2025-03-28,RETURNED,bank_transfer,Asia Pacific
2470,221.0,2026-07-15,SHIPPED,gift_card,South America
2471,712.0,2023-04-16,SHIPPED,debit_card,North America
2472,586.0,2025-08-19,REFUNDED,paypal,Africa
2473,783.0,2024-11-18,RETURNED,bank_transfer,South America
2474,377.0,2023-10-27,SHIPPED,paypal,Middle East
2475,268.0,2023-05-20,SHIPPED,credit_card,South America
2476,487.0,2023-05-09,PROCESSING,debit_card,Europe
2477,390.0,2026-03-05,PENDING,paypal,Asia Pacific
2478,799.0,2025-08-14,CANCELLED,gift_card,North America
2479,641.0,2025-07-21,PROCESSING,debit_card,Asia Pacific
2480,591.0,2026-06-15,RETURNED,debit_card,Middle East
2481,681.0,2025-06-10,CANCELLED,debit_card,North America
2482,162.0,2023-04-17,studyclass,gift_card,South America
2483,51.0,2023-08-14,PENDING,cash_on_delivery,Europe
2484,246.0,2023-02-07,RETURNED,paypal,Africa
2485,101.0,2022-10-12,RETURNED,bank_transfer,Asia Pacific
2486,75.0,2023-12-14,REFUNDED,paypal,Middle East
2487,589.0,2025-01-18,DELIVERED,paypal,North America
2488,766.0,2023/02/22,CANCELLED,credit_card,North America
2489,453.0,2024-06-24,DELIVERED,paypal,Europe
2490,138.0,2023-09-18,REFUNDED,paypal,North America
2491,227.0,2024-03-06,RETURNED,debit_card,Asia Pacific
2492,538.0,2023-05-23,REFUNDED,cash_on_delivery,Europe
2493,16.0,2023-06-24,REFUNDED,gift_card,South America
2494,655.0,2024-12-30,SHIPPED,   gift_card   ,Asia Pacific
2495,512.0,2025-08-12,CANCELLED,credit_card,Middle East
2496,566.0,2022-10-02,SHIPPED,gift_card,Middle East
2497,74.0,2025-06-08,PENDING,paypal,sOUTH aMERICA
2498,,2023-12-15,RETURNED,credit_card,South America
2499,489.0,2024-01-26,DELIVERED,gift_card,Africa
2500,56.0,2023-03-27,RETURNED,debit_card,Africa
2501,156.0,2024-03-11,SHIPPED,debit_card,Middle East
2502,238.0,2024-07-06,SHIPPED,bank_transfer,Europe
2503,365.0,2024-11-25,CANCELLED,gift_card,South America
2504,422.0,2023-04-19,PENDING,gift_card,South America
2505,279.0,2024-11-15,PENDING,gift_card,Asia Pacific
2506,217.0,2023-11-21,SHIPPED,bank_transfer,North America
2507,582.0,2023-02-14,PENDING,credit_card,Asia Pacific
2508,541.0,2026-08-04,SHIPPED,gift_card,Africa
2509,301.0,2022-09-17,CANCELLED,paypal,Asia Pacific
2510,300.0,2024-04-29,PENDING,bank_transfer,
2511,365.0,2026-07-26,PENDING,debit_card,Africa
2512,120.0,2024-09-23,RETURNED,   bank_transfer   ,Africa
2513,573.0,2025-11-15,DELIVERED,credit_card,Africa
2514,664.0,2023-03-23,PROCESSING,cash_on_delivery,Europe
2515,236.0,2024-07-21,DELIVERED,cash_on_delivery,South America
2516,,2026-07-21,REFUNDED,credit_card,Middle East
2517,298.0,2023-12-20,PROCESSING,gift_card,North America
2518,337.0,2023-04-09,CANCELLED,paypal,South America
2519,631.0,2022-08-16,RETURNED,credit_card,Asia Pacific
2520,,2025-09-30,PENDING,cash_on_delivery,Asia Pacific
2521,257.0,2024-12-05,DELIVERED,credit_card,South America
2522,532.0,2024-10-06,DELIVERED,GIFT_CARD,Africa
2523,0.0,2024-01-06,SHIPPED,debit_card,Africa
2524,,2025-05-11,REFUNDED,cash_on_delivery,Asia Pacific
2525,33.0,2025-08-09,DELIVERED,paypal,Europe
2526,149.0,2023-11-12,CANCELLED,bank_transfer,Asia Pacific
2527,121.0,2024-08-15,CANCELLED,debit_card,Middle East
2528,690.0,2026-06-01,REFUNDED,cash_on_delivery,   Asia Pacific   
2529,377.0,2023-11-03,PENDING,debit_card,South America
2530,329.0,2025-10-24,REFUNDED,paypal,ASIA PACIFIC
2531,98.0,2025-01-17,DELIVERED,paypal,nORTH aMERICA
2532,793.0,2025-06-10,SHIPPED,credit_card,Asia Pacific
2533,421.0,2023-03-26,REFUNDED,cash_on_delivery,South America
2534,212.0,2026-01-03,CANCELLED,gift_card,Middle East
2535,658.0,2025-01-04,CANCELLED,cash_on_delivery,South America
2536,376.0,2025-09-14,DELIVERED,cash_on_delivery,Asia Pacific
2537,496.0,2026-06-18,RETURNED,credit_card,Africa
2538,,2026-07-12,CANCELLED,gift_card,Asia Pacific
2539,297.0,2024-06-26,SHIPPED,debit_card,Europe
2540,206.0,2024-01-18,PROCESSING,credit_card,Asia Pacific
2541,160.0,2025-07-15,DELIVERED,bank_transfer,Africa
2542,421.0,2023-01-31,DELIVERED,paypal,Africa
2543,561.0,2025-09-19,CANCELLED,gift_card,Africa
2544,148.0,2024-08-23,DELIVERED,gift_card,South America
2545,317.0,2026-06-08,DELIVERED,bank_transfer,Asia Pacific
2546,,2022-10-11,DELIVERED,debit_card,North America
2547,,2023-03-14,DELIVERED,PAYPAL,Asia Pacific
2548,96.0,2025-06-28,PROCESSING,debit_card,Africa
2549,294.0,2024-12-12,REFUNDED,,Africa
2550,579.0,2023-02-07,PROCESSING,paypal,South America
2551,375.0,2023-12-01,CANCELLED,cash_on_delivery,South America
2552,388.0,2022-09-17,CANCELLED,bank_transfer,Africa
2553,123.0,2024-04-24,SHIPPED,credit_card,Africa
2554,,2025-04-16,SHIPPED,bank_transfer,Europe
2555,716.0,2026-03-08,PROCESSING,cash_on_delivery,Africa
2556,442.0,2023-07-18,SHIPPED,CREDIT_CARD,Europe
2557,,2024-07-02,PENDING,bank_transfer,Europe
2558,69.0,2024-02-16,CANCELLED,debit_card,South America
2559,864.0,2022-12-31,REFUNDED,bank_transfer,North America
2560,328.0,2023-12-29,SHIPPED,debit_card,Asia Pacific
2561,793.0,2022-11-03,PROCESSING,BANK_TRANSFER,North America
2562,454.0,2025-03-11,PENDING,credit_card,Middle East
2563,459.0,2025-05-02,REFUNDED,paypal,Africa
2564,500.0,2023-06-09,RETURNED,cash_on_delivery,AFRICA
2565,0.0,2025-02-01,SHIPPED,,North America
2566,712.0,2024-11-09,SHIPPED,gift_card,Europe
2567,443.0,2023-07-21,RETURNED,cash_on_delivery,Africa
2568,583.0,2025-12-05,PENDING,paypal,South America
2569,459.0,2026-08-02,PENDING,bank_transfer,South America
2570,195.0,2025-11-13,PROCESSING,bank_transfer,North America
2571,599.0,2023-10-15,REFUNDED,gift_card,Middle East
2572,81.0,2023-06-10,PROCESSING,gift_card,Africa
2573,,2022-09-14,DELIVERED,bank_transfer,Asia Pacific
2574,354.0,2022-12-17,CANCELLED,credit_card,Middle East
2575,542.0,2024-11-23,REFUNDED,bank_transfer,Africa
2576,232.0,2026-03-21,CANCELLED,credit_card,South America
2577,191.0,2024-07-01,RETURNED,bank_transfer,South America
2578,329.0,2025-06-26,CANCELLED,cash_on_delivery,Middle East
2579,38.0,2025-06-18,RETURNED,cash_on_delivery,Europe
2580,579.0,2022-12-23,SHIPPED,cash_on_delivery,North America
2581,380.0,2024-10-13,PENDING,gift_card,Asia Pacific
2582,85.0,2024-04-13,DELIVERED,debit_card,South America
2583,353.0,2023-06-08,PENDING,paypal,Asia Pacific
2584,,2024-09-09,REFUNDED,CASH_ON_DELIVERY,Asia Pacific
2585,137.0,2023-12-16,PENDING,gift_card,Middle East
2586,658.0,2025-03-03,DELIVERED,paypal,Middle East
2587,,2025-03-06,RETURNED,bank_transfer,Africa
2588,499.0,2024-10-12,DELIVERED,gift_card,Asia Pacific
2589,63.0,2022-11-05,PROCESSING,,Europe
2590,481.0,21-06-2026,DELIVERED,gift_card,Middle East
2591,137.0,2025-06-10,RETURNED,paypal,South America
2592,462.0,2024-02-21,PROCESSING,debit_card,Europe
2593,539.0,2024-04-18,RETURNED,paypal,North America
2594,236.0,2023/03/27,SHIPPED,cash_on_delivery,Africa
2595,17.0,2025-08-26,DELIVERED,gift_card,Europe
2596,680.0,2026-03-28,RETURNED,cash_on_delivery,Europe
2597,251.0,2024-06-04,DELIVERED,gift_card,Middle East
2598,318.0,2024-03-06,PROCESSING,bank_transfer,Asia Pacific
2599,,2024-03-31,RETURNED,gift_card,Africa
2600,425.0,2024-03-11,CANCELLED,gift_card,South America
2601,600.0,2022-08-28,SHIPPED,debit_card,North America
2602,646.0,2023-10-26,CANCELLED,credit_card,Europe
2603,598.0,2024-01-27,DELIVERED,bank_transfer,Europe
2604,725.0,2024-02-06,CANCELLED,bank_transfer,Africa
2605,31.0,2024-02-10,REFUNDED,credit_card,South America
2606,330.0,2024-07-02,DELIVERED,bank_transfer,Europe
2607,456.0,2026-04-29,REFUNDED,credit_card,Africa
2608,712.0,2025-01-31,PENDING,bank_transfer,Europe
2609,738.0,2022-12-24,PROCESSING,gift_card,Asia Pacific
2610,46.0,2023-07-11,RETURNED,paypal,North America
2611,263.0,2025-09-13,PROCESSING,debit_card,South America
2612,218.0,2026-05-20,DELIVERED,paypal,South America
2613,0.0,2024-06-30,REFUNDED,credit_card,Africa
2614,643.0,2025-12-05,CANCELLED,debit_card,North America
2615,0.0,2024-05-16,DELIVERED,bank_transfer,Africa
2616,768.0,2026-01-09,CANCELLED,credit_card,South America
2617,753.0,2024-06-27,PROCESSING,credit_card,Europe
2618,372.0,2023-11-01,DELIVERED,paypal,Africa
2619,765.0,21-Apr-2023,DELIVERED,credit_card,South America
2620,744.0,2026-01-12,PROCESSING,bank_transfer,North America
2621,673.0,2025-09-13,DELIVERED,bank_transfer,South America
2622,715.0,2026-06-04,CANCELLED,paypal,Middle East
2623,411.0,2024-05-29,PENDING,debit_card,North America
2624,368.0,2025-09-14,PROCESSING,gift_card,Europe
2625,664.0,2026-06-02,CANCELLED,credit_card,Middle East
2626,705.0,2024-05-14,PROCESSING,gift_card,Africa
2627,644.0,2023-03-14,RETURNED,debit_card,Middle East
2628,370.0,2026-02-27,RETURNED,paypal,Middle East
2629,394.0,2025-02-07,PENDING,cash_on_delivery,North America
2630,0.0,2025-02-23,RETURNED,cash_on_delivery,Africa
2631,,2022-12-21,PROCESSING,,Asia Pacific
2632,139.0,2023-03-21,REFUNDED,gift_card,North America
2633,424.0,2023-06-28,PROCESSING,credit_card,Africa
2634,371.0,2023-11-24,SHIPPED,debit_card,Europe
2635,0.0,2024-08-16,RETURNED,debit_card,Africa
2636,,2026-04-18,PROCESSING,cash_on_delivery,Europe
2637,161.0,2024-11-03,PROCESSING,bank_transfer,Europe
2638,0.0,2024-01-13,DELIVERED,cash_on_delivery,North America
2639,870.0,2022-11-20,PENDING,bank_transfer,Africa
2640,13.0,2026-07-29,SHIPPED,paypal,NORTH AMERICA
2641,267.0,2025-02-12,CANCELLED,paypal,North America
2642,199.0,2025-10-27,DELIVERED,bank_transfer,Europe
2643,284.0,2024-03-15,SHIPPED,gift_card,South America
2644,710.0,2022-12-25,DELIVERED,bank_transfer,South America
2645,212.0,2022-08-20,CANCELLED,cash_on_delivery,Asia Pacific
2646,328.0,2024-05-07,SHIPPED,   gift_card   ,   Asia Pacific   
2647,602.0,2025-04-28,RETURNED,bank_transfer,Asia Pacific
2648,571.0,2026-06-30,CANCELLED,credit_card,Europe
2649,,2023-10-08,RETURNED,cash_on_delivery,Asia Pacific
2650,371.0,2024-05-14,CANCELLED,bank_transfer,North America
2651,616.0,2023-05-08,CANCELLED,bank_transfer,Asia Pacific
2652,285.0,2024-12-20,CANCELLED,debit_card,South America
2653,75.0,2024-07-27,PROCESSING,cash_on_delivery,Middle East
2654,551.0,2025-08-17,REFUNDED,debit_card,South America
2655,895.0,2025-01-16,PENDING,credit_card,Asia Pacific
2656,284.0,2025-10-26,SHIPPED,paypal,Europe
2657,625.0,2026-07-01,REFUNDED,debit_card,North America
2658,731.0,2023-03-10,REFUNDED,paypal,Asia Pacific
2659,161.0,2023-06-15,REFUNDED,cash_on_delivery,Africa
2660,334.0,2023-05-25,DELIVERED,gift_card,Africa
2661,436.0,2026-02-22,PROCESSING,DEBIT_CARD,Asia Pacific
2662,422.0,2024-03-25,RETURNED,credit_card,Africa
2663,0.0,2023-11-02,DELIVERED,credit_card,Europe
2664,625.0,2024-12-17,SHIPPED,gift_card,
2665,365.0,2024-09-10,DELIVERED,debit_card,South America
2666,360.0,2022-10-14,DELIVERED,bank_transfer,North America
2667,453.0,2026-02-08,SHIPPED,debit_card,Africa
2668,687.0,2026-02-13,PENDING,credit_card,Africa
2669,3.0,2023-11-22,PENDING,paypal,Asia Pacific
2670,380.0,2026-02-26,RETURNED,credit_card,Africa
2671,426.0,2025-02-04,PENDING,bank_transfer,South America
2672,0.0,2023-11-25,SHIPPED,bank_transfer,Middle East
2673,296.0,2024-09-15,PROCESSING,gift_card,Europe
2674,197.0,2024-12-25,DELIVERED,CASH_ON_DELIVERY,Europe
2675,436.0,2025-10-02,PENDING,cash_on_delivery,Asia Pacific
2676,862.0,2024-07-29,PROCESSING,paypal,Europe
2677,103.0,2023-07-24,DELIVERED,credit_card,Africa
2678,13.0,2022-09-20,RETURNED,   paypal   ,Africa
2679,334.0,12/21/2025,CANCELLED,cash_on_delivery,South America
2680,540.0,2022-08-13,CANCELLED,credit_card,
2681,594.0,2023-04-06,SHIPPED,debit_card,aSIA pACIFIC
2682,645.0,2023-09-22,DELIVERED,bank_transfer,North America
2683,44.0,2026-02-25,firstpush,credit_card,Europe
2684,490.0,2025-04-24,SHIPPED,credit_card,Middle East
2685,248.0,2024-08-13,PENDING,paypal,Europe
2686,,2023-02-18,REFUNDED,gift_card,Middle East
2687,523.0,2025-05-21,SHIPPED,gift_card,North America
2688,659.0,2025-06-09,PROCESSING,gift_card,Europe
2689,254.0,2026-05-27,REFUNDED,gift_card,North America
2690,280.0,2023-10-30,SHIPPED,gift_card,Africa
2691,324.0,2024-05-19,REFUNDED,credit_card,Africa
2692,216.0,2023-05-15,PENDING,credit_card,North America
2693,575.0,2024-09-12,CANCELLED,credit_card,North America
2694,99.0,2026-06-18,RETURNED,paypal,Asia Pacific
2695,,2025-07-13,SHIPPED,debit_card,South America
2696,166.0,2025-05-07,PROCESSING,cash_on_delivery,Asia Pacific
2697,873.0,2023-08-25,RETURNED,gift_card,Asia Pacific
2698,435.0,2022-09-23,PROCESSING,credit_card,South America
2699,428.0,2023-02-11,REFUNDED,,North America
2700,649.0,2025-11-09,DELIVERED,debit_card,Asia Pacific
2701,588.0,2023-10-14,SHIPPED,credit_card,Africa
2702,22.0,2024-09-13,CANCELLED,cash_on_delivery,Middle East
2703,178.0,2022-11-21,DELIVERED,bank_transfer,North America
2704,782.0,2025-02-25,DELIVERED,,Africa
2705,571.0,2025-10-11,SHIPPED,debit_card,Asia Pacific
2706,369.0,2024-02-22,REFUNDED,paypal,North America
2707,145.0,2025-01-28,SHIPPED,bank_transfer,Europe
2708,539.0,2024-08-25,CANCELLED,debit_card,Asia Pacific
2709,189.0,2025-01-04,PENDING,gift_card,Asia Pacific
2710,254.0,2024-06-17,PENDING,debit_card,Asia Pacific
2711,,2026-04-19,DELIVERED,cash_on_delivery,North America
2712,469.0,2023-09-14,REFUNDED,paypal,South America
2713,501.0,2025-04-11,SHIPPED,paypal,Asia Pacific
2714,727.0,2025-07-10,REFUNDED,cash_on_delivery,North America
2715,215.0,2024-08-18,SHIPPED,,North America
2716,350.0,2025-07-23,RETURNED,debit_card,South America
2717,681.0,2026-02-01,CANCELLED,gift_card,North America
2718,551.0,2023-02-11,DELIVERED,credit_card,Middle East
2719,,2024-03-11,CANCELLED,credit_card,Europe
2720,497.0,2024-10-14,RETURNED,debit_card,North America
2721,824.0,2025-11-09,CANCELLED,debit_card,Europe
2722,147.0,2025-01-19,DELIVERED,paypal,Asia Pacific
2723,564.0,2022-09-06,CANCELLED,gift_card,Asia Pacific
2724,129.0,2026-03-15,PENDING,credit_card,   Europe   
2725,405.0,2023-09-17,DELIVERED,debit_card,Middle East
2726,433.0,2023-04-19,CANCELLED,cash_on_delivery,   Europe   
2727,168.0,2025-01-29,DELIVERED,credit_card,Asia Pacific
2728,288.0,2022-11-08,DELIVERED,debit_card,South America
2729,757.0,2023-03-25,CANCELLED,gift_card,Asia Pacific
2730,,2026-05-05,frontmain,cash_on_delivery,Africa
2731,173.0,2025-07-21,CANCELLED,bank_transfer,North America
2732,465.0,2023-03-08,PROCESSING,gift_card,Europe
2733,303.0,2024-02-16,PENDING,bank_transfer,Europe
2734,275.0,2023-04-20,RETURNED,bank_transfer,North America
2735,439.0,2022-10-31,RETURNED,debit_card,Middle East
2736,664.0,2023-10-07,PROCESSING,credit_card,Europe
2737,476.0,2024-02-22,CANCELLED,credit_card,North America
2738,233.0,2024-05-22,PENDING,paypal,Africa
2739,431.0,2025-04-24,SHIPPED,cash_on_delivery,North America
2740,214.0,2026-06-26,PENDING,paypal,Asia Pacific
2741,398.0,2024-02-14,PROCESSING,gift_card,Asia Pacific
2742,160.0,2022-10-24,PROCESSING,debit_card,North America
2743,757.0,2023-11-03,RETURNED,PAYPAL,Middle East
2744,6.0,2023-11-06,CANCELLED,paypal,Asia Pacific
2745,613.0,2024-11-09,PROCESSING,paypal,Asia Pacific
2746,191.0,2025-04-28,PROCESSING,cash_on_delivery,Asia Pacific
2747,822.0,2026-08-03,PENDING,debit_card,Asia Pacific
2748,511.0,2022-12-07,SHIPPED,paypal,South America
2749,694.0,2024-10-16,REFUNDED,paypal,North America
2750,537.0,2023-06-07,DELIVERED,cash_on_delivery,North America
2751,117.0,2025-11-12,RETURNED,credit_card,South America
2752,313.0,2025-04-11,PENDING,bank_transfer,North America
2753,732.0,2023-05-21,PROCESSING,paypal,North America
2754,556.0,2025-11-09,DELIVERED,paypal,North America
2755,413.0,2023-01-03,PENDING,credit_card,Asia Pacific
2756,546.0,2025-02-25,RETURNED,debit_card,Africa
2757,326.0,2025-10-22,RETURNED,bank_transfer,Europe
2758,666.0,2023-04-26,DELIVERED,gift_card,Europe
2759,153.0,2024-12-01,REFUNDED,paypal,Asia Pacific
2760,72.0,2023-12-24,PROCESSING,credit_card,Asia Pacific
2761,541.0,2026-04-26,SHIPPED,debit_card,North America
2762,268.0,2023-12-14,SHIPPED,bank_transfer,Middle East
2763,244.0,2026-02-14,CANCELLED,paypal,Asia Pacific
2764,193.0,2026-03-14,PROCESSING,debit_card,Asia Pacific
2765,662.0,2025-07-09,SHIPPED,paypal,Africa
2766,691.0,2026-01-03,DELIVERED,paypal,Africa
2767,701.0,11/20/2023,PROCESSING,credit_card,Middle East
2768,571.0,2023-10-05,REFUNDED,cash_on_delivery,North America
2769,501.0,2025-07-09,RETURNED,paypal,South America
2770,481.0,2025-07-29,RETURNED,debit_card,Middle East
2771,372.0,2025-07-14,PENDING,debit_card,Africa
2772,85.0,02/24/2024,REFUNDED,gift_card,Europe
2773,368.0,2023-01-05,CANCELLED,debit_card,Europe
2774,157.0,2024-11-17,RETURNED,cash_on_delivery,Europe
2775,621.0,2025-01-27,PROCESSING,cash_on_delivery,South America
2776,,2024-02-07,DELIVERED,gift_card,Africa
2777,627.0,2026-02-08,REFUNDED,credit_card,Middle East
2778,126.0,2023-03-21,RETURNED,debit_card,North America
2779,165.0,2022-08-30,CANCELLED,debit_card,North America
2780,532.0,2023/03/10,DELIVERED,paypal,Asia Pacific
2781,195.0,2024-10-22,PROCESSING,paypal,Asia Pacific
2782,502.0,2023-10-21,DELIVERED,paypal,North America
2783,245.0,2024-04-13,SHIPPED,bank_transfer,Europe
2784,679.0,2025-12-01,DELIVERED,paypal,South America
2785,3.0,2024-09-01,REFUNDED,cash_on_delivery,Africa
2786,230.0,2024-05-11,RETURNED,bank_transfer,South America
2787,102.0,2024-01-20,DELIVERED,bank_transfer,North America
2788,76.0,2026-07-10,PROCESSING,debit_card,North America
2789,0.0,2026-06-24,DELIVERED,bank_transfer,Europe
2790,217.0,2023-04-20,REFUNDED,debit_card,South America
2791,771.0,2023-01-16,REFUNDED,paypal,Asia Pacific
2792,108.0,2023-07-14,REFUNDED,debit_card,Middle East
2793,127.0,2023-04-07,CANCELLED,debit_card,North America
2794,633.0,2024-09-29,RETURNED,cash_on_delivery,North America
2795,,2023-07-19,CANCELLED,cash_on_delivery,South America
2796,237.0,2026-02-21,PROCESSING,cash_on_delivery,South America
2797,376.0,2023-05-29,DELIVERED,paypal,Asia Pacific
2798,520.0,2024-12-24,stuffwatch,cash_on_delivery,South America
2799,823.0,2025-03-19,CANCELLED,cash_on_delivery,South America
2800,,2025-07-16,SHIPPED,bank_transfer,Middle East
2801,381.0,2026-02-21,SHIPPED,bank_transfer,North America
2802,17.0,2024-11-03,REFUNDED,bank_transfer,Africa
2803,239.0,2026-03-16,PENDING,credit_card,North America
2804,762.0,2024-11-13,RETURNED,,South America
2805,80.0,2025-08-20,REFUNDED,BANK_TRANSFER,Asia Pacific
2806,53.0,2024-12-13,RETURNED,credit_card,Europe
2807,460.0,2025-08-04,PENDING,gift_card,Europe
2808,329.0,2025-10-27,SHIPPED,credit_card,Europe
2809,452.0,2026-02-05,CANCELLED,cash_on_delivery,   South America   
2810,678.0,03-02-2023,PROCESSING,,Africa
2811,425.0,2026-07-03,keymagazine,cash_on_delivery,Africa
2812,714.0,2022-12-06,SHIPPED,gift_card,North America
2813,652.0,07-02-2023,DELIVERED,paypal,Europe
2814,0.0,2026-02-02,RETURNED,credit_card,Asia Pacific
2815,0.0,2023-03-01,REFUNDED,credit_card,Europe
2816,397.0,2026-07-14,PENDING,gift_card,Middle East
2817,264.0,2022-09-05,SHIPPED,credit_card,
2818,474.0,2024-08-23,PENDING,bank_transfer,South America
2819,0.0,2024-02-01,CANCELLED,cash_on_delivery,South America
2820,198.0,2023-12-07,DELIVERED,   cash_on_delivery   ,Europe
2821,394.0,2025-07-18,PENDING,paypal,Africa
2822,844.0,2024-02-24,CANCELLED,credit_card,North America
2823,496.0,2023-03-13,SHIPPED,gift_card,South America
2824,796.0,2026-01-30,REFUNDED,debit_card,North America
2825,424.0,2024-06-26,DELIVERED,cash_on_delivery,Europe
2826,778.0,2026-05-23,CANCELLED,debit_card,Europe
2827,91.0,2025-02-23,RETURNED,debit_card,Africa
2828,728.0,2024-10-30,RETURNED,debit_card,Asia Pacific
2829,307.0,2025-11-08,SHIPPED,cash_on_delivery,Middle East
2830,779.0,2024-01-23,PENDING,cash_on_delivery,Asia Pacific
2831,516.0,2023-05-04,REFUNDED,bank_transfer,Africa
2832,429.0,2025-08-16,REFUNDED,paypal,Asia Pacific
2833,115.0,2023-11-26,DELIVERED,cash_on_delivery,Middle East
2834,469.0,2022-09-23,DELIVERED,bank_transfer,Asia Pacific
2835,168.0,2025-10-09,RETURNED,bank_transfer,South America
2836,509.0,2026-01-26,RETURNED,credit_card,Europe
2837,752.0,10-02-2023,REFUNDED,debit_card,Africa
2838,285.0,2023-07-21,RETURNED,bank_transfer,Asia Pacific
2839,57.0,2023-02-25,PENDING,debit_card,
2840,636.0,2026-04-02,SHIPPED,gift_card,Middle East
2841,265.0,2025-07-23,REFUNDED,paypal,Middle East
2842,771.0,2023-03-19,SHIPPED,gift_card,South America
2843,28.0,2025-07-13,RETURNED,cash_on_delivery,South America
2844,641.0,2023-07-27,RETURNED,gift_card,South America
2845,735.0,2023-11-30,CANCELLED,cash_on_delivery,Europe
2846,24.0,2023-02-20,REFUNDED,debit_card,Asia Pacific
2847,314.0,2023-07-01,CANCELLED,paypal,Africa
2848,48.0,2023-02-28,CANCELLED,credit_card,Middle East
2849,479.0,2022-12-10,REFUNDED,gift_card,South America
2850,399.0,2024-05-30,PENDING,debit_card,Asia Pacific
2851,181.0,2025-07-18,PENDING,   paypal   ,North America
2852,55.0,2025-11-07,CANCELLED,bank_transfer,North America
2853,19.0,2025-12-09,PROCESSING,debit_card,Asia Pacific
2854,799.0,2023-01-30,PROCESSING,paypal,North America
2855,,2022-12-08,PENDING,credit_card,Africa
2856,160.0,08-09-2022,REFUNDED,cash_on_delivery,Middle East
2857,670.0,2025-11-25,SHIPPED,,South America
2858,443.0,2024-08-31,RETURNED,gift_card,Middle East
2859,213.0,2025-10-29,PROCESSING,gift_card,Africa
2860,737.0,2024-06-09,SHIPPED,bank_transfer,Africa
2861,460.0,15-Oct-2022,REFUNDED,bank_transfer,Africa
2862,338.0,2023-06-11,DELIVERED,paypal,Asia Pacific
2863,793.0,2023-01-24,CANCELLED,gift_card,Africa
2864,247.0,2022-09-29,DELIVERED,gift_card,Africa
2865,,2025-12-23,REFUNDED,bank_transfer,Asia Pacific
2866,19.0,2025-05-30,DELIVERED,bank_transfer,South America
2867,289.0,2024-10-15,REFUNDED,credit_card,Asia Pacific
2868,722.0,2025-02-16,RETURNED,credit_card,North America
2869,468.0,2022-11-10,PROCESSING,credit_card,South America
2870,367.0,2024-08-07,DELIVERED,PAYPAL,Europe
2871,,2023-02-10,PENDING,paypal,South America
2872,734.0,2026-06-21,PENDING,credit_card,Africa
2873,29.0,2023-09-07,CANCELLED,bank_transfer,North America
2874,219.0,2022-10-16,PENDING,bank_transfer,Middle East
2875,0.0,2022-11-20,RETURNED,paypal,Asia Pacific
2876,164.0,2023-11-21,REFUNDED,gift_card,
2877,437.0,2025-06-12,PENDING,bank_transfer,Africa
2878,284.0,2022-08-25,PENDING,bank_transfer,Middle East
2879,324.0,2025-10-25,PENDING,gift_card,North America
2880,643.0,2023-01-06,CANCELLED,bank_transfer,South America
2881,775.0,2025-12-07,CANCELLED,bank_transfer,Middle East
2882,386.0,2023-02-18,PENDING,debit_card,
2883,270.0,2026-07-09,PROCESSING,gift_card,Middle East
2884,109.0,2025-03-01,PENDING,gift_card,Asia Pacific
2885,392.0,2023-06-25,PENDING,credit_card,
2886,571.0,2025-02-07,DELIVERED,debit_card,Africa
2887,94.0,2026-06-09,REFUNDED,paypal,Europe
2888,645.0,2023-06-16,CANCELLED,credit_card,North America
2889,525.0,2023-05-24,REFUNDED,gift_card,South America
2890,261.0,2025-06-16,SHIPPED,credit_card,Middle East
2891,392.0,2024-02-07,PENDING,gift_card,Asia Pacific
2892,591.0,2022-09-24,PENDING,bank_transfer,South America
2893,321.0,2022-12-29,RETURNED,paypal,Asia Pacific
2894,469.0,2023-03-24,SHIPPED,paypal,North America
2895,184.0,2026-05-13,CANCELLED,cash_on_delivery,Europe
2896,47.0,2025-10-12,DELIVERED,bank_transfer,South America
2897,307.0,2023-10-14,CANCELLED,cash_on_delivery,Europe
2898,181.0,2025-01-26,RETURNED,gift_card,Asia Pacific
2899,705.0,2024-02-01,PROCESSING,credit_card,Africa
2900,294.0,2024-02-08,PROCESSING,gift_card,Asia Pacific
2901,351.0,16-04-2023,REFUNDED,bank_transfer,North America
2902,503.0,2026-06-10,DELIVERED,,Asia Pacific
2903,64.0,2024-09-25,PROCESSING,debit_card,Europe
2904,79.0,2025-12-04,CANCELLED,bank_transfer,South America
2905,765.0,2025-09-14,DELIVERED,debit_card,North America
2906,148.0,2025-03-19,SHIPPED,credit_card,South America
2907,397.0,2023-08-20,SHIPPED,cash_on_delivery,Middle East
2908,573.0,2024-10-02,REFUNDED,bank_transfer,Middle East
2909,656.0,2025-01-11,RETURNED,credit_card,Europe
2910,774.0,2022-11-24,CANCELLED,cash_on_delivery,North America
2911,732.0,2023-01-10,SHIPPED,   bank_transfer   ,Africa
2912,700.0,2026-02-03,RETURNED,debit_card,Middle East
2913,323.0,2025-01-24,SHIPPED,gift_card,South America
2914,0.0,2024-11-08,sourceaddress,bank_transfer,North America
2915,52.0,2023-07-13,PENDING,credit_card,Middle East
2916,521.0,2025-08-25,SHIPPED,credit_card,South America
2917,456.0,2023-06-03,PENDING,debit_card,South America
2918,379.0,2023-10-21,SHIPPED,credit_card,Europe
2919,780.0,2023-05-03,DELIVERED,   paypal   ,South America
2920,526.0,2026-06-10,CANCELLED,credit_card,North America
2921,806.0,2025-10-24,PENDING,paypal,Europe
2922,158.0,2024-11-21,DELIVERED,bank_transfer,Middle East
2923,232.0,2022-08-16,REFUNDED,cash_on_delivery,Middle East
2924,50.0,2025-09-09,CANCELLED,bank_transfer,Europe
2925,127.0,2023-01-10,DELIVERED,debit_card,Middle East
2926,582.0,2026-07-15,CANCELLED,debit_card,Asia Pacific
2927,710.0,2023-07-08,REFUNDED,debit_card,Europe
2928,431.0,2026-07-09,SHIPPED,cash_on_delivery,   Europe   
2929,669.0,2024-10-01,SHIPPED,credit_card,Middle East
2930,48.0,2026-03-24,DELIVERED,debit_card,Europe
2931,778.0,2025-08-13,REFUNDED,debit_card,Middle East
2932,900.0,2024-11-09,REFUNDED,paypal,Middle East
2933,157.0,2024-03-01,DELIVERED,,Europe
2934,366.0,2025-07-29,CANCELLED,debit_card,Asia Pacific
2935,195.0,2025-02-10,PENDING,credit_card,North America
2936,647.0,2023-05-24,REFUNDED,gift_card,North America
2937,672.0,2024-08-26,DELIVERED,bank_transfer,Asia Pacific
2938,588.0,2025-06-21,RETURNED,   bank_transfer   ,Asia Pacific
2939,603.0,2023-01-23,CANCELLED,credit_card,South America
2940,810.0,2023-05-17,CANCELLED,gift_card,South America
2941,454.0,2026-02-26,SHIPPED,credit_card,North America
2942,743.0,02/12/2024,CANCELLED,paypal,Middle East
2943,547.0,2024-03-21,CANCELLED,debit_card,Asia Pacific
2944,139.0,2024-05-29,SHIPPED,bank_transfer,North America
2945,745.0,2023-07-08,RETURNED,bank_transfer,Europe
2946,25.0,2024-10-16,CANCELLED,cash_on_delivery,mIDDLE eAST
2947,247.0,2023-07-29,DELIVERED,bank_transfer,Asia Pacific
2948,342.0,2024-05-04,REFUNDED,paypal,Africa
2949,123.0,2023-02-01,RETURNED,bank_transfer,Asia Pacific
2950,202.0,2025-11-04,SHIPPED,credit_card,Middle East
2951,419.0,2023-12-11,PROCESSING,bank_transfer,Middle East
2952,260.0,2023-02-18,PENDING,credit_card,Europe
2953,498.0,2024-08-02,SHIPPED,cash_on_delivery,Asia Pacific
2954,343.0,2023-01-28,PROCESSING,cash_on_delivery,Asia Pacific
2955,736.0,2024-10-25,CANCELLED,bank_transfer,eUROPE
2956,449.0,2023-03-09,PENDING,gift_card,South America
2957,208.0,2024-09-18,RETURNED,cash_on_delivery,Middle East
2958,758.0,2025-11-06,PROCESSING,bank_transfer,Asia Pacific
2959,568.0,2024-02-22,PENDING,credit_card,Europe
2960,421.0,2025-08-08,RETURNED,debit_card,Africa
2961,423.0,2023-10-31,RETURNED,paypal,Africa
2962,,2024-12-22,CANCELLED,CREDIT_CARD,Asia Pacific
2963,,2025-09-04,REFUNDED,,Middle East
2964,778.0,2022-10-12,REFUNDED,gift_card,North America
2965,585.0,2022-12-15,SHIPPED,cash_on_delivery,Asia Pacific
2966,422.0,2024-01-01,REFUNDED,bank_transfer,Asia Pacific
2967,414.0,2024-09-14,PENDING,credit_card,Asia Pacific
2968,417.0,2023-02-24,RETURNED,paypal,Asia Pacific
2969,688.0,2024-03-29,REFUNDED,bank_transfer,Asia Pacific
2970,503.0,2023-10-24,SHIPPED,gift_card,North America
2971,197.0,2025-09-26,lossplan,gift_card,Middle East
2972,325.0,2023-12-07,DELIVERED,cash_on_delivery,South America
2973,543.0,2025-07-12,RETURNED,gift_card,South America
2974,237.0,2026-03-08,PENDING,credit_card,South America
2975,794.0,2024-06-29,PROCESSING,paypal,Africa
2976,511.0,2023-07-26,CANCELLED,gift_card,Europe
2977,269.0,2024-12-17,PENDING,gift_card,Asia Pacific
2978,217.0,2024-05-03,CANCELLED,gift_card,North America
2979,23.0,2023-11-04,PENDING,credit_card,Asia Pacific
2980,,2026-03-30,SHIPPED,bank_transfer,South America
2981,794.0,2024-06-04,CANCELLED,credit_card,South America
2982,582.0,2023-05-30,CANCELLED,credit_card,Middle East
2983,120.0,2026-04-01,PROCESSING,gift_card,South America
2984,0.0,2022-11-26,SHIPPED,bank_transfer,South America
2985,461.0,2026-05-30,RETURNED,cash_on_delivery,Africa
2986,127.0,2026-05-08,REFUNDED,debit_card,North America
2987,676.0,2026-01-07,REFUNDED,cash_on_delivery,Europe
2988,467.0,2024-08-17,DELIVERED,credit_card,Europe
2989,817.0,2026-08-07,DELIVERED,bank_transfer,South America
2990,208.0,2025-06-29,PROCESSING,debit_card,Asia Pacific
2991,493.0,2024-03-02,REFUNDED,cash_on_delivery,Africa
2992,167.0,2023-05-15,PROCESSING,gift_card,South America
2993,532.0,2022-08-29,CANCELLED,paypal,Europe
2994,372.0,2025-06-22,RETURNED,bank_transfer,Middle East
2995,361.0,2024-09-11,PROCESSING,credit_card,Africa
2996,759.0,2025-06-19,PROCESSING,bank_transfer,Europe
2997,588.0,2023-01-20,RETURNED,debit_card,Africa
2998,434.0,2024-04-16,SHIPPED,gift_card,Asia Pacific
2999,855.0,20-06-2024,RETURNED,paypal,Middle East
3000,58.0,2024-10-29,REFUNDED,credit_card,Africa
3001,432.0,2025-05-29,SHIPPED,debit_card,AFRICA
3002,570.0,2025-06-25,DELIVERED,bank_transfer,Africa
3003,794.0,2022-12-20,REFUNDED,debit_card,Middle East
3004,685.0,2023-02-11,DELIVERED,paypal,South America
3005,100.0,2023-05-01,PROCESSING,paypal,Europe
3006,385.0,2024-04-14,CANCELLED,gift_card,Africa
3007,567.0,2024-04-23,REFUNDED,PAYPAL,Africa
3008,235.0,2025-07-24,REFUNDED,gift_card,Middle East
3009,358.0,2025-02-12,RETURNED,credit_card,North America
3010,489.0,2023-01-15,PROCESSING,paypal,Europe
3011,413.0,2025-10-04,RETURNED,gift_card,Asia Pacific
3012,2.0,2026-07-17,PENDING,,Africa
3013,,2026-05-27,DELIVERED,bank_transfer,Asia Pacific
3014,783.0,2023-04-29,RETURNED,credit_card,Asia Pacific
3015,56.0,2022-11-18,CANCELLED,cash_on_delivery,Asia Pacific
3016,101.0,2024-02-26,PROCESSING,bank_transfer,Europe
3017,838.0,2023-06-15,REFUNDED,debit_card,North America
3018,208.0,2024-01-18,RETURNED,credit_card,Africa
3019,408.0,2023-06-17,SHIPPED,credit_card,North America
3020,123.0,2025-02-19,REFUNDED,bank_transfer,Middle East
3021,590.0,2026-03-13,RETURNED,paypal,North America
3022,71.0,2024-04-29,CANCELLED,debit_card,Middle East
3023,,2023-02-16,CANCELLED,cash_on_delivery,Middle East
3024,402.0,2023-08-06,REFUNDED,cash_on_delivery,South America
3025,0.0,2026-03-03,SHIPPED,credit_card,Asia Pacific
3026,119.0,2024-05-30,SHIPPED,debit_card,South America
3027,457.0,2025-09-09,REFUNDED,gift_card,North America
3028,,2024-09-23,CANCELLED,paypal,Africa
3029,334.0,2023-10-16,REFUNDED,credit_card,Africa
3030,419.0,2025-11-10,RETURNED,gift_card,Middle East
3031,525.0,2025-08-22,PROCESSING,gift_card,South America
3032,752.0,2026-01-07,CANCELLED,paypal,Europe
3033,229.0,2025-01-29,SHIPPED,cash_on_delivery,South America
3034,638.0,2025-02-17,CANCELLED,gift_card,Middle East
3035,656.0,2023-10-08,PENDING,bank_transfer,Middle East
3036,740.0,2025-10-27,REFUNDED,bank_transfer,Asia Pacific
3037,0.0,2025-12-18,RETURNED,bank_transfer,North America
3038,12.0,2026-01-05,CANCELLED,paypal,Asia Pacific
3039,,2025-05-06,RETURNED,credit_card,South America
3040,604.0,2024-04-22,PENDING,cash_on_delivery,South America
3041,661.0,2024-02-14,RETURNED,credit_card,Middle East
3042,614.0,2024-08-18,SHIPPED,,Asia Pacific
3043,770.0,2025-06-10,SHIPPED,bank_transfer,Asia Pacific
3044,241.0,2025-03-03,SHIPPED,cash_on_delivery,Europe
3045,247.0,2024-04-29,SHIPPED,cash_on_delivery,North America
3046,689.0,2024-08-31,RETURNED,paypal,North America
3047,161.0,2024-10-12,CANCELLED,debit_card,North America
3048,328.0,2023-10-17,PROCESSING,debit_card,Africa
3049,358.0,2023-03-26,SHIPPED,gift_card,Middle East
3050,20.0,15-11-2025,SHIPPED,credit_card,Europe
3051,531.0,2024-07-16,SHIPPED,debit_card,EUROPE
3052,452.0,2023-01-24,CANCELLED,gift_card,South America
3053,656.0,2023-02-15,RETURNED,paypal,Asia Pacific
3054,693.0,2024-09-20,enoughmight,debit_card,South America
3055,66.0,2023-08-03,RETURNED,credit_card,South America
3056,98.0,2025-04-12,DELIVERED,paypal,Asia Pacific
3057,432.0,2023-03-07,SHIPPED,debit_card,North America
3058,707.0,2022-09-25,DELIVERED,paypal,South America
3059,671.0,2023-01-11,CANCELLED,debit_card,Middle East
3060,661.0,2025-09-29,REFUNDED,bank_transfer,Asia Pacific
3061,174.0,2022-10-31,SHIPPED,DEBIT_CARD,Africa
3062,135.0,2026-02-19,SHIPPED,cash_on_delivery,Africa
3063,386.0,2022-11-23,PROCESSING,credit_card,Asia Pacific
3064,394.0,2024-09-21,REFUNDED,gift_card,South America
3065,749.0,2025-06-28,PROCESSING,BANK_TRANSFER,Asia Pacific
3066,667.0,2022-09-20,RETURNED,debit_card,Europe
3067,642.0,2023-05-15,SHIPPED,credit_card,Asia Pacific
3068,597.0,2024-03-26,PENDING,gift_card,North America
3069,32.0,2025-03-06,CANCELLED,cash_on_delivery,North America
3070,27.0,2025-06-30,SHIPPED,debit_card,Asia Pacific
3071,789.0,2023-12-30,CANCELLED,paypal,Asia Pacific
3072,507.0,2023-04-04,PENDING,bank_transfer,South America
3073,701.0,2023-11-23,REFUNDED,cash_on_delivery,Europe
3074,500.0,2025-04-02,SHIPPED,paypal,Asia Pacific
3075,34.0,2025-04-04,REFUNDED,credit_card,Africa
3076,108.0,2023-01-06,DELIVERED,credit_card,Asia Pacific
3077,218.0,2025-11-02,RETURNED,credit_card,Asia Pacific
3078,506.0,2022-12-29,DELIVERED,paypal,Middle East
3079,25.0,2025-06-01,PENDING,paypal,Europe
3080,10.0,2025-10-20,DELIVERED,cash_on_delivery,North America
3081,,2024-10-25,PENDING,paypal,Asia Pacific
3082,33.0,14-11-2025,PROCESSING,DEBIT_CARD,Middle East
3083,284.0,2024-09-12,PENDING,bank_transfer,North America
3084,503.0,2025-12-23,PROCESSING,DEBIT_CARD,eUROPE
3085,360.0,2023-11-09,mandefense,debit_card,South America
3086,70.0,2025-06-03,PENDING,credit_card,Middle East
3087,747.0,2024-09-21,PENDING,paypal,South America
3088,601.0,2024-09-09,PENDING,debit_card,North America
3089,425.0,2024-10-02,PENDING,paypal,mIDDLE eAST
3090,206.0,2023-09-20,PROCESSING,debit_card,Middle East
3091,699.0,2026-03-30,occurgun,bank_transfer,North America
3092,6.0,2026-04-06,SHIPPED,credit_card,Europe
3093,298.0,2024-11-26,SHIPPED,bank_transfer,Europe
3094,144.0,2024-12-06,PENDING,debit_card,North America
3095,0.0,2022-09-06,SHIPPED,cash_on_delivery,Asia Pacific
3096,166.0,2025-11-08,PENDING,bank_transfer,Asia Pacific
3097,164.0,2022-09-28,SHIPPED,gift_card,Africa
3098,,2024-06-08,RETURNED,bank_transfer,Africa
3099,146.0,2026-05-08,CANCELLED,credit_card,Middle East
3100,,2026-07-01,PENDING,paypal,Europe
3101,118.0,2023-02-11,SHIPPED,gift_card,Asia Pacific
3102,16.0,2024-03-27,SHIPPED,cash_on_delivery,North America
3103,482.0,2024-07-09,CANCELLED,debit_card,Asia Pacific
3104,423.0,2023-12-11,SHIPPED,gift_card,   Middle East   
3105,441.0,2026-03-26,PROCESSING,gift_card,North America
3106,439.0,2024-03-16,PROCESSING,credit_card,Europe
3107,761.0,2024-06-27,SHIPPED,credit_card,South America
3108,,2024-07-24,CANCELLED,paypal,North America
3109,567.0,2022-10-04,DELIVERED,credit_card,Middle East
3110,27.0,2022-09-30,REFUNDED,cash_on_delivery,Middle East
3111,392.0,2023-05-11,RETURNED,paypal,Africa
3112,339.0,2024-12-21,DELIVERED,credit_card,Europe
3113,588.0,2025-05-30,RETURNED,cash_on_delivery,Europe
3114,9.0,2026-04-07,PENDING,debit_card,Africa
3115,700.0,2025-12-02,REFUNDED,paypal,South America
3116,121.0,2023-11-23,RETURNED,cash_on_delivery,North America
3117,211.0,2026-05-15,CANCELLED,cash_on_delivery,North America
3118,,2025-08-10,SHIPPED,gift_card,North America
3119,412.0,2023-04-21,CANCELLED,cash_on_delivery,Africa
3120,104.0,11-09-2024,CANCELLED,cash_on_delivery,Middle East
3121,285.0,2024-06-09,DELIVERED,credit_card,Middle East
3122,213.0,2023-03-06,PENDING,cash_on_delivery,South America
3123,435.0,2023-12-08,RETURNED,cash_on_delivery,Asia Pacific
3124,224.0,2025-08-25,CANCELLED,debit_card,South America
3125,42.0,2024-04-05,PENDING,paypal,Europe
3126,22.0,2024-09-05,PENDING,bank_transfer,Africa
3127,561.0,2025-11-08,PROCESSING,credit_card,Africa
3128,8.0,2023-01-26,SHIPPED,debit_card,South America
3129,256.0,2025-01-09,DELIVERED,,North America
3130,733.0,2025-06-23,SHIPPED,credit_card,Africa
3131,175.0,2024-09-10,DELIVERED,credit_card,Europe
3132,288.0,2025-05-31,DELIVERED,paypal,Asia Pacific
3133,406.0,2024-12-17,DELIVERED,cash_on_delivery,Middle East
3134,619.0,07/09/2025,DELIVERED,paypal,
3135,383.0,2024-11-24,RETURNED,   bank_transfer   ,North America
3136,770.0,2025-01-14,REFUNDED,gift_card,Europe
3137,479.0,2024-08-08,REFUNDED,debit_card,ASIA PACIFIC
3138,269.0,2024-08-18,CANCELLED,cash_on_delivery,North America
3139,533.0,2024-12-30,PROCESSING,gift_card,Europe
3140,236.0,2026-03-29,RETURNED,paypal,Africa
3141,575.0,2023-04-09,SHIPPED,gift_card,Middle East
3142,716.0,2024-10-05,PROCESSING,debit_card,Africa
3143,190.0,2022-11-04,PENDING,paypal,Middle East
3144,245.0,2024-04-08,PROCESSING,debit_card,North America
3145,15.0,09/23/2023,DELIVERED,bank_transfer,Africa
3146,550.0,12/14/2024,CANCELLED,credit_card,Middle East
3147,650.0,2025-02-13,DELIVERED,cash_on_delivery,North America
3148,530.0,2024-03-18,PROCESSING,credit_card,Middle East
3149,,2025-03-25,CANCELLED,debit_card,
3150,443.0,2025-06-25,SHIPPED,gift_card,South America
3151,590.0,2024-02-08,PENDING,paypal,North America
3152,1.0,2025-11-12,SHIPPED,paypal,North America
3153,292.0,2023-10-25,REFUNDED,cash_on_delivery,Middle East
3154,720.0,2023-12-20,PROCESSING,credit_card,South America
3155,777.0,2022-11-13,PROCESSING,debit_card,Africa
3156,51.0,2022-09-22,RETURNED,bank_transfer,Asia Pacific
3157,426.0,2025-02-12,RETURNED,bank_transfer,South America
3158,520.0,2022-10-19,DELIVERED,paypal,Europe
3159,625.0,2023-02-25,DELIVERED,paypal,Middle East
3160,197.0,2026-03-02,PENDING,bank_transfer,Middle East
3161,835.0,2024-03-01,PROCESSING,   paypal   ,Asia Pacific
3162,341.0,2024-02-02,PENDING,cash_on_delivery,North America
3163,783.0,2026-02-17,REFUNDED,debit_card,North America
3164,503.0,2025-10-05,REFUNDED,paypal,South America
3165,16.0,2025-03-23,REFUNDED,cash_on_delivery,North America
3166,765.0,2022-09-20,CANCELLED,cash_on_delivery,South America
3167,376.0,2025-11-10,PROCESSING,cash_on_delivery,Europe
3168,487.0,2026-05-25,PENDING,paypal,South America
3169,4.0,2025-07-02,CANCELLED,paypal,Europe
3170,119.0,2024-01-22,DELIVERED,credit_card,North America
3171,691.0,2024-03-23,RETURNED,credit_card,South America
3172,384.0,2023-04-07,DELIVERED,bank_transfer,Africa
3173,397.0,2024-06-05,CANCELLED,cash_on_delivery,Europe
3174,196.0,2024-01-28,REFUNDED,paypal,South America
3175,318.0,2024-02-16,SHIPPED,cash_on_delivery,Asia Pacific
3176,702.0,2024-05-10,DELIVERED,credit_card,Europe
3177,314.0,02/06/2024,PENDING,cash_on_delivery,Europe
3178,461.0,2022-11-05,REFUNDED,cash_on_delivery,South America
3179,221.0,2025/06/02,RETURNED,credit_card,North America
3180,626.0,2023-08-24,SHIPPED,,South America
3181,256.0,2023-08-29,DELIVERED,credit_card,South America
3182,663.0,2023-08-09,SHIPPED,gift_card,North America
3183,621.0,2025-05-12,PROCESSING,paypal,Africa
3184,393.0,2023-12-07,PROCESSING,bank_transfer,North America
3185,136.0,2025-02-15,DELIVERED,credit_card,Europe
3186,285.0,2022-12-19,RETURNED,paypal,Africa
3187,242.0,2026-06-24,DELIVERED,gift_card,Asia Pacific
3188,617.0,2025-07-13,CANCELLED,credit_card,Asia Pacific
3189,710.0,2022-11-19,PROCESSING,debit_card,North America
3190,478.0,2026-04-20,CANCELLED,paypal,North America
3191,66.0,2023-11-26,SHIPPED,credit_card,Europe
3192,93.0,2023-02-03,RETURNED,cash_on_delivery,North America
3193,32.0,2024-01-16,DELIVERED,debit_card,Middle East
3194,507.0,2023/04/30,CANCELLED,bank_transfer,Africa
3195,616.0,2022-09-09,PENDING,gift_card,Europe
3196,791.0,2024-11-23,DELIVERED,paypal,Asia Pacific
3197,,2023-12-29,PENDING,bank_transfer,Asia Pacific
3198,784.0,2022-10-07,REFUNDED,cash_on_delivery,Middle East
3199,,2024-07-25,PENDING,cash_on_delivery,
3200,797.0,2025-05-27,DELIVERED,paypal,Europe
3201,106.0,2026-04-12,REFUNDED,debit_card,Asia Pacific
3202,544.0,2024-05-27,PENDING,cash_on_delivery,Europe
3203,20.0,2025-01-08,PROCESSING,paypal,Asia Pacific
3204,41.0,2024-10-17,SHIPPED,credit_card,Middle East
3205,15.0,2026-06-10,PROCESSING,paypal,North America
3206,474.0,2024-05-25,RETURNED,bank_transfer,North America
3207,761.0,2023-09-28,PROCESSING,debit_card,South America
3208,96.0,2022-09-10,SHIPPED,cash_on_delivery,Europe
3209,590.0,2025-07-26,DELIVERED,gift_card,North America
3210,667.0,2024-08-08,SHIPPED,bank_transfer,Africa
3211,379.0,2025-02-08,DELIVERED,gift_card,Europe
3212,778.0,2022-09-13,RETURNED,cash_on_delivery,Asia Pacific
3213,772.0,2023-12-14,PROCESSING,cash_on_delivery,Africa
3214,218.0,2024-03-18,CANCELLED,paypal,Africa
3215,546.0,2025-01-12,PROCESSING,gift_card,Africa
3216,519.0,2024-04-07,DELIVERED,paypal,Asia Pacific
3217,0.0,2023-12-23,REFUNDED,cash_on_delivery,Africa
3218,54.0,2025-01-15,SHIPPED,paypal,Europe
3219,678.0,2023-01-08,DELIVERED,gift_card,North America
3220,160.0,2026-01-16,REFUNDED,paypal,North America
3221,,2024-09-06,SHIPPED,paypal,South America
3222,799.0,2023-01-12,RETURNED,gift_card,North America
3223,351.0,2025-07-18,PENDING,gift_card,North America
3224,191.0,2025-06-23,PROCESSING,gift_card,Asia Pacific
3225,743.0,2023-06-25,SHIPPED,bank_transfer,Middle East
3226,709.0,2024-01-13,DELIVERED,debit_card,South America
3227,360.0,2024-09-19,CANCELLED,credit_card,Middle East
3228,543.0,2024-09-29,REFUNDED,credit_card,Middle East
3229,204.0,2026-01-21,PROCESSING,credit_card,North America
3230,697.0,2025-11-10,CANCELLED,cash_on_delivery,Africa
3231,686.0,2025-06-11,PENDING,paypal,Asia Pacific
3232,655.0,2024-01-19,PENDING,cash_on_delivery,Middle East
3233,36.0,2023-04-25,SHIPPED,bank_transfer,Africa
3234,837.0,2025-03-22,PENDING,debit_card,Africa
3235,172.0,2023-11-18,SHIPPED,credit_card,Africa
3236,104.0,2024-02-25,REFUNDED,cash_on_delivery,Middle East
3237,776.0,2024-06-17,RETURNED,bank_transfer,South America
3238,129.0,2023-06-19,RETURNED,bank_transfer,Africa
3239,501.0,2024-09-19,DELIVERED,gift_card,Europe
3240,888.0,2025-04-23,SHIPPED,,Africa
3241,583.0,2026-03-18,RETURNED,credit_card,Asia Pacific
3242,39.0,2025-12-14,REFUNDED,cash_on_delivery,Europe
3243,,2022-12-05,REFUNDED,bank_transfer,Europe
3244,466.0,2026-03-07,DELIVERED,gift_card,Asia Pacific
3245,878.0,2026-03-22,CANCELLED,credit_card,Europe
3246,98.0,2024-11-19,REFUNDED,bank_transfer,Europe
3247,645.0,2023-07-08,SHIPPED,paypal,Europe
3248,746.0,2023-10-30,PENDING,paypal,Africa
3249,598.0,2023-09-25,REFUNDED,cash_on_delivery,Middle East
3250,412.0,2022-10-22,PROCESSING,paypal,North America
3251,271.0,2023-11-14,SHIPPED,cash_on_delivery,   South America   
3252,346.0,2026-01-10,paintinginterest,paypal,South America
3253,435.0,2023-07-26,REFUNDED,debit_card,Europe
3254,198.0,2025-04-06,DELIVERED,paypal,North America
3255,558.0,2025-10-07,PROCESSING,credit_card,Africa
3256,549.0,2022-12-30,CANCELLED,gift_card,Asia Pacific
3257,719.0,2025-08-28,PENDING,debit_card,Europe
3258,110.0,2026-03-13,REFUNDED,gift_card,   North America   
3259,440.0,2025-01-24,PENDING,debit_card,South America
3260,75.0,2023-01-04,PROCESSING,credit_card,North America
3261,315.0,2025-02-14,CANCELLED,credit_card,South America
3262,478.0,2024-01-15,CANCELLED,paypal,Europe
3263,712.0,2023-10-08,DELIVERED,bank_transfer,South America
3264,0.0,2022-11-22,CANCELLED,gift_card,Africa
3265,362.0,2025-01-05,REFUNDED,gift_card,North America
3266,636.0,2026-01-05,REFUNDED,cash_on_delivery,Africa
3267,504.0,2024-11-11,RETURNED,debit_card,Middle East
3268,353.0,2024-08-17,RETURNED,gift_card,South America
3269,700.0,2024-06-03,REFUNDED,cash_on_delivery,North America
3270,419.0,2023-07-01,CANCELLED,bank_transfer,SOUTH AMERICA
3271,205.0,2024-01-31,CANCELLED,paypal,South America
3272,454.0,2025-12-28,SHIPPED,cash_on_delivery,South America
3273,397.0,2022-12-07,PROCESSING,debit_card,Middle East
3274,618.0,2025-05-18,SHIPPED,gift_card,Asia Pacific
3275,,2026-02-09,RETURNED,cash_on_delivery,North America
3276,539.0,2023-11-21,PROCESSING,debit_card,Asia Pacific
3277,134.0,2024-10-01,PROCESSING,gift_card,Middle East
3278,761.0,2026/01/10,DELIVERED,paypal,Asia Pacific
3279,411.0,2023-11-18,RETURNED,cash_on_delivery,North America
3280,705.0,2024-06-12,PROCESSING,gift_card,Middle East
3281,857.0,2025-08-25,SHIPPED,paypal,Africa
3282,118.0,2024-11-25,PENDING,debit_card,South America
3283,622.0,2023-12-09,DELIVERED,paypal,Africa
3284,776.0,2023-06-16,REFUNDED,cash_on_delivery,Asia Pacific
3285,435.0,2024-05-14,RETURNED,gift_card,Europe
3286,34.0,2024-04-25,REFUNDED,gift_card,Africa
3287,174.0,2023-09-04,REFUNDED,cash_on_delivery,Africa
3288,9.0,2025-04-06,REFUNDED,gift_card,Asia Pacific
3289,395.0,2024-10-18,PROCESSING,gift_card,Europe
3290,278.0,2024-07-14,REFUNDED,bank_transfer,   Europe   
3291,610.0,2025-06-18,RETURNED,gift_card,Middle East
3292,334.0,2025-11-07,REFUNDED,cash_on_delivery,North America
3293,,2024-12-07,CANCELLED,paypal,South America
3294,424.0,2023-05-17,PROCESSING,credit_card,mIDDLE eAST
3295,14.0,2026-05-09,PENDING,credit_card,NORTH AMERICA
3296,491.0,2022-09-07,DELIVERED,gift_card,Africa
3297,870.0,2025-04-11,RETURNED,credit_card,Asia Pacific
3298,664.0,2025-08-06,PROCESSING,bank_transfer,Europe
3299,61.0,2024-10-19,SHIPPED,BANK_TRANSFER,South America
3300,159.0,2026-04-11,PROCESSING,gift_card,South America
3301,206.0,2023-05-26,REFUNDED,cash_on_delivery,Africa
3302,55.0,2025-01-22,DELIVERED,cash_on_delivery,Africa
3303,153.0,2024-09-23,PROCESSING,cash_on_delivery,Europe
3304,679.0,2023-07-06,PROCESSING,   cash_on_delivery   ,Middle East
3305,737.0,2025-10-05,recentthan,cash_on_delivery,North America
3306,580.0,2026-08-06,RETURNED,paypal,South America
3307,707.0,2024-08-04,PROCESSING,credit_card,Europe
3308,642.0,2023-09-30,PENDING,debit_card,Europe
3309,823.0,2026-08-04,SHIPPED,bank_transfer,Middle East
3310,190.0,2025-04-26,SHIPPED,credit_card,Middle East
3311,293.0,2024-11-14,PENDING,debit_card,Africa
3312,339.0,2026-01-17,SHIPPED,paypal,Africa
3313,435.0,2025-03-21,REFUNDED,cash_on_delivery,North America
3314,157.0,2026-03-26,RETURNED,paypal,Europe
3315,119.0,16-11-2025,RETURNED,cash_on_delivery,Asia Pacific
3316,637.0,2026-06-18,DELIVERED,paypal,Asia Pacific
3317,249.0,2024-06-13,PROCESSING,credit_card,Middle East
3318,691.0,2026/07/31,DELIVERED,CREDIT_CARD,Asia Pacific
3319,271.0,2025-01-05,RETURNED,,sOUTH aMERICA
3320,444.0,2025-09-11,CANCELLED,cash_on_delivery,South America
3321,356.0,2025-04-09,REFUNDED,debit_card,Asia Pacific
3322,394.0,2022-11-11,DELIVERED,paypal,Middle East
3323,230.0,2024-10-29,PROCESSING,credit_card,South America
3324,456.0,2023-06-17,SHIPPED,cash_on_delivery,South America
3325,0.0,2024-02-26,RETURNED,gift_card,eUROPE
3326,343.0,2024-07-28,DELIVERED,gift_card,North America
3327,373.0,2023-03-27,CANCELLED,gift_card,Europe
3328,664.0,2023-08-18,PROCESSING,debit_card,Middle East
3329,6.0,2023-03-31,DELIVERED,credit_card,Asia Pacific
3330,271.0,2025-10-12,REFUNDED,cash_on_delivery,North America
3331,701.0,2025-07-09,CANCELLED,bank_transfer,Europe
3332,530.0,2025-11-11,CANCELLED,cash_on_delivery,Africa
3333,493.0,2023-11-19,PENDING,bank_transfer,Africa
3334,650.0,2026-03-13,RETURNED,paypal,North America
3335,885.0,2024-06-16,DELIVERED,credit_card,   Asia Pacific   
3336,545.0,2024-05-08,REFUNDED,paypal,Middle East
3337,97.0,2023-12-18,REFUNDED,gift_card,Middle East
3338,533.0,2026-04-07,PENDING,gift_card,Europe
3339,336.0,2026-02-19,SHIPPED,cash_on_delivery,South America
3340,327.0,2026-06-25,SHIPPED,bank_transfer,North America
3341,290.0,2022-11-18,PROCESSING,cash_on_delivery,Asia Pacific
3342,35.0,2025-04-20,DELIVERED,debit_card,   North America   
3343,213.0,2023-06-22,REFUNDED,debit_card,aSIA pACIFIC
3344,285.0,2026-03-16,RETURNED,credit_card,Africa
3345,369.0,11-05-2024,REFUNDED,gift_card,North America
3346,487.0,2023-09-28,RETURNED,debit_card,Africa
3347,549.0,2026-02-09,CANCELLED,paypal,North America
3348,482.0,2023-10-29,REFUNDED,debit_card,   Europe   
3349,810.0,2025-05-09,RETURNED,credit_card,
3350,170.0,2023-04-16,RETURNED,debit_card,Middle East
3351,231.0,2023-09-12,REFUNDED,debit_card,Europe
3352,267.0,2025-07-11,CANCELLED,debit_card,Asia Pacific
3353,369.0,2025-02-28,REFUNDED,bank_transfer,South America
3354,129.0,2023-08-11,REFUNDED,bank_transfer,North America
3355,106.0,2023-02-02,intoedge,bank_transfer,North America
3356,627.0,2023-03-30,RETURNED,gift_card,North America
3357,767.0,2023-06-04,SHIPPED,gift_card,South America
3358,588.0,22-09-2022,SHIPPED,credit_card,Asia Pacific
3359,248.0,2023-08-26,DELIVERED,paypal,Africa
3360,,2025-12-30,PENDING,cash_on_delivery,South America
3361,124.0,2026-02-15,PROCESSING,PAYPAL,Africa
3362,,2023-12-05,SHIPPED,,South America
3363,619.0,2024-12-26,majoritymention,debit_card,Africa
3364,99.0,2024-06-17,RETURNED,gift_card,Europe
3365,421.0,2024-05-26,PROCESSING,debit_card,Africa
3366,787.0,2025-05-10,SHIPPED,cash_on_delivery,Middle East
3367,4.0,2026-06-16,DELIVERED,cash_on_delivery,Africa
3368,132.0,2022-10-06,CANCELLED,bank_transfer,North America
3369,764.0,2023-06-19,SHIPPED,debit_card,Middle East
3370,466.0,2023-04-14,SHIPPED,debit_card,Africa
3371,609.0,2023-10-07,SHIPPED,debit_card,South America
3372,334.0,2023-03-09,REFUNDED,debit_card,South America
3373,44.0,09/24/2022,PENDING,gift_card,Europe
3374,258.0,2023-09-15,PROCESSING,paypal,aFRICA
3375,660.0,2025-12-18,RETURNED,   paypal   ,South America
3376,,2026-01-09,CANCELLED,debit_card,Middle East
3377,521.0,2023-10-15,RETURNED,gift_card,Europe
3378,,2025-05-29,PENDING,credit_card,Africa
3379,190.0,2024-12-12,CANCELLED,paypal,Asia Pacific
3380,72.0,05/10/2023,PROCESSING,cash_on_delivery,Europe
3381,359.0,2025-05-06,SHIPPED,debit_card,North America
3382,570.0,2026-03-26,PROCESSING,gift_card,Middle East
3383,765.0,2022-10-14,REFUNDED,debit_card,South America
3384,106.0,2025-09-05,SHIPPED,credit_card,North America
3385,74.0,2024-09-02,REFUNDED,debit_card,Asia Pacific
3386,51.0,2025-12-07,RETURNED,gift_card,Asia Pacific
3387,,2022-09-09,PENDING,paypal,Africa
3388,418.0,2022-11-03,DELIVERED,gift_card,South America
3389,213.0,2026-04-06,PENDING,bank_transfer,South America
3390,693.0,2026-06-02,RETURNED,bank_transfer,Africa
3391,80.0,2022-12-18,CANCELLED,gift_card,South America
3392,449.0,2023-12-10,PROCESSING,cash_on_delivery,Asia Pacific
3393,239.0,2025-03-01,RETURNED,credit_card,Africa
3394,112.0,2023-11-15,DELIVERED,debit_card,Europe
3395,116.0,2026-04-18,PENDING,gift_card,Europe
3396,674.0,2024-05-03,attackwear,gift_card,South America
3397,32.0,2026-06-03,RETURNED,paypal,SOUTH AMERICA
3398,,2024-02-25,SHIPPED,gift_card,Africa
3399,374.0,2025-06-18,PENDING,gift_card,Asia Pacific
3400,664.0,2025-07-22,PENDING,credit_card,Europe
3401,135.0,16-05-2026,SHIPPED,bank_transfer,Africa
3402,126.0,2022-12-28,SHIPPED,credit_card,Africa
3403,632.0,2024-04-17,REFUNDED,debit_card,North America
3404,511.0,06-03-2026,RETURNED,debit_card,Europe
3405,150.0,2025-09-08,REFUNDED,credit_card,Europe
3406,308.0,2026-03-11,CANCELLED,credit_card,Asia Pacific
3407,236.0,2023-03-16,PENDING,debit_card,North America
3408,605.0,2023-08-11,CANCELLED,credit_card,Africa
3409,169.0,2023-01-30,REFUNDED,gift_card,Asia Pacific
3410,659.0,2025-01-12,PENDING,debit_card,Asia Pacific
3411,638.0,2025-09-23,SHIPPED,debit_card,Europe
3412,661.0,2024-09-25,SHIPPED,debit_card,Middle East
3413,562.0,2026-07-29,DELIVERED,credit_card,North America
3414,152.0,2023-02-13,REFUNDED,paypal,Africa
3415,520.0,2024-10-28,DELIVERED,,Africa
3416,86.0,2025-06-06,SHIPPED,gift_card,South America
3417,,2026-02-17,REFUNDED,gift_card,Asia Pacific
3418,155.0,01/27/2025,REFUNDED,cash_on_delivery,Europe
3419,699.0,2025-11-26,RETURNED,cash_on_delivery,Asia Pacific
3420,887.0,2026-07-27,DELIVERED,debit_card,Africa
3421,222.0,2024-11-02,RETURNED,   bank_transfer   ,South America
3422,401.0,2023-09-05,PROCESSING,bank_transfer,Africa
3423,28.0,2022-12-28,modelusually,GIFT_CARD,North America
3424,50.0,2023-08-14,PENDING,gift_card,Middle East
3425,320.0,2025-02-26,SHIPPED,credit_card,Africa
3426,381.0,2023-02-15,PENDING,credit_card,Middle East
3427,781.0,2025-11-23,CANCELLED,gift_card,Africa
3428,625.0,2026-01-14,SHIPPED,credit_card,North America
3429,490.0,2023-12-09,SHIPPED,bank_transfer,eUROPE
3430,204.0,2024-01-03,RETURNED,gift_card,Europe
3431,330.0,2026-02-22,SHIPPED,credit_card,South America
3432,508.0,2025-02-02,DELIVERED,paypal,Asia Pacific
3433,77.0,2025-09-28,DELIVERED,paypal,Africa
3434,808.0,2024-04-06,DELIVERED,bank_transfer,   Africa   
3435,6.0,2026-01-12,PENDING,cash_on_delivery,South America
3436,591.0,2025-10-15,PENDING,bank_transfer,Africa
3437,19.0,2025-10-08,REFUNDED,bank_transfer,Europe
3438,724.0,2023-08-11,CANCELLED,bank_transfer,Asia Pacific
3439,455.0,2026-08-02,PROCESSING,debit_card,North America
3440,0.0,2024/05/27,REFUNDED,cash_on_delivery,Asia Pacific
3441,393.0,2023-07-14,SHIPPED,cash_on_delivery,Asia Pacific
3442,600.0,2023-03-22,REFUNDED,bank_transfer,Europe
3443,570.0,2023-01-22,CANCELLED,bank_transfer,Africa
3444,452.0,2023-05-09,SHIPPED,debit_card,Africa
3445,,2023-07-08,CANCELLED,gift_card,Europe
3446,728.0,2023-10-10,REFUNDED,,Middle East
3447,410.0,2024-06-22,DELIVERED,gift_card,North America
3448,504.0,2024-05-05,REFUNDED,bank_transfer,Middle East
3449,637.0,2023-11-03,DELIVERED,bank_transfer,South America
3450,591.0,2026-04-11,PROCESSING,debit_card,Europe
3451,,2025-02-10,RETURNED,credit_card,Middle East
3452,400.0,2022-11-04,PROCESSING,cash_on_delivery,Middle East
3453,729.0,2024-09-09,SHIPPED,bank_transfer,South America
3454,207.0,2024-11-15,CANCELLED,credit_card,Asia Pacific
3455,713.0,2024-03-14,REFUNDED,bank_transfer,North America
3456,245.0,2025-07-31,PENDING,paypal,North America
3457,772.0,2023-02-01,CANCELLED,credit_card,South America
3458,315.0,2023-12-14,CANCELLED,debit_card,North America
3459,365.0,2024-12-04,SHIPPED,gift_card,Africa
3460,36.0,2024-05-29,DELIVERED,paypal,Africa
3461,62.0,2024-08-16,REFUNDED,gift_card,Asia Pacific
3462,365.0,2025-07-05,DELIVERED,credit_card,Africa
3463,788.0,2023-08-27,CANCELLED,gift_card,Africa
3464,713.0,2023-10-15,PROCESSING,bank_transfer,Africa
3465,31.0,2026-05-07,PROCESSING,credit_card,Europe
3466,159.0,2025-12-18,CANCELLED,paypal,Middle East
3467,130.0,2026-08-04,REFUNDED,bank_transfer,Africa
3468,861.0,2023-03-23,CANCELLED,credit_card,North America
3469,168.0,2024-02-24,DELIVERED,bank_transfer,Africa
3470,398.0,2024-08-17,SHIPPED,debit_card,Europe
3471,523.0,2025-08-25,REFUNDED,cash_on_delivery,Asia Pacific
3472,186.0,2024-03-03,SHIPPED,GIFT_CARD,
3473,206.0,2026-02-05,SHIPPED,cash_on_delivery,Africa
3474,708.0,2023-12-01,PENDING,cash_on_delivery,Asia Pacific
3475,532.0,2022-09-11,REFUNDED,bank_transfer,Europe
3476,26.0,2025-05-08,CANCELLED,debit_card,Middle East
3477,181.0,2026-06-16,DELIVERED,paypal,Middle East
3478,435.0,2025-03-08,REFUNDED,cash_on_delivery,Africa
3479,0.0,2022-10-03,RETURNED,bank_transfer,Europe
3480,360.0,2026-03-09,PROCESSING,bank_transfer,South America
3481,161.0,2025-10-01,CANCELLED,credit_card,South America
3482,65.0,2025-06-03,DELIVERED,PAYPAL,South America
3483,736.0,2026-01-02,CANCELLED,credit_card,Europe
3484,750.0,2022-11-02,RETURNED,bank_transfer,Asia Pacific
3485,645.0,2025-07-17,RETURNED,gift_card,Europe
3486,0.0,2026-07-05,RETURNED,credit_card,Asia Pacific
3487,468.0,2025-12-17,SHIPPED,cash_on_delivery,South America
3488,636.0,2025-06-18,SHIPPED,debit_card,North America
3489,775.0,2023-08-17,DELIVERED,credit_card,Europe
3490,580.0,2023-09-06,CANCELLED,paypal,North America
3491,684.0,2025-02-12,PENDING,cash_on_delivery,North America
3492,202.0,2024-03-29,REFUNDED,debit_card,Europe
3493,712.0,2023-12-03,SHIPPED,gift_card,South America
3494,462.0,2025-04-28,PENDING,paypal,Middle East
3495,775.0,2025-08-02,CANCELLED,bank_transfer,South America
3496,379.0,2024-02-24,REFUNDED,cash_on_delivery,North America
3497,198.0,2026-06-13,SHIPPED,bank_transfer,Middle East
3498,430.0,2026-01-22,RETURNED,gift_card,Europe
3499,678.0,2025-07-09,SHIPPED,bank_transfer,South America
3500,28.0,2023-02-15,REFUNDED,bank_transfer,North America
